{"bin_centers_hours":[-1.375,-1.125,-0.875,-0.625,-0.375,-0.125,0.125,0.375,0.625,0.875,1.125,1.375,1.625,1.875,2.125,2.375,2.625,2.875,3.125,3.375,3.625,3.875,4.125,4.375,4.625,4.875,5.125,5.375,5.625,5.875,6.125,6.375,6.625,6.875,7.125,7.375,7.625,7.875,8.125,8.375,8.625,8.875,9.125,9.375,9.625,9.875,10.125,10.375,10.625,10.875,11.125,11.375,11.625,11.875,12.125,12.375,12.625,12.875,13.125,13.375,13.625,13.875],"mean":[0.001467305802324365,0.002738920759034479,0.005856877154288041,0.011448087079612795,0.019332032699081694,0.02801513389028851,0.03527730162753709,0.03953452764504537,0.04069266087289649,0.03977831717575882,0.037972835668926494,0.03599877775553953,0.03409484577866874,0.0322512505791739,0.03040203136595522,0.02850524081803314,0.02656662732713017,0.02465239275266315,0.022871290735350647,0.02130732154350359,0.019966795326490257,0.018807041916685176,0.017805926422928744,0.016979253195422386,0.016334915642384894,0.015826450576331173,0.015359505940657233,0.014849994249064916,0.014279743618266142,0.013694143108623038,0.013158968773286093,0.012736212231255283,0.01247980292647038,0.012409920953814157,0.012476686083323819,0.012566566344510914,0.012563850410862127,0.012417088369990113,0.012155954863452226,0.011851914012700653,0.011566182686865725,0.011325616627334462,0.011125579188896022,0.010941552502959626,0.010751081198336152,0.010559070296906673,0.01038831983386608,0.01023435905776716,0.010042683441906773,0.009739971497813703,0.009286934552850163,0.008714450135454554,0.008118812562142266,0.007608109142993915,0.0072355254150904755,0.006978935397356146,0.006777514788287247,0.006580824229838364,0.0063747776471409084,0.00618025819432873,0.006031687694917329,0.005953239909617517],"std":[0.013170793265187818,0.016575872575322458,0.024412498398039523,0.037495847733279304,0.05479696678424625,0.07291957212860327,0.08762567493494211,0.0963273583226005,0.09926501085694675,0.09852865272485523,0.0962769459235657,0.09372986855579024,0.0912029647300355,0.08857229413183142,0.08564400941345815,0.08232322429397802,0.07869563663780692,0.07504325448419079,0.07169013113371242,0.06875241084744953,0.06610023704243045,0.06360278975073623,0.06133455255839931,0.059496530965448075,0.058182175381377,0.05722697876145472,0.05627184738989957,0.05503242266186734,0.053546470387042126,0.05212225734667897,0.05106020839055203,0.05049258237017575,0.050442710474145495,0.05087909635631847,0.05163032936500358,0.05232278409404983,0.05253735427479718,0.05209057761567021,0.05114628808629663,0.05004457574363912,0.04906699547402029,0.048362686685211154,0.04797390670201592,0.04781880235176002,0.04772402197187918,0.04759399717555918,0.04749185775583508,0.04746943441848358,0.04737679333525374,0.0469214270647629,0.045920993489816465,0.04451797080625719,0.043153501592702856,0.042261113361917874,0.04192309169086919,0.041833119181985456,0.04159730591075759,0.04104979680148764,0.04031326179674706,0.039632395549994634,0.03917660373689449,0.038969655631221116],"n_station_days":6377,"lower":[-0.011703487462863453,-0.013836951816287978,-0.018555621243751482,-0.02604776065366651,-0.03546493408516455,-0.04490443823831476,-0.05234837330740502,-0.05679283067755513,-0.05857234998405026,-0.05875033554909641,-0.058304110254639205,-0.05773109080025071,-0.05710811895136676,-0.05632104355265752,-0.05524197804750293,-0.05381798347594488,-0.05212900931067675,-0.05039086173152764,-0.048818840398361776,-0.047445089303945934,-0.04613344171594019,-0.044795747834051054,-0.043528626135470566,-0.04251727777002569,-0.04184725973899211,-0.04140052818512355,-0.040912341449242336,-0.04018242841280242,-0.03926672676877598,-0.03842811423805593,-0.037901239617265936,-0.03775637013892047,-0.03796290754767512,-0.038469175402504316,-0.03915364328167976,-0.039756217749538914,-0.039973503863935056,-0.039673489245680094,-0.0389903332228444,-0.03819266173093847,-0.037500812787154565,-0.037037070057876695,-0.0368483275131199,-0.03687724984880039,-0.03697294077354303,-0.03703492687865251,-0.037103537921969,-0.03723507536071642,-0.03733410989334697,-0.0371814555669492,-0.0366340589369663,-0.035803520670802634,-0.03503468903056059,-0.034653004218923956,-0.034687566275778715,-0.03485418378462931,-0.03481979112247034,-0.03446897257164928,-0.03393848414960615,-0.033452137355665906,-0.033144916041977154,-0.0330164157216036],"upper":[0.014638099067512183,0.019314793334356938,0.030269375552327563,0.048943934812892095,0.07412899948332793,0.10093470601889178,0.1229029765624792,0.13586188596764587,0.13995767172984325,0.13830696990061403,0.13424978159249218,0.12972864631132977,0.12529781050870425,0.12082354471100532,0.11604604077941337,0.11082846511201117,0.10526226396493708,0.09969564723685394,0.09456142186906306,0.09005973239095312,0.08606703236892072,0.08240983166742141,0.07914047898132806,0.07647578416087046,0.07451709102376189,0.0730534293377859,0.0716313533305568,0.06988241691093226,0.06782621400530826,0.065816400455302,0.06421917716383813,0.06322879460143103,0.06292251340061587,0.06328901731013263,0.06410701544832739,0.06488935043856074,0.0651012046856593,0.06450766598566032,0.06330224294974886,0.061896489756339775,0.060633178160886016,0.05968830331254561,0.05909948589091194,0.05876035485471964,0.05847510317021533,0.05815306747246585,0.05788017758970116,0.057703793476250737,0.057419476777160514,0.0566613985625766,0.05520792804266663,0.053232420941711746,0.05127231415484512,0.04986922250491179,0.049158617105959666,0.0488120545793416,0.048374820699044835,0.047630621031326,0.04668803944388797,0.04581265374432336,0.04520829143181182,0.044922895540838635]}