{"bin_centers_hours":[-1.375,-1.125,-0.875,-0.625,-0.375,-0.125,0.125,0.375,0.625,0.875,1.125,1.375,1.625,1.875,2.125,2.375,2.625,2.875,3.125,3.375,3.625,3.875,4.125,4.375,4.625,4.875,5.125,5.375,5.625,5.875,6.125,6.375,6.625,6.875,7.125,7.375,7.625,7.875,8.125,8.375,8.625,8.875,9.125,9.375,9.625,9.875,10.125,10.375,10.625,10.875,11.125,11.375,11.625,11.875,12.125,12.375,12.625,12.875,13.125,13.375,13.625,13.875],"mean":[0.16883736734358054,0.13950387116303567,0.09603197891763149,0.05638712491888417,0.02995513915547974,0.016318716793915063,0.010683525099502211,0.008735246770180208,0.008188105820336385,0.008243433067617451,0.00871530535179007,0.009526673412872463,0.010473004874543,0.011178753445570436,0.01133710134044459,0.010992502639691103,0.010470676665407198,0.010037387787327849,0.00976996727412068,0.009720002587995064,0.00996340560406353,0.010430375389405378,0.010864097922624182,0.011032498290482709,0.010871675925894962,0.010401365689547136,0.009647026118879444,0.00870828341614245,0.00781813574645147,0.007241999313671062,0.007083926691359661,0.0072216875647193556,0.007499171549872574,0.007972146410469805,0.00884995470769929,0.010129923978327859,0.011391213425268294,0.012067326580011941,0.011862139880882541,0.01082803649202254,0.009201160785811492,0.0073586861455153104,0.005832702026632459,0.005085352683108131,0.005167566498877214,0.005716990559612144,0.0063473004392175895,0.006906163915779943,0.007317831105701378,0.007429766441914501,0.007206889313304428,0.006916692958556974,0.006929382189565683,0.007369865391668304,0.008008471117345308,0.008426277164504543,0.008352378561502435,0.007986549184158878,0.007890940070182251,0.008403875507810191,0.009263037129264469,0.009891845682244979],"std":[0.25147765864859484,0.21867614146171596,0.16756855276766602,0.11702246986960793,0.07958725286425612,0.05788986147264381,0.04783732296318096,0.04401389546031186,0.04306380172648505,0.04398106262228899,0.04705124674790796,0.052536187342537094,0.0591223400794116,0.06362218423312865,0.0632634564835236,0.05829366110324118,0.051537661956359816,0.04569737213884456,0.042068325757174424,0.04125657684709505,0.043396593357402286,0.04741480620874989,0.051313073158895384,0.05366124348821652,0.054189102838152425,0.052956059290664916,0.04985202000110441,0.04518899871758452,0.040232265033041024,0.036654454843346444,0.03532465230530542,0.035810579276202736,0.03737903462594456,0.0403359913262776,0.045761971541678076,0.053713915802624516,0.06224512548408252,0.06852077738086952,0.0703857443881888,0.06685550501018116,0.05843565240938974,0.04783824812976054,0.03941110738762311,0.03644215768323217,0.038737821786750073,0.043414306310505926,0.048026878991284945,0.051958476960992074,0.05480761025805636,0.0553892034045762,0.05342235500347129,0.050753626570865004,0.049662788803228775,0.050617524668447475,0.052197656213695744,0.05250903003271306,0.050736235956107364,0.04828540195599677,0.047983356290087334,0.051137042770088736,0.05592848099931353,0.05927235395521155],"n_station_days":142,"lower":[-0.0826402913050143,-0.07917227029868029,-0.07153657385003453,-0.060635344950723764,-0.04963211370877638,-0.041571144678728744,-0.03715379786367875,-0.035278648690131656,-0.03487569590614867,-0.03573762955467154,-0.038335941396117894,-0.04300951392966463,-0.048649335204868596,-0.05244343078755822,-0.051926355143079014,-0.04730115846355008,-0.041066985290952616,-0.03565998435151671,-0.03229835848305374,-0.03153657425909999,-0.033433187753338756,-0.03698443081934451,-0.0404489752362712,-0.04262874519773381,-0.04331742691225746,-0.04255469360111778,-0.04020499388222497,-0.03648071530144207,-0.03241412928658956,-0.029412455529675384,-0.028240725613945757,-0.02858889171148338,-0.029879863076071985,-0.03236384491580779,-0.03691201683397879,-0.04358399182429666,-0.05085391205881423,-0.05645345080085758,-0.05852360450730626,-0.05602746851815862,-0.04923449162357825,-0.04047956198424523,-0.033578405360990646,-0.031356805000124034,-0.03357025528787286,-0.03769731575089378,-0.04167957855206736,-0.04505231304521213,-0.047489779152354986,-0.047959436962661695,-0.046215465690166865,-0.04383693361230803,-0.042733406613663094,-0.04324765927677917,-0.04418918509635043,-0.044082752868208515,-0.04238385739460493,-0.040298852771837895,-0.040092416219905086,-0.04273316726227855,-0.04666544387004906,-0.04938050827296657],"upper":[0.4203150259921754,0.35818001262475163,0.2636005316852975,0.1734095947884921,0.10954239201973587,0.07420857826655887,0.05852084806268317,0.05274914223049207,0.051251907546821435,0.05222449568990645,0.05576655209969803,0.06206286075540956,0.0695953449539546,0.0748009376786991,0.0746005578239682,0.06928616374293228,0.062008338621767016,0.05573475992617241,0.051838293031295106,0.05097657943509011,0.053359998961465815,0.05784518159815527,0.062177171081519565,0.06469374177869923,0.0650607787640474,0.06335742498021205,0.059499046119983856,0.05389728213372697,0.04805040077949249,0.043896454157017505,0.04240857899666508,0.043032266840922095,0.044878206175817136,0.0483081377367474,0.054611926249377364,0.06384383978095237,0.07363633890935081,0.08058810396088147,0.08224788426907134,0.07768354150220369,0.06763681319520123,0.055196934275275854,0.04524380941425557,0.0415275103663403,0.04390538828562729,0.04913129687011807,0.05437417943050253,0.05886464087677202,0.062125441363757736,0.0628189698464907,0.060629244316775716,0.057670319529421976,0.056592170992794455,0.05798739006011578,0.060206127331041054,0.060935307197217604,0.0590886145176098,0.05627195114015565,0.05587429636026958,0.059540918277898924,0.065191518128578,0.06916419963745653]}