{"bin_centers_hours":[-1.375,-1.125,-0.875,-0.625,-0.375,-0.125,0.125,0.375,0.625,0.875,1.125,1.375,1.625,1.875,2.125,2.375,2.625,2.875,3.125,3.375,3.625,3.875,4.125,4.375,4.625,4.875,5.125,5.375,5.625,5.875,6.125,6.375,6.625,6.875,7.125,7.375,7.625,7.875,8.125,8.375,8.625,8.875,9.125,9.375,9.625,9.875,10.125,10.375,10.625,10.875,11.125,11.375,11.625,11.875,12.125,12.375,12.625,12.875,13.125,13.375,13.625,13.875],"mean":[0.0007409809588593647,0.001499944286785986,0.0032880199203980617,0.006379341102395125,0.0106598784735777,0.015429324003187929,0.019666156530756155,0.022598138531156532,0.02407724882085895,0.02447071285855293,0.02427728289949616,0.02384681986956896,0.02334341820147218,0.022837021885367712,0.02237594084301194,0.02199754818250024,0.021716419643910453,0.021524639678932356,0.02139824959586754,0.021300246644894074,0.02118647161198815,0.021019505231184156,0.020788175250762944,0.020517321340610115,0.02024829882964842,0.019998668246662202,0.019744301338198007,0.01944804469266346,0.019101997086928554,0.018734894996282305,0.01838528115269736,0.018075866379421685,0.017806791402751182,0.017562018442519322,0.017323319148878295,0.01708249929546169,0.016839935095298488,0.016596189984431034,0.01635331377746455,0.01612147272075653,0.015913539899690778,0.01572766566812505,0.015539030532759058,0.015317016600902024,0.01505437573609892,0.014774585490903889,0.014505615714221338,0.014250753428723641,0.013987523890053486,0.013683771585914987,0.013307849209423945,0.01283518824045502,0.012261461578482086,0.011614298950100447,0.010948186698505011,0.010321657060803683,0.009773194287185089,0.009315317802456136,0.008947849686859468,0.008671614648760559,0.008488901769663548,0.008398902563749222],"std":[0.009273431985784068,0.012305485006183692,0.01893890165884949,0.029411238962124907,0.042618707658594046,0.05603698446919187,0.0668933758000353,0.07366195414488512,0.07658153735183734,0.07693299354981468,0.07597840594426379,0.07446095670640589,0.07273755509294819,0.0710545984143063,0.06960651642555649,0.06842806489878506,0.06738006872848758,0.06630831278253711,0.06518830252204218,0.06409975133191087,0.06310590694197826,0.06219738940867406,0.061347711261775614,0.06059224931846626,0.06001418877966364,0.05962375900792569,0.059273746290486345,0.05874624092952473,0.05793782607695462,0.056931285537938484,0.05590071697191963,0.054988748516721836,0.05426353389626037,0.053734459036425486,0.05338277152668127,0.05317843084978393,0.053068439917978744,0.05297481798007876,0.05284560531010835,0.05270771496473598,0.05262605507302375,0.05259554454625481,0.052497117977139796,0.05218736085689694,0.05164656716117099,0.051028028606637105,0.05052444331199662,0.05018115424834797,0.04986166572555235,0.049372748555514635,0.04858828368139332,0.04748070931675096,0.04610224810718568,0.04457072157968597,0.043054039371158884,0.04173016312416634,0.04073885711975002,0.040168195804623795,0.0400569602898232,0.0403522126537646,0.0408459273056342,0.04121759371345434],"n_station_days":26574,"lower":[-0.008532451026924704,-0.010805540719397707,-0.015650881738451427,-0.023031897859729783,-0.031958829185016344,-0.04060766046600394,-0.047227219269279155,-0.05106381561372859,-0.052504288530978396,-0.052462280691261756,-0.051701123044767636,-0.05061413683683692,-0.04939413689147601,-0.048217576528938585,-0.04723057558254455,-0.046430516716284814,-0.045663649084577124,-0.04478367310360476,-0.04379005292617463,-0.04279950468701679,-0.04191943532999011,-0.0411778841774899,-0.04055953601101267,-0.040074927977856147,-0.03976588995001522,-0.03962509076126349,-0.03952944495228834,-0.039298196236861274,-0.038835828990026064,-0.038196390541656175,-0.03751543581922227,-0.03691288213730015,-0.036456742493509185,-0.03617244059390616,-0.036059452377802975,-0.03609593155432224,-0.03622850482268025,-0.03637862799564773,-0.0364922915326438,-0.03658624224397945,-0.036712515173332974,-0.03686787887812976,-0.03695808744438074,-0.03687034425599491,-0.03659219142507207,-0.03625344311573322,-0.03601882759777528,-0.03593040081962433,-0.03587414183549886,-0.03568897696959965,-0.03528043447196937,-0.03464552107629594,-0.03384078652870359,-0.03295642262958552,-0.032105852672653874,-0.03140850606336265,-0.03096566283256493,-0.03085287800216766,-0.031109110602963737,-0.03168059800500404,-0.032357025535970654,-0.03281869114970512],"upper":[0.010014412944643431,0.013805429292969677,0.022226921579247553,0.03579058006452003,0.05327858613217175,0.0714663084723798,0.08655953233079146,0.09626009267604166,0.10065878617269629,0.10140370640836761,0.10025568884375995,0.09830777657597485,0.09608097329442036,0.093891620299674,0.09198245726856842,0.0904256130812853,0.08909648837239803,0.08783295246146947,0.08658655211790972,0.08539999797680495,0.08429237855396642,0.08321689463985821,0.08213588651253856,0.08110957065907637,0.08026248760931207,0.0796224272545879,0.07901804762868435,0.07819428562218819,0.07703982316388318,0.07566618053422079,0.07428599812461699,0.07306461489614352,0.07207032529901156,0.07129647747894481,0.07070609067555957,0.07026093014524562,0.06990837501327724,0.0695710079645098,0.0691989190875729,0.06882918768549251,0.06853959497271453,0.06832321021437987,0.06803614850989885,0.06750437745779896,0.06670094289726991,0.065802614097541,0.06503005902621796,0.06443190767707162,0.06384918961560583,0.06305652014142962,0.06189613289081727,0.06031589755720598,0.05836370968566777,0.05618502052978641,0.05400222606966389,0.052051820184970024,0.050512051406935106,0.049483513607079935,0.04900480997668267,0.049023827302525164,0.04933482907529775,0.04961649627720356]}