{"bin_centers_hours":[-1.375,-1.125,-0.875,-0.625,-0.375,-0.125,0.125,0.375,0.625,0.875,1.125,1.375,1.625,1.875,2.125,2.375,2.625,2.875,3.125,3.375,3.625,3.875,4.125,4.375,4.625,4.875,5.125,5.375,5.625,5.875,6.125,6.375,6.625,6.875,7.125,7.375,7.625,7.875,8.125,8.375,8.625,8.875,9.125,9.375,9.625,9.875,10.125,10.375,10.625,10.875,11.125,11.375,11.625,11.875,12.125,12.375,12.625,12.875,13.125,13.375,13.625,13.875],"mean":[0.0009234903048626382,0.001490110688124555,0.002555115202041267,0.004008668364674909,0.005761191458665774,0.007773949760145929,0.010001191976523006,0.012314925796865573,0.014520940696231284,0.016466153782885115,0.018131566442632422,0.01959652380047183,0.020890024306367935,0.021892887273762558,0.02240659938325737,0.022297986580289215,0.021573291427911114,0.020369836459219873,0.018931306965324652,0.017580755755393675,0.016633273062464524,0.01623597773993865,0.016272947180178004,0.01644959163758833,0.016475967301597064,0.01622875662249094,0.015839078594598297,0.015645032412770644,0.01597677691179302,0.016902872744709897,0.018152494907386015,0.019292573182442055,0.020002096363117068,0.020215522805693414,0.02007288800502424,0.01978119005160969,0.019512731930138503,0.019392114685696876,0.019490967231404203,0.01975050602018568,0.019938484736563275,0.019785423784069188,0.01918881919324253,0.01825382714047364,0.0171774584089224,0.01616985835822141,0.01544655652831824,0.015166429446002643,0.015313893372563375,0.015669330770920795,0.0159307388757263,0.015898522260716176,0.015598072452732956,0.015250478112418203,0.015090169820573264,0.015180654462537586,0.015413202047841018,0.01567796697808905,0.01597788114621155,0.016348410351785938,0.01673151123481473,0.016982434700777885],"std":[0.007140758110854606,0.010796281365914746,0.01692052498835231,0.023668924403328677,0.029616484959274863,0.03461535244147672,0.03954354367730512,0.04520476937253882,0.05151131766948972,0.057659343523207084,0.06294002258953488,0.06714749797833607,0.07022641684599695,0.07194148877314774,0.07214288789381937,0.07104632366652457,0.06900079705871358,0.06622535378611291,0.06297223200945389,0.05983424545013483,0.05770487963280854,0.05724225392267328,0.05828062858102199,0.05979306293011253,0.0604491900107049,0.05944110819784507,0.05718477145866415,0.05532057836337207,0.05565803245543079,0.05871467393842418,0.06320296970284671,0.06707048452282023,0.06901995071905079,0.06903507776858861,0.06788860012712751,0.0665518221754219,0.06584825653920881,0.0661864956274589,0.06736235889109794,0.06862648779501887,0.06911474028693974,0.06840151190614767,0.06662788131785653,0.06409864459937961,0.06103655980568837,0.05789250722045673,0.05555771904724599,0.05491456667838292,0.05616570050169954,0.058614810636313824,0.060995397823375645,0.06213123248822247,0.06171027317295067,0.06071660411012979,0.06084843948725223,0.06306085703366907,0.0666832505725143,0.07024794533220126,0.07293440224262121,0.07481160036570789,0.07609486493008036,0.07677291169186061],"n_station_days":384,"lower":[-0.006217267805991968,-0.009306170677790191,-0.014365409786311041,-0.01966025603865377,-0.02385529350060909,-0.02684140268133079,-0.029542351700782114,-0.03288984357567325,-0.03699037697325844,-0.04119318974032197,-0.04480845614690246,-0.04755097417786423,-0.049336392539629015,-0.050048601499385184,-0.049736288510562,-0.048748337086235355,-0.04742750563080246,-0.04585551732689304,-0.04404092504412924,-0.04225348969474116,-0.04107160657034402,-0.04100627618273463,-0.04200768140084399,-0.0433434712925242,-0.043973222709107834,-0.043212351575354135,-0.04134569286406585,-0.039675545950601424,-0.03968125554363777,-0.04181180119371428,-0.04505047479546069,-0.047777911340378176,-0.04901785435593372,-0.048819554962895195,-0.04781571212210327,-0.0467706321238122,-0.04633552460907031,-0.046794380941762026,-0.04787139165969374,-0.04887598177483319,-0.04917625555037647,-0.04861608812207848,-0.047439062124614004,-0.04584481745890597,-0.043859101396765965,-0.041722648862235326,-0.040111162518927754,-0.03974813723238027,-0.040851807129136164,-0.04294547986539303,-0.04506465894764934,-0.046232710227506295,-0.04611220072021771,-0.04546612599771158,-0.045758269666678966,-0.04788020257113148,-0.05127004852467328,-0.05456997835411221,-0.05695652109640966,-0.058463190013921945,-0.05936335369526563,-0.059790476991082725],"upper":[0.008064248415717245,0.012286392054039301,0.019475640190393575,0.027677592768003585,0.03537767641794064,0.042389302201622646,0.04954473565382813,0.05751969516940439,0.066032258365721,0.07412549730609219,0.0810715890321673,0.0867440217788079,0.09111644115236489,0.09383437604691029,0.09454948727707674,0.09334431024681378,0.0905740884866247,0.08659519024533278,0.08190353897477853,0.07741500120552851,0.07433815269527307,0.07347823166261193,0.07455357576119999,0.07624265456770085,0.07692515731230197,0.07566986482033601,0.07302385005326245,0.07096561077614272,0.07163480936722381,0.07561754668313408,0.08135546461023273,0.08636305770526229,0.08902204708216785,0.08925060057428202,0.08796148813215175,0.08633301222703159,0.08536098846934731,0.08557861031315578,0.08685332612250214,0.08837699381520456,0.08905322502350302,0.08818693569021685,0.08581670051109906,0.08235247173985324,0.07821401821461077,0.07406236557867814,0.07100427557556423,0.07008099612438556,0.07147959387426292,0.07428414140723462,0.07692613669910195,0.07802975474893864,0.07730834562568363,0.07596708222254799,0.07593860930782549,0.07824151149620664,0.08209645262035532,0.08592591231029031,0.08891228338883275,0.09116001071749383,0.09282637616489509,0.0937553463926385]}