{"bin_centers_hours":[-1.375,-1.125,-0.875,-0.625,-0.375,-0.125,0.125,0.375,0.625,0.875,1.125,1.375,1.625,1.875,2.125,2.375,2.625,2.875,3.125,3.375,3.625,3.875,4.125,4.375,4.625,4.875,5.125,5.375,5.625,5.875,6.125,6.375,6.625,6.875,7.125,7.375,7.625,7.875,8.125,8.375,8.625,8.875,9.125,9.375,9.625,9.875,10.125,10.375,10.625,10.875,11.125,11.375,11.625,11.875,12.125,12.375,12.625,12.875,13.125,13.375,13.625,13.875],"mean":[0.009633977615447238,0.01235864811594491,0.017615967684384254,0.024388758075552193,0.030633184644705238,0.034196587331357636,0.03413774281472534,0.031160303970477837,0.026863193560401923,0.022668322654219388,0.019277975100579946,0.01676982280078058,0.01494714372849667,0.013587819058737204,0.012520510167876768,0.01163906772166272,0.010900572514020991,0.010271816899764388,0.009671598134101969,0.00900641313836074,0.00827101633324942,0.007574543090677866,0.007046489973847521,0.006734899047528416,0.006600128071621024,0.006572259020435214,0.006588136578757346,0.006594184956763418,0.00655417129927284,0.006468443954628939,0.006379724859655597,0.006349622315046561,0.006421286513424664,0.0066142533958276776,0.006981777582164165,0.007688787752675753,0.009010340754018497,0.011179589823797869,0.01415272461451903,0.017505794123125556,0.02062884413760802,0.02309093372355013,0.024849813037078432,0.0261346017322507,0.027154320489696362,0.027911616196428523,0.028241885993525485,0.027966407843465185,0.02700413439386317,0.02542258690628365,0.023463040624401965,0.021492606926058703,0.01983942951958488,0.01861909530272384,0.01772476274277095,0.01698677938626911,0.016321706535192687,0.01572599058130859,0.01518388883202664,0.014657228901706358,0.014174801728656414,0.01386792467291534],"std":[0.053889160566135706,0.05761551051042764,0.0653933759602203,0.07603686986692546,0.0861345710866399,0.0919193457107582,0.09175200107014084,0.0867615345478798,0.07952506800446929,0.0723536605133297,0.06640899705745179,0.06182678749933087,0.05834018481373287,0.05574040328475313,0.053938462738976435,0.05283845540404276,0.052159501066672505,0.05131505439761823,0.049637688412434065,0.046933381619543815,0.043789470042599477,0.04118729545000555,0.03973824762977593,0.03930848493166325,0.03937196670583142,0.03959058677132726,0.039902695523419976,0.04019374201454687,0.04023272839643611,0.039986404302250554,0.039740273465842746,0.03975521772825178,0.03991877210614803,0.03991139194025217,0.039764233344113116,0.040196631955114026,0.04234409846839619,0.04703639391697818,0.054122415586640764,0.0623662908676734,0.070088090471094,0.07608015214023285,0.08008726289084013,0.08259843578685142,0.08424516046425608,0.08528861827019253,0.08557015871106578,0.08483855163329575,0.0830084713782693,0.08019491345804836,0.07676941482252461,0.07342751235817042,0.0709240975976735,0.06953169264028713,0.06883623916928636,0.06819116917164632,0.06732300942303893,0.06636237134786596,0.0653811503028511,0.0642306713431937,0.06294801296698274,0.062029536779299836],"n_station_days":1754,"lower":[-0.04425518295068847,-0.04525686239448273,-0.04777740827583604,-0.05164811179137326,-0.055501386441934655,-0.057722758379400566,-0.057614258255415496,-0.05560123057740196,-0.052661874444067364,-0.04968533785911031,-0.04713102195687184,-0.04505696469855029,-0.0433930410852362,-0.04215258422601593,-0.04141795257109967,-0.04119938768238004,-0.041258928552651515,-0.04104323749785384,-0.039966090278332096,-0.03792696848118307,-0.035518453709350056,-0.03361275235932769,-0.03269175765592841,-0.03257358588413484,-0.0327718386342104,-0.03301832775089205,-0.03331455894466263,-0.03359955705778345,-0.03367855709716327,-0.03351796034762161,-0.033360548606187146,-0.033405595413205216,-0.03349748559272337,-0.033297138544424495,-0.03278245576194895,-0.032507844202438275,-0.03333375771437769,-0.03585680409318031,-0.03996969097212173,-0.04486049674454785,-0.04945924633348599,-0.05298921841668272,-0.055237449853761694,-0.05646383405460072,-0.057090839974559715,-0.057377002073764005,-0.0573282727175403,-0.05687214378983056,-0.056004336984406135,-0.054772326551764706,-0.05330637419812265,-0.051934905432111725,-0.05108466807808862,-0.050912597337563294,-0.05111147642651541,-0.05120438978537721,-0.05100130288784624,-0.05063638076655737,-0.05019726147082446,-0.04957344244148734,-0.04877321123832633,-0.0481616121063845],"upper":[0.06352313818158295,0.06997415862637255,0.08300934364460455,0.10042562794247764,0.11676775573134514,0.12611593304211582,0.12588974388486618,0.11792183851835764,0.10638826156487122,0.09502198316754909,0.08568697215803174,0.07859661030011145,0.07328732854222954,0.06932822234349034,0.06645897290685321,0.06447752312570548,0.0630600735806935,0.06158687129738262,0.059309286546536034,0.05593979475790456,0.0520604863758489,0.048761838540683416,0.04678473760362345,0.046043383979191665,0.04597209477745245,0.046162845791762476,0.046490832102177325,0.04678792697131029,0.04678689969570895,0.0464548482568795,0.046119998325498346,0.046104840043298345,0.046340058619572695,0.04652564533607985,0.04674601092627728,0.04788541970778978,0.051354439222414686,0.058215983740776044,0.0682751402011598,0.07987208499079895,0.09071693460870202,0.09917108586378298,0.10493707592791857,0.10873303751910211,0.11139948095395244,0.11320023446662106,0.11381204470459128,0.11280495947676093,0.11001260577213248,0.10561750036433201,0.10023245544692658,0.09492011928422912,0.09076352711725838,0.08815078794301098,0.0865610019120573,0.08517794855791543,0.08364471595823161,0.08208836192917456,0.08056503913487774,0.07888790024490006,0.07712281469563916,0.07589746145221518]}