{"bin_centers_hours":[-1.375,-1.125,-0.875,-0.625,-0.375,-0.125,0.125,0.375,0.625,0.875,1.125,1.375,1.625,1.875,2.125,2.375,2.625,2.875,3.125,3.375,3.625,3.875,4.125,4.375,4.625,4.875,5.125,5.375,5.625,5.875,6.125,6.375,6.625,6.875,7.125,7.375,7.625,7.875,8.125,8.375,8.625,8.875,9.125,9.375,9.625,9.875,10.125,10.375,10.625,10.875,11.125,11.375,11.625,11.875,12.125,12.375,12.625,12.875,13.125,13.375,13.625,13.875],"mean":[0.00036176850871981475,0.0008476868508547085,0.0020773256072972464,0.004393785287694604,0.007916148262370235,0.012300429820979453,0.016845393540864822,0.020915329543655253,0.024278795324522536,0.027061991329786386,0.029460956837654047,0.03153729644538399,0.03321210970380703,0.034357612499145956,0.034884637871542584,0.0348137368772278,0.034309434672489474,0.03360349017573064,0.03283212952093311,0.03196605933894259,0.030913086600192007,0.029641982616769917,0.028194845218550337,0.026643666755074853,0.02507391827136522,0.023580476967554876,0.0222449398691717,0.02111648420320533,0.020218286521208145,0.01956055661084488,0.019136645071133104,0.018909243292557547,0.018798170851127696,0.01867406117166382,0.018379093090702316,0.017787852741143067,0.016863367379099235,0.015664328751583953,0.014319861047243124,0.012986621057749554,0.011787488861244155,0.010771026730051324,0.009926492522864896,0.009223933617726433,0.008634680952560161,0.008128018458318884,0.007662750849671049,0.007194446815215403,0.006701280641262069,0.006197740077889745,0.005711661494856021,0.005255409758933,0.004828630113458959,0.004433926564776816,0.004078737449104763,0.003772642789972167,0.003525428549946899,0.003336728977589964,0.0031900805865022197,0.0030680418176123546,0.002971287155993712,0.0029159591069064846],"std":[0.00425913950279497,0.007393048272180631,0.014474479229330185,0.026190185210948437,0.04190714559448924,0.05933422616052678,0.07557182406178545,0.08870095988259538,0.09846318665210016,0.10564908714975375,0.11111953562228216,0.11534598153773608,0.11846557995057615,0.12043988613194051,0.12117632040190354,0.12072322582104136,0.11945488153833654,0.11793402782032587,0.1164887064089531,0.11500958864156566,0.11320212430638973,0.11090974576017737,0.10815515851955777,0.10502831253780587,0.10165728872048384,0.09824480419322833,0.09504267164916191,0.09226735007341257,0.09004193165579842,0.0883947760835029,0.08729266271901183,0.08667732601149598,0.08645051051792359,0.08638661479208859,0.08607847029725665,0.08505995161384006,0.08305284059438298,0.08013183093150994,0.07668147691347224,0.0731682067297421,0.06990565761878471,0.06701945560571496,0.06455254511426504,0.062487366485044334,0.06069427978698473,0.05896743023835226,0.05713651301215171,0.05514756392654273,0.053082718610586506,0.05108007553913622,0.049171970017037235,0.04725195868865326,0.045254220678651876,0.04327483610982173,0.04148285825342339,0.040027047880273905,0.039025949528442606,0.038499662614839045,0.03829302113298329,0.03817566312386106,0.03803757544896986,0.03792816406528172],"n_station_days":10197,"lower":[-0.0038973709940751554,-0.0065453614213259225,-0.012397153622032938,-0.021796399923253832,-0.03399099733211901,-0.04703379633954733,-0.05872643052092062,-0.06778563033894013,-0.07418439132757762,-0.07858709581996737,-0.08165857878462812,-0.08380868509235209,-0.08525347024676912,-0.08608227363279455,-0.08629168253036096,-0.08590948894381356,-0.08514544686584707,-0.08433053764459524,-0.08365657688802,-0.08304352930262307,-0.08228903770619772,-0.08126776314340745,-0.07996031330100743,-0.07838464578273102,-0.07658337044911862,-0.07466432722567345,-0.07279773177999022,-0.07115086587020723,-0.06982364513459027,-0.06883421947265801,-0.06815601764787872,-0.06776808271893844,-0.06765233966679589,-0.06771255362042478,-0.06769937720655433,-0.06727209887269699,-0.06618947321528373,-0.06446750217992599,-0.06236161586622912,-0.06018158567199255,-0.058118168757540556,-0.05624842887566363,-0.054626052591400145,-0.0532634328673179,-0.05205959883442457,-0.05083941178003338,-0.04947376216248066,-0.047953117111327326,-0.04638143796932444,-0.044882335461246474,-0.04346030852218121,-0.04199654892972026,-0.04042559056519292,-0.03884090954504492,-0.037404120804318625,-0.03625440509030174,-0.03550052097849571,-0.03516293363724908,-0.03510294054648107,-0.035107621306248706,-0.035066288292976144,-0.03501220495837523],"upper":[0.004620908011514785,0.00824073512303534,0.01655180483662743,0.030583970498643042,0.04982329385685948,0.07163465598150623,0.09241721760265027,0.10961628942625064,0.1227419819766227,0.13271107847954014,0.1405804924599362,0.14688327798312006,0.15167768965438316,0.15479749863108647,0.15606095827344613,0.15553696269826917,0.153764316210826,0.15153751799605653,0.1493208359298862,0.14697564798050824,0.14411521090658175,0.1405517283769473,0.1363500037381081,0.13167197929288071,0.12673120699184906,0.1218252811607832,0.11728761151833361,0.1133838342766179,0.11026021817700657,0.10795533269434777,0.10642930779014494,0.10558656930405352,0.10524868136905129,0.1050606759637524,0.10445756338795897,0.10284780435498313,0.09991620797348222,0.09579615968309389,0.09100133796071537,0.08615482778749166,0.08169314648002887,0.07779048233576628,0.07447903763712994,0.07171130010277077,0.06932896073954489,0.06709544869667114,0.06479926386182276,0.06234201074175813,0.059783999251848574,0.05727781561702596,0.05488363151189326,0.052507368447586265,0.05008285079211083,0.047708762674598545,0.04556159570252816,0.04379969067024607,0.042551378078389504,0.04183639159242901,0.04148310171948551,0.04124370494147341,0.04100886260496357,0.040844123172188204]}