{"bin_centers_hours":[-1.375,-1.125,-0.875,-0.625,-0.375,-0.125,0.125,0.375,0.625,0.875,1.125,1.375,1.625,1.875,2.125,2.375,2.625,2.875,3.125,3.375,3.625,3.875,4.125,4.375,4.625,4.875,5.125,5.375,5.625,5.875,6.125,6.375,6.625,6.875,7.125,7.375,7.625,7.875,8.125,8.375,8.625,8.875,9.125,9.375,9.625,9.875,10.125,10.375,10.625,10.875,11.125,11.375,11.625,11.875,12.125,12.375,12.625,12.875,13.125,13.375,13.625,13.875],"mean":[0.03735215683190962,0.03601694689231857,0.033269370471438076,0.029415877830421884,0.025437958378107348,0.022573125891980635,0.021491153980688706,0.021919514792022678,0.023039973615298758,0.02411799449384173,0.02478403407932358,0.024944860518114093,0.024625695507437508,0.023918264011740614,0.022977417990803283,0.021975463964100248,0.021040491193022804,0.020236873831981344,0.0195879651699836,0.019111841669775368,0.018817042229993582,0.018637007149556194,0.01839684067266965,0.017929335623803125,0.017291090699090347,0.0168169891194505,0.016873381398530615,0.017516434080011436,0.018387844740398455,0.01893787260459544,0.018781848994745935,0.017917706325183684,0.016675913990852043,0.015479186977075739,0.014590776908463804,0.01399681053379001,0.013484581907367043,0.012852259380434428,0.012065703467598046,0.011227429300395154,0.010439171093909521,0.009730286984275693,0.00908100858272594,0.00844341851632356,0.007766387406996619,0.007083315037732918,0.006560918081521242,0.006361620493897663,0.006433638118955002,0.00652073779496204,0.006436548894925219,0.006265227684262259,0.006223751601662157,0.006386766677407457,0.0066443500487009186,0.006894411105844061,0.007190496478969605,0.0077210728945824566,0.008689338991302668,0.010127975984165498,0.011708195259314847,0.012778325049246947],"std":[0.10448167238802612,0.10078736341169357,0.09323889022974566,0.08240666561361304,0.07042840639033242,0.060418425558614375,0.05453772456597155,0.0527562481205935,0.053630653555587826,0.05577714755121081,0.05825148938716602,0.060045715618861156,0.060076237199484496,0.05793998945258117,0.05436767633569655,0.05068869226640655,0.04791021332236014,0.04629642810052243,0.04563488770467259,0.04576248992580098,0.046692126400708446,0.048170672010114164,0.0493187055800472,0.04911321944084267,0.047523625973669235,0.045955728602840994,0.04620626614549139,0.048855648204682724,0.05264670749892342,0.05531226444782921,0.05519244682996754,0.05247419164706104,0.04904299806389295,0.046965261823741306,0.04688642892451838,0.04770403332552906,0.04774652442930946,0.046325939927717004,0.04410470405022406,0.04202790348231507,0.04030109966550123,0.03855772346901688,0.036520244069512944,0.03409179487293954,0.03124199485601816,0.02835564312526007,0.026414331112865064,0.026192020503582526,0.027226543728587068,0.028055024418925666,0.027734215417471376,0.02684962231960591,0.026766311389978342,0.028113998403328778,0.03034179063316776,0.03255545292562385,0.034498521662366596,0.036926166325541486,0.041232543718167175,0.04820454275692925,0.0564338542777407,0.062238561045966076],"n_station_days":225,"lower":[-0.0671295155561165,-0.06477041651937501,-0.05996951975830758,-0.052990787783191155,-0.04499044801222507,-0.03784529966663374,-0.03304657058528285,-0.03083673332857082,-0.030590679940289068,-0.03165915305736908,-0.03346745530784244,-0.035100855100747064,-0.03545054169204699,-0.03402172544084056,-0.03139025834489327,-0.028713228302306302,-0.026869722129337335,-0.026059554268541087,-0.02604692253468899,-0.026650648256025613,-0.027875084170714864,-0.02953366486055797,-0.030921864907377552,-0.031183883817039543,-0.03023253527457889,-0.029138739483390495,-0.029332884746960778,-0.03133921412467129,-0.034258862758524966,-0.036374391843233767,-0.0364105978352216,-0.034556485321877356,-0.03236708407304091,-0.03148607484666557,-0.032295652016054575,-0.03370722279173905,-0.034261942521942416,-0.03347368054728257,-0.032039000582626015,-0.030800474181919914,-0.029861928571591707,-0.02882743648474119,-0.027439235486787006,-0.02564837635661598,-0.02347560744902154,-0.021272328087527152,-0.019853413031343824,-0.019830400009684862,-0.020792905609632067,-0.021534286623963627,-0.02129766652254616,-0.02058439463534365,-0.020542559788316185,-0.021727231725921323,-0.023697440584466843,-0.025661041819779785,-0.02730802518339699,-0.02920509343095903,-0.032543204726864505,-0.038076566772763755,-0.04472565901842585,-0.04946023599671913],"upper":[0.14183382921993576,0.13680431030401213,0.12650826070118373,0.11182254344403492,0.09586636476843977,0.082991551450595,0.07602887854666025,0.07467576291261618,0.07667062717088659,0.07989514204505255,0.0830355234664896,0.08499057613697525,0.084701932706922,0.08185825346432178,0.07734509432649983,0.0726641562305068,0.06895070451538295,0.06653330193250377,0.06522285287465619,0.06487433159557635,0.06550916863070202,0.06680767915967036,0.06771554625271685,0.06704255506464579,0.06481471667275958,0.0627727177222915,0.06307964754402201,0.06637208228469416,0.07103455223932187,0.07425013705242466,0.07397429582471347,0.07039189797224472,0.06571891205474499,0.062444448800817044,0.06147720583298218,0.06170084385931907,0.06123110633667651,0.059178199308151436,0.05617040751782211,0.05325533278271022,0.050740270759410754,0.048288010453292576,0.04560125265223888,0.0425352133892631,0.03900838226301478,0.03543895816299299,0.032975249194386304,0.03255364099748019,0.03366018184754207,0.03457576221388771,0.034170764312396594,0.03311485000386817,0.0329900629916405,0.03450076508073623,0.03698614068186868,0.039449864031467906,0.0416890181413362,0.044647239220123945,0.049921882709469845,0.05833251874109475,0.06814204953705555,0.07501688609521302]}