{"bin_centers_hours":[-1.375,-1.125,-0.875,-0.625,-0.375,-0.125,0.125,0.375,0.625,0.875,1.125,1.375,1.625,1.875,2.125,2.375,2.625,2.875,3.125,3.375,3.625,3.875,4.125,4.375,4.625,4.875,5.125,5.375,5.625,5.875,6.125,6.375,6.625,6.875,7.125,7.375,7.625,7.875,8.125,8.375,8.625,8.875,9.125,9.375,9.625,9.875,10.125,10.375,10.625,10.875,11.125,11.375,11.625,11.875,12.125,12.375,12.625,12.875,13.125,13.375,13.625,13.875],"mean":[0.009061537669776193,0.012430956447618123,0.018262940011299404,0.0247811388974429,0.029973780216837706,0.03267049909538504,0.03304420255041528,0.032108617445754564,0.030914172642154493,0.030103903855642287,0.02981222111147424,0.029787848703365843,0.029699825370626667,0.029374214332341338,0.028765084483343726,0.02783921338017263,0.02659611594069898,0.025135402328078333,0.023621109330760833,0.02220134428686452,0.020999930098555143,0.020127858204082315,0.019633057110392198,0.019439399575412675,0.019350420603043365,0.019115607172922502,0.018571676573413857,0.01779945015237359,0.017084543299639536,0.01664724915916618,0.016460673320270264,0.016367685623698804,0.01627616063226359,0.016169745951281893,0.016001238615789823,0.015667482393021466,0.015098226176287597,0.014320016778250807,0.013401069165757102,0.012370330727228642,0.0112655590226785,0.010243621626224072,0.009536225725645749,0.00923186811137419,0.009147229253379298,0.008969500258170539,0.00850878478505603,0.007790232368557674,0.006964577528693005,0.006201004462320467,0.005629779707390637,0.005297841248255563,0.005145486980088856,0.005040809144408303,0.004845924540704577,0.004467901086578304,0.003893331861908768,0.003201150413447382,0.0025243415225009737,0.0019759436433526667,0.0016074825106188668,0.0014254547657409939],"std":[0.048319758209862326,0.05484505896586268,0.06566722378192577,0.07697904787571541,0.08515705521984274,0.08874464299563431,0.0888182488055835,0.08758180554846196,0.08686027807951788,0.08748028714445222,0.08924586571410144,0.09129976464030518,0.09277361288065385,0.09313966435018745,0.09200985259886718,0.08900411647771288,0.08415576790213682,0.07833184098144097,0.07297118960642322,0.06928507132331246,0.06768270029449883,0.06777955418718443,0.06881178499958591,0.07011955989525373,0.07130005212586099,0.07194500650754435,0.07159068139916196,0.07021720563318579,0.06851742202816762,0.06734846158462195,0.06707516801597206,0.06755069087083802,0.06841682806887314,0.06922551578674359,0.0695063374463009,0.06897364524736505,0.06769923447963534,0.06591944577437683,0.06355266525558025,0.06014094253956137,0.055663005934739246,0.05124523423528925,0.048498244408475305,0.047993302119417276,0.04871762057036099,0.04908987281532322,0.0481945218662182,0.046041796236335225,0.043218995311849674,0.040619822259798676,0.03911658152025508,0.03903547924826152,0.039888349453953933,0.040643008519600114,0.04023914565827075,0.03804192394773224,0.034165573904356934,0.029468757816604126,0.02504498410051925,0.02159921488350679,0.01931217682580677,0.01816346949640588],"n_station_days":806,"lower":[-0.03925822054008613,-0.042414102518244554,-0.04740428377062637,-0.05219790897827251,-0.05518327500300503,-0.05607414390024927,-0.05577404625516823,-0.05547318810270739,-0.055946105437363385,-0.05737638328880993,-0.0594336446026272,-0.06151191593693933,-0.06307378751002718,-0.06376545001784611,-0.06324476811552346,-0.061164903097540246,-0.057559651961437835,-0.05319643865336264,-0.049350080275662386,-0.04708372703644795,-0.04668277019594368,-0.04765169598310211,-0.04917872788919372,-0.05068016031984106,-0.051949631522817626,-0.05282939933462184,-0.0530190048257481,-0.05241775548081219,-0.05143287872852808,-0.05070121242545576,-0.0506144946957018,-0.051183005247139216,-0.052140667436609556,-0.053055769835461696,-0.05350509883051108,-0.05330616285434358,-0.05260100830334775,-0.051599428996126025,-0.05015159608982314,-0.047770611812332726,-0.044397446912060747,-0.04100161260906517,-0.03896201868282956,-0.038761434008043084,-0.039570391316981694,-0.04012037255715268,-0.039685737081162166,-0.038251563867777554,-0.03625441778315667,-0.034418817797478206,-0.03348680181286444,-0.033737638000005954,-0.03474286247386508,-0.03560219937519181,-0.03539322111756617,-0.033574022861153935,-0.030272242042448168,-0.026267607403156742,-0.022520642578018276,-0.019623271240154123,-0.017704694315187904,-0.016738014730664885],"upper":[0.05738129587963852,0.0672760154134808,0.08393016379322518,0.10176018677315832,0.11513083543668044,0.12141514209101935,0.12186245135599878,0.11969042299421652,0.11777445072167236,0.11758419100009451,0.11905808682557567,0.12108761334367102,0.12247343825128051,0.12251387868252878,0.1207749370822109,0.11684332985788551,0.1107518838428358,0.1034672433095193,0.09659229893718406,0.09148641561017698,0.08868263039305396,0.08790741239126675,0.0884448421099781,0.0895589594706664,0.09065047272890436,0.09106061368046685,0.09016235797257581,0.08801665578555938,0.08560196532780714,0.08399571074378813,0.08353584133624233,0.08391837649453683,0.08469298870113673,0.08539526173802547,0.08550757606209072,0.0846411276403865,0.08279746065592294,0.08023946255262764,0.07695373442133735,0.07251127326679001,0.06692856495741775,0.06148885586151332,0.05803447013412105,0.05722517023079147,0.05786484982374029,0.05805937307349376,0.05670330665127423,0.0538320286048929,0.05018357284054268,0.046820826722119145,0.04474636122764572,0.04433332049651709,0.04503383643404279,0.04568381766400842,0.04508507019897533,0.04250982503431054,0.0380589057662657,0.03266990823005151,0.02756932562302022,0.023575158526859458,0.020919659336425638,0.019588924262146874]}