{"bin_centers_hours":[-1.375,-1.125,-0.875,-0.625,-0.375,-0.125,0.125,0.375,0.625,0.875,1.125,1.375,1.625,1.875,2.125,2.375,2.625,2.875,3.125,3.375,3.625,3.875,4.125,4.375,4.625,4.875,5.125,5.375,5.625,5.875,6.125,6.375,6.625,6.875,7.125,7.375,7.625,7.875,8.125,8.375,8.625,8.875,9.125,9.375,9.625,9.875,10.125,10.375,10.625,10.875,11.125,11.375,11.625,11.875,12.125,12.375,12.625,12.875,13.125,13.375,13.625,13.875],"mean":[0.0015111178149834607,0.0015457164790811445,0.0017786959739254857,0.0026714320253571843,0.005035152760461649,0.009716140725007094,0.016859394219891546,0.025239405574415192,0.032521394109011774,0.036677950086954555,0.03743113629070226,0.03622333723487661,0.03474266442366605,0.03358558023629583,0.03222499133512942,0.02987701604256183,0.02632126321309497,0.0222833504186794,0.019205952395511768,0.018272386705956434,0.019277135187817363,0.020547378369108377,0.020291325144551613,0.01806381669975837,0.014802585512354685,0.011685469509607251,0.009301695223140794,0.007689988296210889,0.006651213363318397,0.005913402776146883,0.005252345589311334,0.004601962807733668,0.004048831912478794,0.0037416980770016905,0.00381407464634298,0.004331697063170562,0.005250554662299406,0.006407933875845628,0.007587640210973121,0.008679075273942363,0.009867800360052777,0.01163992015743686,0.014398402625593911,0.01800487079636965,0.021791367956659775,0.024977449528595666,0.02690903528607317,0.027053130206074312,0.025198752348982587,0.021760521533562453,0.017651496377034368,0.013891725885664313,0.011419465903313983,0.010932903574442068,0.012543945455968134,0.015575644956540045,0.01875343807805318,0.020620658984110214,0.020191125334172368,0.01772257914448039,0.014693586566189812,0.012738276673952225],"std":[0.003241453797848625,0.003219194779895803,0.003425502894730628,0.004521230153517303,0.007591563943276774,0.013679589233472525,0.022877626279803113,0.033630969758984434,0.04320676445961801,0.04943553879681696,0.05239804828319691,0.05426797085764078,0.05726060008519557,0.06161659759540535,0.06533976431148802,0.06557076774528345,0.06072565952572606,0.05250608117906432,0.04592857184948373,0.045904776776797135,0.052573829929952035,0.06031624036093195,0.06238264802884576,0.05663157354190755,0.046239794501494194,0.035645542540113026,0.027302174849201503,0.02167378249837957,0.018283802777375707,0.016200010154464886,0.01450371241592817,0.012869717578206983,0.011631027919889958,0.01134059976942376,0.012376168865944167,0.014777530088180132,0.01822584000071406,0.022128631235806058,0.02583598089275471,0.029010584296462957,0.03208834413144067,0.03628597630538691,0.042491458645344926,0.050016593705218174,0.057007601262657505,0.06204718853428053,0.06462921955260166,0.06431664594748183,0.060590696562760595,0.05375105403700462,0.045306490816821615,0.037704740790107494,0.03394535593690634,0.03635912678698954,0.04465485699240276,0.055425745303025194,0.06408354655615026,0.067283679058916,0.0643802317109668,0.05782796117311617,0.05157636400326307,0.04819622667702222],"n_station_days":29,"lower":[-0.0017303359828651642,-0.0016734783008146587,-0.0016468069208051424,-0.001849798128160119,-0.0025564111828151256,-0.003963448508465431,-0.006018232059911567,-0.008391564184569242,-0.010685370350606238,-0.012757588709862405,-0.014966911992494655,-0.018044633622764164,-0.022517935661529515,-0.028031017359109525,-0.033114772976358606,-0.03569375170272162,-0.03440439631263109,-0.03022273076038492,-0.02672261945397196,-0.0276323900708407,-0.033296694742134675,-0.03976886199182357,-0.042091322884294145,-0.03856775684214918,-0.03143720898913951,-0.023960073030505777,-0.01800047962606071,-0.01398379420216868,-0.011632589414057311,-0.010286607378318003,-0.009251366826616836,-0.008267754770473316,-0.007582196007411164,-0.00759890169242207,-0.008562094219601187,-0.010445833025009569,-0.012975285338414655,-0.01572069735996043,-0.018248340681781588,-0.020331509022520594,-0.022220543771387893,-0.024646056147950048,-0.028093056019751015,-0.032011722908848524,-0.03521623330599773,-0.03706973900568487,-0.03772018426652849,-0.03726351574140752,-0.035391944213778004,-0.031990532503442165,-0.027654994439787247,-0.02381301490444318,-0.022525890033592358,-0.025426223212547474,-0.032110911536434625,-0.039850100346485146,-0.04533010847809708,-0.046663020074805786,-0.04418910637679443,-0.04010538202863578,-0.03688277743707326,-0.03545795000306999],"upper":[0.004752571612832086,0.004764911258976948,0.005204198868656114,0.007192662178874487,0.012626716703738423,0.02339572995847962,0.03973702049969466,0.05887037533339963,0.07572815856862979,0.08611348888377152,0.08982918457389917,0.09049130809251739,0.09200326450886162,0.09520217783170118,0.09756475564661744,0.09544778378784527,0.08704692273882103,0.07478943159774372,0.0651345242449955,0.06417716348275357,0.0718509651177694,0.08086361873004033,0.08267397317339736,0.07469539024166592,0.06104238001384888,0.047331012049720275,0.036603870072342296,0.02936377079459046,0.024935016140694103,0.022113412930611767,0.019756058005239503,0.01747168038594065,0.01567985983236875,0.015082297846425452,0.016190243512287147,0.019109227151350695,0.023476394663013468,0.028536565111651688,0.03342362110372783,0.03768965957040532,0.041956144491493444,0.04792589646282377,0.05688986127093884,0.06802146450158783,0.07879896921931728,0.08702463806287619,0.09153825483867484,0.09136977615355615,0.08578944891174319,0.07551157557056708,0.06295798719385598,0.05159646667577181,0.045364821840220323,0.047292030361431606,0.05719880244837089,0.07100139025956524,0.08283698463420344,0.0879043380430262,0.08457135704513916,0.07555054031759656,0.06626995056945288,0.060934503350974445]}