{"bin_centers_hours":[-1.375,-1.125,-0.875,-0.625,-0.375,-0.125,0.125,0.375,0.625,0.875,1.125,1.375,1.625,1.875,2.125,2.375,2.625,2.875,3.125,3.375,3.625,3.875,4.125,4.375,4.625,4.875,5.125,5.375,5.625,5.875,6.125,6.375,6.625,6.875,7.125,7.375,7.625,7.875,8.125,8.375,8.625,8.875,9.125,9.375,9.625,9.875,10.125,10.375,10.625,10.875,11.125,11.375,11.625,11.875,12.125,12.375,12.625,12.875,13.125,13.375,13.625,13.875],"mean":[0.01651897042152732,0.02029011191610764,0.027132511650429646,0.035624016225048794,0.043908023612572296,0.05034462813644322,0.05408150778716189,0.0551282205497465,0.05400321136204299,0.05133632733318302,0.04770044860323484,0.04364491921368117,0.03968940248447383,0.03615708052717744,0.03304517985038567,0.030135867242015328,0.027225581595724056,0.024243075298667826,0.02124744817441502,0.018401378806787154,0.01589908269054722,0.01383831403876135,0.012158696215767944,0.010724972979586621,0.009458017876767956,0.008374225755242205,0.007520357172741193,0.006904195122585078,0.006483909665935759,0.006180332870318306,0.005885188142356359,0.0055076478399447215,0.005055466915966304,0.0046470019849782955,0.004408520762604753,0.00436928530029137,0.004469774834134701,0.004643193972266872,0.004850331110877866,0.005046085393027874,0.005156224290866098,0.005113255987510047,0.004913038034303087,0.004622570580508069,0.004333577266157976,0.004123379753675874,0.0040527247616859545,0.004164630788659965,0.004460703716711534,0.004879929140896747,0.005312706604545163,0.005654332745114015,0.005865824482162786,0.0059877341353275545,0.006089747324928538,0.006214553744786026,0.006378436633562158,0.006604229326675652,0.006917816858799049,0.007302384390802424,0.007670692133110544,0.007898995863683039],"std":[0.07932063758724639,0.08652332085678302,0.09909870428852087,0.11379344880772574,0.12709272490532067,0.13663436838293566,0.14177374749978278,0.14304984922438468,0.1413338192857094,0.13739983507166234,0.13196897053413253,0.12586051947900592,0.11988834894557435,0.11450570879278656,0.10961478886733363,0.10479444185218555,0.09966438094918276,0.09404337342181834,0.08797211909419368,0.08174276044746748,0.0757619104699206,0.07021149366898632,0.06491764320714495,0.05968727133649405,0.05472379318859652,0.050577819729772856,0.04769634465590705,0.04613543656000567,0.04562263412672822,0.045595962597524894,0.045186536212189626,0.043648967075692505,0.041115339952347764,0.03864190405475598,0.03723814348369912,0.03702463659532435,0.037491895194563335,0.038279835453054044,0.03936514480860623,0.04062060927925335,0.04153713375806304,0.04151879849215565,0.040443342578245695,0.03886279535752933,0.037603111406493,0.037226870199216174,0.03787838974687369,0.039428737347093464,0.04159609290658936,0.04397705867652434,0.04609757545520534,0.04755429183182859,0.04822292935881083,0.04834611231226677,0.04834188875784408,0.0485205930347454,0.0490544960539403,0.05015008508690912,0.0520284294814297,0.05459360370003719,0.05718968440362405,0.058842273078593375],"n_station_days":2162,"lower":[-0.06280166716571907,-0.06623320894067539,-0.07196619263809123,-0.07816943258267695,-0.08318470129274838,-0.08628974024649244,-0.08769223971262088,-0.08792162867463818,-0.08733060792366641,-0.08606350773847932,-0.0842685219308977,-0.08221560026532476,-0.08019894646110051,-0.07834862826560912,-0.07656960901694795,-0.07465857461017023,-0.0724387993534587,-0.06980029812315051,-0.06672467091977866,-0.06334138164068032,-0.059862827779373386,-0.05637317963022498,-0.05275894699137701,-0.04896229835690743,-0.045265775311828564,-0.04220359397453065,-0.04017598748316586,-0.03923124143742059,-0.03913872446079246,-0.03941562972720659,-0.039301348069833264,-0.03814131923574778,-0.03605987303638146,-0.033994902069777684,-0.03282962272109437,-0.03265535129503298,-0.03302212036042863,-0.03363664148078717,-0.03451481369772836,-0.03557452388622548,-0.036380909467196944,-0.0364055425046456,-0.035530304543942605,-0.03424022477702126,-0.033269534140335025,-0.0331034904455403,-0.03382566498518774,-0.0352641065584335,-0.03713538918987783,-0.03909712953562759,-0.040784868850660176,-0.041899959086714574,-0.042357104876648045,-0.042358378176939215,-0.042252141432915544,-0.04230603928995938,-0.042676059420378144,-0.04354585576023347,-0.04511061262263066,-0.04729121930923477,-0.049518992270513505,-0.050943277214910335],"upper":[0.09583960800877371,0.10681343277289065,0.1262312159389505,0.14941746503277453,0.17100074851789296,0.18697899651937888,0.19585525528694467,0.1981780697741312,0.19533703064775237,0.18873616240484536,0.17966941913736736,0.16950543869268708,0.15957775143004818,0.150662789319964,0.1426599687177193,0.13493030909420087,0.1268899625449068,0.11828644872048617,0.10921956726860871,0.10014413925425464,0.09166099316046783,0.08404980770774767,0.07707633942291289,0.07041224431608067,0.06418181106536447,0.058952045485015064,0.05521670182864825,0.053039631682590745,0.05210654379266398,0.0517762954678432,0.05107172435454599,0.04915661491563723,0.04617080686831407,0.04328890603973428,0.041646664246303866,0.04139392189561572,0.041961670028698037,0.04292302942532092,0.0442154759194841,0.045666694672281224,0.046693358048929136,0.0466320544796657,0.045356380612548784,0.0434853659380374,0.041936688672650976,0.04135024995289205,0.041931114508559644,0.04359336813575343,0.046056796623300894,0.048856987817421094,0.051410282059750505,0.05320862457694261,0.05408875384097362,0.05433384644759433,0.054431636082772614,0.054735146779531424,0.055432932687502455,0.05675431441358478,0.05894624634022875,0.06189598809083961,0.0648603765367346,0.06674126894227642]}