{"bin_centers_hours":[-1.375,-1.125,-0.875,-0.625,-0.375,-0.125,0.125,0.375,0.625,0.875,1.125,1.375,1.625,1.875,2.125,2.375,2.625,2.875,3.125,3.375,3.625,3.875,4.125,4.375,4.625,4.875,5.125,5.375,5.625,5.875,6.125,6.375,6.625,6.875,7.125,7.375,7.625,7.875,8.125,8.375,8.625,8.875,9.125,9.375,9.625,9.875,10.125,10.375,10.625,10.875,11.125,11.375,11.625,11.875,12.125,12.375,12.625,12.875,13.125,13.375,13.625,13.875],"mean":[0.008328841784103912,0.0100069719278343,0.013599644673261855,0.019146573050122975,0.025975657480614475,0.032624917637629834,0.03741241160230173,0.03925989980910283,0.038143701412144834,0.034914911218944175,0.030734130189850373,0.026559119419948343,0.022947124687584846,0.02010211887403502,0.017979111131498655,0.016398448213256086,0.0151736461791059,0.014175141997338724,0.013302824024258303,0.012464461418334611,0.011610006526379571,0.01075584783870999,0.009953892300097883,0.009245356075761718,0.008647860561302298,0.008171828703009358,0.007823654254288836,0.007582116173188762,0.007391408780172615,0.007194265996384695,0.006964284397773872,0.006710150548630787,0.006473340853457007,0.006326689272020625,0.006359049211818563,0.00666050945766005,0.007320881723657858,0.00840560205803381,0.00988473305272221,0.011580313766962303,0.013217512782191684,0.014556346039131448,0.01549172147389673,0.016059026731018836,0.01637573237713431,0.016570158229205517,0.016731916636547703,0.016902340540461965,0.01709729992241221,0.01732530803131788,0.017594637976566147,0.01793464064184774,0.01839294587752141,0.0189616876459311,0.01951540138899866,0.019867666766292466,0.019892597930626935,0.019592172774479357,0.01908400122754203,0.0185397594273647,0.018108736927256754,0.01787694036895093],"std":[0.056951900810322975,0.060489752975573324,0.06816252779214235,0.08005188598771328,0.09453111139270615,0.10831289659902009,0.11795324369945778,0.12156275679932893,0.11942025371944154,0.11332095221279258,0.10539563765159526,0.09724948202951711,0.08979746048907322,0.08348428871098472,0.0784309017565953,0.07451387011957568,0.07149781188329464,0.06906700738427299,0.06676742721076032,0.06416207501688531,0.061145153727078835,0.05800666937931814,0.05515867304702278,0.05284483521442297,0.05109528399661438,0.049865539600273526,0.04908475203830697,0.04852476248420726,0.04780065882111413,0.04665964159564161,0.04518123519631219,0.043639514048274514,0.04232636014669373,0.04156011265890422,0.041703003216888294,0.0430917806681405,0.04598255130230834,0.05046518362719849,0.05624225859137425,0.062499883743951726,0.06819508580282566,0.07259901024016517,0.0755764513191637,0.07742276045840098,0.07854830497307455,0.0792791206288792,0.07981343074466288,0.08028567238716151,0.0808561323207212,0.08167915050788935,0.08279445695486967,0.0841966477292633,0.08597682415434883,0.08816323529106271,0.09041347115081293,0.09209465696115515,0.09274485125677925,0.09240663773695082,0.09154594680508006,0.09069260946197265,0.09013205732388094,0.08988369438832973],"n_station_days":4850,"lower":[-0.048623059026219065,-0.050482781047739025,-0.054562883118880495,-0.0609053129375903,-0.06855545391209167,-0.07568797896139026,-0.08054083209715605,-0.0823028569902261,-0.0812765523072967,-0.0784060409938484,-0.0746615074617449,-0.07069036260956876,-0.06685033580148837,-0.06338216983694969,-0.060451790625096646,-0.05811542190631959,-0.056324165704188744,-0.05489186538693426,-0.053464603186502015,-0.0516976135985507,-0.049535147200699264,-0.047250821540608154,-0.0452047807469249,-0.04359947913866125,-0.04244742343531208,-0.04169371089726417,-0.04126109778401814,-0.040942646311018495,-0.040409250040941515,-0.03946537559925691,-0.03821695079853832,-0.03692936349964373,-0.03585301929323672,-0.035233423386883594,-0.03534395400506973,-0.03643127121048045,-0.038661669578650484,-0.04205958156916468,-0.04635752553865204,-0.050919569976989425,-0.05497757302063397,-0.058042664201033725,-0.06008472984526697,-0.061363733727382144,-0.06217257259594024,-0.06270896239967368,-0.06308151410811517,-0.06338333184669954,-0.06375883239830898,-0.06435384247657147,-0.06519981897830353,-0.06626200708741556,-0.06758387827682742,-0.0692015476451316,-0.07089806976181426,-0.07222699019486269,-0.07285225332615232,-0.07281446496247146,-0.07246194557753803,-0.07215285003460795,-0.07202332039662418,-0.0720067540193788],"upper":[0.06528074259442689,0.07049672490340762,0.08176217246540421,0.09919845903783625,0.12050676887332062,0.14093781423664992,0.1553656553017595,0.16082265660843176,0.1575639551315864,0.14823586343173675,0.13612976784144565,0.12380860144946546,0.11274458517665807,0.10358640758501975,0.09641001288809395,0.09091231833283177,0.08667145806240054,0.08324214938161172,0.08007025123501862,0.07662653643521992,0.0727551602534584,0.06876251721802813,0.06511256534712066,0.06209019129018469,0.059743144557916676,0.058037368303282884,0.0569084062925958,0.05610687865739602,0.05519206760128675,0.0538539075920263,0.05214551959408606,0.0503496645969053,0.048799701000150734,0.047886801930924844,0.048062052428706856,0.04975229012580055,0.0533034330259662,0.0588707856852323,0.06612699164409647,0.07408019751091403,0.08141259858501734,0.08715535627929662,0.09106817279306043,0.09348178718941981,0.09492403735020886,0.09584927885808471,0.09654534738121058,0.09718801292762348,0.09795343224313341,0.09900445853920722,0.10038909493143582,0.10213128837111105,0.10436977003187024,0.10712492293699381,0.1099288725398116,0.11196232372744762,0.11263744918740619,0.11199881051143018,0.11062994803262209,0.10923236888933735,0.1082407942511377,0.10776063475728066]}