{"bin_centers_hours":[-1.375,-1.125,-0.875,-0.625,-0.375,-0.125,0.125,0.375,0.625,0.875,1.125,1.375,1.625,1.875,2.125,2.375,2.625,2.875,3.125,3.375,3.625,3.875,4.125,4.375,4.625,4.875,5.125,5.375,5.625,5.875,6.125,6.375,6.625,6.875,7.125,7.375,7.625,7.875,8.125,8.375,8.625,8.875,9.125,9.375,9.625,9.875,10.125,10.375,10.625,10.875,11.125,11.375,11.625,11.875,12.125,12.375,12.625,12.875,13.125,13.375,13.625,13.875],"mean":[0.03128791816804799,0.03890697492934115,0.05059140692870684,0.06049746013757965,0.06344542370815137,0.05809927847340783,0.04747707939560134,0.03622323400497494,0.027444933646079576,0.021766127460632667,0.018386510538077622,0.016371479343737987,0.015163823584361146,0.014495930159827706,0.014198644531589467,0.014120905450562306,0.014132526971389068,0.014142765990587227,0.014106287365945989,0.014000925771751896,0.013816505824278486,0.01359297829253749,0.013438525875680776,0.013453505427600643,0.013631466042433453,0.013860357073209626,0.014017514401318034,0.014049118475449755,0.01397714821928581,0.013864176589558389,0.01377690029542044,0.013759366574728035,0.0138124878041896,0.0138866419253867,0.013907038786276292,0.013814945249340455,0.013569086289772254,0.013110385680077915,0.012377396651456252,0.011403369185027134,0.010375889334195525,0.009548415981016882,0.009070530745290593,0.008907597934702324,0.008914855211540378,0.008957716641430448,0.008949685257441943,0.008823642875915897,0.00854067815647874,0.008131613505186446,0.007666018190610569,0.007155370787207492,0.006532949907156143,0.005759874950186766,0.004920050969832639,0.00417392894456532,0.00362470288474973,0.003253806959614035,0.002978748086186303,0.002743637485099372,0.002551694267487429,0.0024400397007243143],"std":[0.08756282068939204,0.09851914385734757,0.11533267627044677,0.1298031595869509,0.13478272528393714,0.12833366932993825,0.11431105780110533,0.09882644503710844,0.08611464580509426,0.07719065927391655,0.07120418153308854,0.06718650370958361,0.06463572491124356,0.06322516032002601,0.06257186331273477,0.06231900033552102,0.06222926434047122,0.06217191845609585,0.06209616762825456,0.061982094548089076,0.061831445483476286,0.06179364399712286,0.06220755859986531,0.06330262427525735,0.06481891624201433,0.06607038946085397,0.0664827530336471,0.06603302722771189,0.06517114144410095,0.06443908472876098,0.06416787462185686,0.06435411549790734,0.06468367085726727,0.06472331336075898,0.0642209812632084,0.06324574473091067,0.06198280807587862,0.06041115209672354,0.05828614974183603,0.055522384962062986,0.05254713472834133,0.05014860724218124,0.048870771359560264,0.048555101177913625,0.048538046051069005,0.04825202838122787,0.04752888735992445,0.04645039455103441,0.04519877984312839,0.04405139507236002,0.043200762829813506,0.0424267170002081,0.04113390519007142,0.038899854146678764,0.03596321486931219,0.0330647756489653,0.030806556232624266,0.02926433587163206,0.028176486808097492,0.027313415374902346,0.02663357253528401,0.02623776375639954],"n_station_days":2469,"lower":[-0.05627490252134405,-0.05961216892800642,-0.06474126934173993,-0.06930569944937126,-0.07133730157578577,-0.07023439085653042,-0.06683397840550398,-0.06260321103213351,-0.05866971215901468,-0.055424531813283884,-0.05281767099501092,-0.05081502436584562,-0.04947190132688241,-0.048729230160198304,-0.04837321878114531,-0.048198094884958714,-0.048096737369082154,-0.04802915246550862,-0.04798988026230857,-0.04798116877633718,-0.0480149396591978,-0.048200665704585366,-0.048769032724184536,-0.04984911884765671,-0.051187450199580875,-0.05221003238764435,-0.05246523863232907,-0.05198390875226213,-0.051193993224815146,-0.05057490813920259,-0.05039097432643642,-0.050594748923179306,-0.05087118305307767,-0.05083667143537228,-0.050313942476932105,-0.04943079948157022,-0.04841372178610637,-0.04730076641664563,-0.045908753090379784,-0.04411901577703585,-0.0421712453941458,-0.040600191261164355,-0.03980024061426967,-0.0396475032432113,-0.03962319083952863,-0.03929431173979742,-0.03857920210248251,-0.03762675167511852,-0.03665810168664965,-0.03591978156717358,-0.035534744639202934,-0.035271346213000605,-0.03460095528291528,-0.033139979196491996,-0.031043163899479552,-0.02889084670439998,-0.027181853347874537,-0.026010528912018025,-0.025197738721911188,-0.024569777889802975,-0.02408187826779658,-0.023797724055675228],"upper":[0.11885073885744003,0.13742611878668873,0.1659240831991536,0.19030061972453055,0.19822814899208852,0.18643294780334607,0.16178813719670668,0.13504967904208337,0.11355957945117384,0.09895678673454922,0.08959069207116616,0.0835579830533216,0.07979954849560471,0.07772109047985372,0.07677050784432424,0.07643990578608333,0.07636179131186029,0.07631468444668307,0.07620245499420054,0.07598302031984097,0.07564795130775477,0.07538662228966035,0.07564608447554609,0.07675612970285799,0.07845038228444778,0.0799307465340636,0.08050026743496513,0.08008214570316163,0.07914828966338676,0.07830326131831937,0.0779447749172773,0.07811348207263538,0.07849615866145687,0.07860995528614569,0.07812802004948469,0.07706068998025113,0.07555189436565088,0.07352153777680145,0.07066354639329228,0.06692575414709012,0.06292302406253686,0.05969702322319812,0.05794130210485086,0.05746269911261595,0.05745290126260938,0.05720974502265832,0.05647857261736639,0.055274037426950307,0.053739457999607124,0.052183008577546465,0.05086678102042408,0.049582087787415595,0.04766685509722757,0.04465972909686553,0.04088326583914483,0.037238704593530625,0.034431259117374,0.03251814283124609,0.031155234894283797,0.030057052860001716,0.029185266802771438,0.028677803457123854]}