{"bin_centers_hours":[-1.375,-1.125,-0.875,-0.625,-0.375,-0.125,0.125,0.375,0.625,0.875,1.125,1.375,1.625,1.875,2.125,2.375,2.625,2.875,3.125,3.375,3.625,3.875,4.125,4.375,4.625,4.875,5.125,5.375,5.625,5.875,6.125,6.375,6.625,6.875,7.125,7.375,7.625,7.875,8.125,8.375,8.625,8.875,9.125,9.375,9.625,9.875,10.125,10.375,10.625,10.875,11.125,11.375,11.625,11.875,12.125,12.375,12.625,12.875,13.125,13.375,13.625,13.875],"mean":[0.009193328145795012,0.009680204564513642,0.010197717259810309,0.010309657832055221,0.010026096305732864,0.009741228153258494,0.009811663509537424,0.01027294916633249,0.010946901192589367,0.011711993163974985,0.012583699079799584,0.013568420968173931,0.014565318128539667,0.015498908646730293,0.016494605586762905,0.01783125105528889,0.019708238840397498,0.022038247675889848,0.024376182725618614,0.026062369884719834,0.02660947226634287,0.02610273214582354,0.025253676042866446,0.02501873844459576,0.026055735074676612,0.02838122561559784,0.031360470595037174,0.033955850295933294,0.03515401388042508,0.034486550347964114,0.03234049289543449,0.02970849922822051,0.027478861947969804,0.025918818345382347,0.024849685013534885,0.024165905423212095,0.023944829874083758,0.024068777476265273,0.02398442683218866,0.02299426363412597,0.020805446374835584,0.017816192437999173,0.01487735962293317,0.012726445740434078,0.011568557847137582,0.011096946116442226,0.010788784471320876,0.010197052125621529,0.009149776598830381,0.0077936821912233875,0.006404834260391936,0.005149512045173772,0.004068280983063984,0.003202021161681929,0.002602194272038343,0.0022542287111329807,0.002086094466257032,0.002039247536686459,0.0020829950614816477,0.0021833667052118845,0.0022925244518062363,0.002362449553094424],"std":[0.05490887253297974,0.05586673552026587,0.05634675285856474,0.05493543684446258,0.05165838046661705,0.04801186997919399,0.04571743164532847,0.04551122533978018,0.04694895218042634,0.049046684634423424,0.05101358843327157,0.05260608626120751,0.054023053968889755,0.05558856479444434,0.05751527964758301,0.05987016651328761,0.06272311378224833,0.06615148951052092,0.06984251725583701,0.07281931442363536,0.07399359575295958,0.07317697884646013,0.07150034682530124,0.07080073662096209,0.07247816675785446,0.07670668282910569,0.08236639031475092,0.08746530472207395,0.08988647673294228,0.08857422544218944,0.08453729112885491,0.0803860596653901,0.07831362697580181,0.078550535967578,0.08002172709615384,0.08203896836960953,0.08463765666208285,0.08743763541179453,0.08887807851174506,0.08690913610244658,0.08052581698886227,0.07084862989276576,0.06073353355793469,0.05307294942250906,0.04921974738801054,0.048681738810849896,0.04967799005222941,0.05001087293040959,0.048300613551926545,0.044756241317438966,0.04030797805212993,0.03524423304536055,0.029420588835672546,0.023388280317736408,0.018343318441790088,0.015079370014688795,0.013555818803587891,0.013309013383690555,0.013846330879222856,0.01473626735952674,0.015605313960834076,0.016140900585252485],"n_station_days":219,"lower":[-0.045715544387184726,-0.04618653095575223,-0.04614903559875443,-0.04462577901240736,-0.041632284160884186,-0.038270641825935495,-0.03590576813579104,-0.035238276173447686,-0.03600205098783697,-0.03733469147044844,-0.03842988935347198,-0.03903766529303358,-0.03945773584035009,-0.040089656147714044,-0.041020674060820106,-0.04203891545799872,-0.043014874941850835,-0.04411324183463108,-0.045466334530218394,-0.046756944538915525,-0.047384123486616705,-0.04707424670063659,-0.04624667078243479,-0.04578199817636633,-0.04642243168317785,-0.048325457213507846,-0.051005919719713744,-0.053509454426140655,-0.054732462852517205,-0.05408767509422533,-0.052196798233420424,-0.05067756043716959,-0.050834765027832005,-0.05263171762219565,-0.05517204208261895,-0.057873062946397436,-0.060692826787999095,-0.06336885793552925,-0.06489365167955641,-0.0639148724683206,-0.059720370614026685,-0.05303243745476659,-0.04585617393500152,-0.04034650368207498,-0.03765118954087296,-0.03758479269440767,-0.03888920558090853,-0.039813820804788055,-0.039150836953096166,-0.03696255912621558,-0.03390314379173799,-0.030094721000186776,-0.02535230785260856,-0.02018625915605448,-0.015741124169751746,-0.012825141303555814,-0.01146972433733086,-0.011269765847004096,-0.011763335817741208,-0.012552900654314856,-0.01331278950902784,-0.013778451032158062],"upper":[0.06410220067877476,0.06554694008477951,0.06654447011837505,0.0652450946765178,0.06168447677234991,0.05775309813245248,0.05552909515486589,0.05578417450611267,0.05789585337301571,0.06075867779839841,0.06359728751307116,0.06617450722938144,0.06858837209742942,0.07108747344117464,0.07400988523434592,0.0777014175685765,0.08243135262264584,0.08818973718641077,0.09421869998145563,0.0988816843083552,0.10060306801930245,0.09927971099228367,0.09675402286816769,0.09581947506555785,0.09853390183253107,0.10508790844470353,0.11372686090978809,0.12142115501800724,0.12504049061336736,0.12306077579015356,0.1168777840242894,0.11009455889361061,0.10579248892377162,0.10446935431296034,0.10487141210968873,0.10620487379282162,0.10858248653616662,0.1115064128880598,0.11286250534393372,0.10990339973657255,0.10133126336369785,0.08866482233076493,0.07561089318086786,0.06579939516294314,0.060788305235148124,0.059778684927292124,0.06046677452355028,0.06020792505603112,0.057450390150756925,0.052549923508662354,0.04671281231252186,0.04039374509053432,0.03348886981873653,0.026590301479418335,0.02094551271382843,0.017333598725821776,0.015641913269844925,0.015348260920377013,0.015929325940704505,0.016919634064738627,0.017897838412640314,0.01850335013834691]}