{"bin_centers_hours":[-1.375,-1.125,-0.875,-0.625,-0.375,-0.125,0.125,0.375,0.625,0.875,1.125,1.375,1.625,1.875,2.125,2.375,2.625,2.875,3.125,3.375,3.625,3.875,4.125,4.375,4.625,4.875,5.125,5.375,5.625,5.875,6.125,6.375,6.625,6.875,7.125,7.375,7.625,7.875,8.125,8.375,8.625,8.875,9.125,9.375,9.625,9.875,10.125,10.375,10.625,10.875,11.125,11.375,11.625,11.875,12.125,12.375,12.625,12.875,13.125,13.375,13.625,13.875],"mean":[0.000474555231555793,0.001020771355913538,0.0023119833838950673,0.004609695614281333,0.00802199751441035,0.012348774470668667,0.01715925911710351,0.02205974723931287,0.02682798076306845,0.03126277486705696,0.03507597236512298,0.03805828092969707,0.04016442197731979,0.041331098462838736,0.04147376880379828,0.04078110353717423,0.039716847310797374,0.03856362633938135,0.03715793666362824,0.03519733090098695,0.03269925380076293,0.030069863282945336,0.02777182243290251,0.025978997367634562,0.024540132651895596,0.023177423212654737,0.021656237888677918,0.0198820869539728,0.018010722088966768,0.016465240316536175,0.015682241502039732,0.015731758679306894,0.016194964350347545,0.01644847477680763,0.016095592645956794,0.01515615543022535,0.013898142953533227,0.01256393807837516,0.01127655898018744,0.010110903354763993,0.009150445557689107,0.008463574283159617,0.008077238766629642,0.007996122989203906,0.0082080442469833,0.0086225781426632,0.00899921019345316,0.008997153315674107,0.008388138660005443,0.007239247101166203,0.005840715414203904,0.004464630235639985,0.0032412067491412073,0.002215054913722549,0.0014123726205299736,0.0008362481697155739,0.0004553579942309839,0.00022285289859816013,9.479110636769801e-05,3.388679974616961e-05,9.948060283429257e-06,2.7441846881078504e-06],"std":[0.0019374270520870858,0.0037953900905246217,0.00780770862984526,0.01418153572827369,0.02260884772377309,0.032169453388516844,0.041699148495183795,0.05041778503475424,0.05826965676070763,0.06561679722196728,0.07263920718890961,0.07899816896681822,0.08381755514826678,0.08605789803372091,0.08545815023937335,0.08318186424047384,0.08099982605083159,0.07967606958936596,0.07843660824398781,0.07601466016490445,0.07200959359308308,0.06725218229881481,0.06302357080395418,0.06002129545603728,0.05810509442412605,0.056760093769758345,0.05540251662271428,0.053378315679117314,0.050307050936693194,0.04675026315482066,0.044196572302192955,0.04395982234592101,0.04603261796161335,0.049042024566232044,0.051240414421451344,0.051530385552058695,0.04973258683569092,0.046226759374463,0.041653889280572225,0.03687395376387885,0.03281249541356739,0.030093523185937807,0.028865388149561813,0.028959578233538234,0.030134944024208753,0.03213152061702474,0.03437323485884118,0.03566825266733364,0.03469049601087376,0.031095500371860343,0.02587191872669909,0.02041055976160991,0.015536950492639767,0.011453523985631433,0.008115753803295985,0.005431135303639534,0.0033280081878195537,0.0017939913973069894,0.0008190570427317772,0.0003074514048631116,9.347905357782657e-05,2.6510262492503193e-05],"n_station_days":125,"lower":[-0.0014628718205312928,-0.0027746187346110837,-0.005495725245950192,-0.009571840113992357,-0.01458685020936274,-0.019820678917848177,-0.024539889378080285,-0.02835803779544137,-0.03144167599763918,-0.03435402235491032,-0.03756323482378663,-0.04093988803712115,-0.04365313317094698,-0.04472679957088217,-0.04398438143557507,-0.042400760703299616,-0.04128297874003421,-0.04111244324998461,-0.04127867158035957,-0.0408173292639175,-0.03931033979232015,-0.03718231901586948,-0.035251748371051675,-0.034042298088402714,-0.03356496177223045,-0.03358267055710361,-0.033746278734036364,-0.03349622872514452,-0.03229632884772643,-0.03028502283828449,-0.028514330800153222,-0.028228063666614116,-0.029837653611265804,-0.032593549789424414,-0.03514482177549455,-0.03637423012183334,-0.035834443882157695,-0.033662821296087844,-0.030377330300384784,-0.026763050409114857,-0.023662049855878286,-0.02162994890277819,-0.02078814938293217,-0.02096345524433433,-0.021926899777225454,-0.02350894247436154,-0.02537402466538802,-0.02667109935165953,-0.02630235735086832,-0.02385625327069414,-0.020031203312495187,-0.015945929525969925,-0.01229574374349856,-0.009238469071908884,-0.006703381182766012,-0.00459488713392396,-0.0028726501935885697,-0.0015711384987088291,-0.0007242659363640791,-0.00027356460511694197,-8.353099329439732e-05,-2.376607780439534e-05],"upper":[0.0024119822836428787,0.00481616144643816,0.010119692013740328,0.018791231342555025,0.030630845238183442,0.04451822785918551,0.058858407612287306,0.07247753227406711,0.08509763752377608,0.09687957208902424,0.10771517955403259,0.11705644989651529,0.12398197712558656,0.12738899649655966,0.12693191904317164,0.12396296777764806,0.12071667336162896,0.11823969592874731,0.11559454490761605,0.1112119910658914,0.104708847393846,0.09732204558176015,0.09079539323685669,0.08600029282367185,0.08264522707602165,0.07993751698241308,0.0770587545113922,0.07326040263309011,0.06831777302565996,0.06321550347135683,0.05987881380423268,0.059691581025227904,0.06222758231196089,0.06549049934303967,0.06733600706740814,0.06668654098228405,0.06363072978922416,0.05879069745283816,0.05293044826075967,0.046984857118642843,0.041962940971256496,0.038557097469097426,0.036942626916191455,0.03695570122274214,0.03834298827119205,0.04075409875968794,0.043372445052294345,0.04466540598300774,0.043078634670879204,0.038334747473026544,0.031712634140902994,0.024875189997249893,0.018778157241780974,0.01366857889935398,0.009528126423825958,0.006267383473355107,0.0037833661820505377,0.0020168442959051496,0.0009138481490994753,0.00034133820460928124,0.00010342711386125583,2.9254447180611044e-05]}