{"bin_centers_hours":[-1.375,-1.125,-0.875,-0.625,-0.375,-0.125,0.125,0.375,0.625,0.875,1.125,1.375,1.625,1.875,2.125,2.375,2.625,2.875,3.125,3.375,3.625,3.875,4.125,4.375,4.625,4.875,5.125,5.375,5.625,5.875,6.125,6.375,6.625,6.875,7.125,7.375,7.625,7.875,8.125,8.375,8.625,8.875,9.125,9.375,9.625,9.875,10.125,10.375,10.625,10.875,11.125,11.375,11.625,11.875,12.125,12.375,12.625,12.875,13.125,13.375,13.625,13.875],"mean":[0.04090592369705436,0.04407608233203327,0.047796879474632466,0.04887240146818938,0.045968689851828386,0.04032826258800061,0.03431249655307376,0.029527529146826288,0.026252103129089092,0.024037010242122334,0.022386741649684478,0.020991971607757603,0.019696283518635626,0.018448537142897185,0.017260336308882445,0.016148110840668323,0.015129701768561972,0.014271216551846754,0.013655353142498208,0.013261771702171982,0.012931300829973812,0.012498408790531513,0.011938612597784169,0.011355350280423553,0.010847592322879638,0.010428490231446227,0.010052679340953071,0.009673529850064299,0.009276247444038502,0.008888164473482743,0.008561208400703133,0.008329287711534114,0.008184544068440616,0.008097521887116377,0.008049148051866102,0.008046753767118175,0.00812375930865539,0.008322820975226755,0.008663808270918148,0.009118075259522466,0.009610641144058747,0.010058197166921756,0.010420429156108196,0.010711624689660297,0.01096001085077118,0.011184442295332083,0.011421328777390048,0.011732904380313637,0.012150619690745282,0.01262325983516428,0.013033837778232093,0.01326466917246627,0.013259888035377239,0.01304707071777414,0.01269561095634895,0.012251641878664959,0.011740205641421963,0.011240437524431346,0.010903228186640088,0.010837894442277167,0.010987087517917916,0.011150263582849384],"std":[0.10945524148320204,0.11339213103138455,0.11809297364042691,0.1196100954874854,0.1162164993130923,0.10931355805062477,0.10157735813279938,0.09473230849062364,0.08914296609964521,0.08466651769457739,0.08119230243750494,0.07853164820850331,0.07631798295410963,0.07419114778005116,0.07189005855230719,0.06915238805883207,0.06585667338793834,0.062414643711799896,0.059710731813007935,0.05834268155120354,0.05796805175852413,0.05762043895564596,0.05665444284319919,0.055156745825319785,0.05345570545544481,0.051575298362199165,0.04933429322616249,0.046745340847927794,0.04414183000807463,0.04200630659296977,0.04072103339928537,0.04034837753123601,0.04057305136672405,0.04093884751071407,0.04119843121037171,0.04143522853290098,0.04186433398688123,0.04256876399497463,0.043418020391260026,0.04415828096420131,0.04453688039668598,0.04447531961942534,0.044263024682816475,0.04443973831694104,0.045266403022151264,0.0464101796987318,0.04735227092168574,0.0480278767073946,0.04885096320928246,0.050166564846560686,0.05181690075798489,0.05321851595714719,0.053804640377717795,0.05341843426150598,0.052259022057398824,0.05049999094157681,0.04821401899397838,0.045774336438573524,0.04399786261597723,0.043539073229233144,0.04418324629872943,0.044947616801000116],"n_station_days":1209,"lower":[-0.06854931778614767,-0.06931604869935129,-0.07029609416579444,-0.07073769401929603,-0.07024780946126391,-0.06898529546262416,-0.06726486157972561,-0.06520477934379736,-0.06289086297055613,-0.06062950745245506,-0.05880556078782047,-0.0575396766007457,-0.056621699435474,-0.05574261063715398,-0.054629722243424744,-0.05300427721816375,-0.050726971619376365,-0.048143427159953144,-0.046055378670509725,-0.045080909849031556,-0.04503675092855032,-0.04512203016511445,-0.04471583024541502,-0.04380139554489623,-0.04260811313256518,-0.041146808130752936,-0.03928161388520942,-0.0370718109978635,-0.03486558256403613,-0.03311814211948703,-0.03215982499858224,-0.0320190898197019,-0.03238850729828344,-0.03284132562359769,-0.033149283158505606,-0.0333884747657828,-0.033740574678225846,-0.03424594301974788,-0.03475421212034188,-0.03504020570467885,-0.03492623925262723,-0.034417122452503585,-0.03384259552670828,-0.033728113627280745,-0.03430639217138008,-0.035225737403399716,-0.03593094214429569,-0.03629497232708096,-0.036700343518537175,-0.03754330501139641,-0.0387830629797528,-0.03995384678468092,-0.040544752342340555,-0.04037136354373184,-0.039563411101049877,-0.03824834906291185,-0.03647381335255642,-0.03453389891414218,-0.03309463442933715,-0.03270117878695598,-0.033196158780811516,-0.033797353218150736],"upper":[0.1503611651802564,0.15746821336341782,0.16588985311505938,0.16848249695567477,0.1621851891649207,0.14964182063862538,0.13588985468587314,0.12425983763744992,0.1153950692287343,0.10870352793669973,0.10357904408718942,0.09952361981626091,0.09601426647274526,0.09263968492294834,0.08915039486118964,0.0853004988995004,0.08098637515650031,0.07668586026364665,0.07336608495550614,0.07160445325337553,0.07089935258849794,0.07011884774617748,0.06859305544098336,0.06651209610574334,0.06430329777832446,0.062003788593645394,0.059386972567115566,0.05641887069799209,0.05341807745211313,0.050894471066452514,0.0492822417999885,0.048677665242770125,0.04875759543516467,0.049036369397830445,0.04924757926223781,0.049481982300019156,0.04998809329553662,0.05089158497020139,0.05208182866217817,0.05327635622372377,0.054147521540744724,0.05453351678634709,0.05468345383892467,0.05515136300660134,0.056226413872922446,0.05759462199406388,0.058773599699075786,0.059760781087708235,0.06100158290002774,0.06278982468172496,0.06485073853621698,0.06648318512961346,0.06706452841309503,0.06646550497928011,0.06495463301374778,0.06275163282024177,0.059954224635400344,0.05701477396300487,0.05490109080261732,0.05437696767151031,0.05517033381664735,0.0560978803838495]}