{"bin_centers_hours":[-1.375,-1.125,-0.875,-0.625,-0.375,-0.125,0.125,0.375,0.625,0.875,1.125,1.375,1.625,1.875,2.125,2.375,2.625,2.875,3.125,3.375,3.625,3.875,4.125,4.375,4.625,4.875,5.125,5.375,5.625,5.875,6.125,6.375,6.625,6.875,7.125,7.375,7.625,7.875,8.125,8.375,8.625,8.875,9.125,9.375,9.625,9.875,10.125,10.375,10.625,10.875,11.125,11.375,11.625,11.875,12.125,12.375,12.625,12.875,13.125,13.375,13.625,13.875],"mean":[0.0010316760573656476,0.0019428315607364548,0.00406516178528006,0.007675794081939212,0.012595449772653504,0.018037543991165063,0.022957174974218796,0.02660713960955768,0.02880763926320412,0.029807085996165168,0.030004992123560198,0.029782506328923503,0.029447185038847655,0.029176128282630984,0.02895251360373094,0.028640287063541846,0.02820086890008969,0.027769368874856884,0.02744769333010213,0.027119274290178026,0.026571901564250835,0.02575167178080897,0.02483248477343571,0.024079107675359947,0.023652871003472676,0.02349205130765558,0.023375121024909847,0.023120204050907787,0.022689436559728385,0.022107440100978294,0.02138927188749782,0.020607392442784846,0.0199445894154401,0.019579040393351864,0.019521942787987027,0.01958895834953078,0.01950267870666038,0.01902647094790767,0.018070541933192585,0.01672960988921715,0.015213183282131419,0.013704926791784226,0.012279663656586459,0.010945217486924997,0.009713796003292504,0.00859598902761683,0.007558677103155872,0.0065552210911797035,0.005614218517209474,0.004851533846725547,0.004361744357285482,0.004111971170779077,0.003957898221928206,0.003743678291369997,0.003380351378337386,0.0028698226273583204,0.002294716917205752,0.0017738509396495303,0.0013978615187538272,0.0011879390915690404,0.0011036821685677142,0.0010829549867630863],"std":[0.009268660068025746,0.01318030926949853,0.02136559193107359,0.03363998193161848,0.048398877399853144,0.06288869493620416,0.07460370434322221,0.08247924414189384,0.08684727538044566,0.08859970074702629,0.08861501330448975,0.08772154918457305,0.08669234441689912,0.08590464708998916,0.08502642194347348,0.08340388208509869,0.08099457208327751,0.07866440517723056,0.07727080883966672,0.07665455165441955,0.07584289836552727,0.07416303587313226,0.07195937110083378,0.07027345357906632,0.06988477340774875,0.07061952089129511,0.07157911065935708,0.07196739405094113,0.07155397194069049,0.07043596508789228,0.06875377661707169,0.06683283133765013,0.0653256364731335,0.06488499818631657,0.06569434567483842,0.06730662688050716,0.06879314209095608,0.06914635747974467,0.06786944553513483,0.06530454444268295,0.062292753480395605,0.059450387147274214,0.05679273811730469,0.054023885972227306,0.05103450077861977,0.0479552582458053,0.044815779214175094,0.04149137193961647,0.03814708977051744,0.03545795083345287,0.0341214348813771,0.034186165561524304,0.034904224443369505,0.03509156728880871,0.0336755529577494,0.03025822445918164,0.025449263787009777,0.020612312472700935,0.017079739398266604,0.015387493247048212,0.015100519842937955,0.01530099209157499],"n_station_days":1205,"lower":[-0.008236984010660099,-0.011237477708762076,-0.01730043014579353,-0.02596418784967927,-0.03580342762719964,-0.0448511509450391,-0.05164652936900341,-0.05587210453233615,-0.05803963611724154,-0.05879261475086112,-0.05861002118092955,-0.05793904285564955,-0.05724515937805146,-0.05672851880735817,-0.056073908339742545,-0.054763595021556845,-0.05279370318318782,-0.05089503630237367,-0.04982311550956459,-0.04953527736424152,-0.04927099680127643,-0.04841136409232329,-0.047126886327398074,-0.04619434590370637,-0.046231902404276076,-0.04712746958363953,-0.048203989634447234,-0.04884719000003335,-0.04886453538096211,-0.048328524986913986,-0.04736450472957387,-0.04622543889486528,-0.0453810470576934,-0.04530595779296471,-0.0461724028868514,-0.04771766853097638,-0.0492904633842957,-0.050119886531836993,-0.04979890360194224,-0.0485749345534658,-0.047079570198264184,-0.045745460355489986,-0.04451307446071823,-0.04307866848530231,-0.04132070477532727,-0.03935926921818847,-0.03725710211101922,-0.034936150848436764,-0.03253287125330796,-0.030606416986727322,-0.02975969052409162,-0.030074194390745226,-0.0309463262214413,-0.03134788899743871,-0.030295201579412012,-0.027388401831823322,-0.023154546869804025,-0.018838461533051406,-0.015681877879512775,-0.01419955415547917,-0.013996837674370242,-0.014218037104811903],"upper":[0.010300336125391394,0.015123140830234985,0.02543075371635365,0.041315776013557695,0.06099432717250665,0.08092623892736922,0.09756087931744101,0.10908638375145152,0.11565491464364978,0.11840678674319147,0.11862000542804994,0.11750405551349655,0.11613952945574677,0.11508077537262014,0.11397893554720442,0.11204416914864054,0.1091954409833672,0.10643377405208744,0.10471850216976886,0.10377382594459758,0.1024147999297781,0.09991470765394123,0.09679185587426949,0.09435256125442627,0.09353764441122142,0.0941115721989507,0.09495423168426693,0.09508759810184891,0.09424340850041887,0.09254340518887058,0.0901430485045695,0.08744022378043498,0.0852702258885736,0.08446403857966844,0.08521628846282545,0.08689558523003794,0.08829582079761646,0.08817282842765234,0.08593998746832741,0.0820341543319001,0.07750593676252703,0.07315531393905844,0.06907240177389115,0.0649691034591523,0.06074829678191227,0.05655124727342213,0.05237445631733097,0.04804659303079617,0.04376130828772691,0.04030948468017842,0.03848317923866258,0.03829813673230338,0.03886212266529771,0.03883524558017871,0.037055904336086784,0.03312804708653996,0.027743980704215528,0.022386163412350463,0.018477600917020432,0.016575432338617253,0.01620420201150567,0.016383947078338075]}