{"bin_centers_hours":[-1.375,-1.125,-0.875,-0.625,-0.375,-0.125,0.125,0.375,0.625,0.875,1.125,1.375,1.625,1.875,2.125,2.375,2.625,2.875,3.125,3.375,3.625,3.875,4.125,4.375,4.625,4.875,5.125,5.375,5.625,5.875,6.125,6.375,6.625,6.875,7.125,7.375,7.625,7.875,8.125,8.375,8.625,8.875,9.125,9.375,9.625,9.875,10.125,10.375,10.625,10.875,11.125,11.375,11.625,11.875,12.125,12.375,12.625,12.875,13.125,13.375,13.625,13.875],"mean":[0.019491485956559126,0.018943980177826655,0.0180087244787084,0.017071867657158065,0.016636036082055695,0.017000322285379905,0.01803098582743778,0.019264243855084223,0.02023719808315623,0.020752662686742047,0.020887955840274294,0.020807616308694304,0.020596613762578014,0.02025242255144294,0.01976819247697022,0.019176312283511607,0.01853647553824091,0.01792220717203633,0.01741363469145912,0.017075967615012937,0.01693223948803602,0.01694345411630872,0.01700387043681273,0.016969112115814398,0.016723165827910846,0.016245047950151373,0.015625614831841224,0.015019567457151259,0.014558460820569592,0.014281394843086504,0.014145615071044658,0.01411806836971077,0.014236112387502876,0.014533550433508855,0.014909230646057965,0.015128604060436514,0.014987635871054953,0.01446434900163445,0.01372019531581131,0.012985663180440374,0.012441642407975524,0.01216730921046271,0.012156707383047648,0.012358209897657756,0.012698478497021748,0.013095531201557525,0.01347606040594225,0.013790043069473268,0.01402000645796197,0.014184433659592922,0.014316293135765193,0.014424780922863234,0.0144898167942877,0.014505784506456045,0.014522250256297869,0.014639878545948977,0.01497325687888196,0.015596664903002606,0.016474641814848097,0.017427181739439974,0.018205884817947292,0.018629285938354067],"std":[0.07134579773663972,0.06875284752857534,0.0644118373065305,0.05985298171538214,0.05667429505149005,0.05567347837665611,0.05647928800300991,0.0580118491778287,0.05927379254622296,0.059832788871630065,0.05981274518188957,0.05957306369718487,0.0593507352575222,0.05910436668247317,0.05863337810977283,0.057838835226207835,0.05688287248438611,0.056092446279546175,0.0557164514991735,0.05577891312088498,0.05609706189961707,0.056366186847556836,0.056282620599670145,0.05567403724809431,0.054541228770322435,0.053019492535545165,0.05136908451663,0.04991158643755445,0.048835818441393744,0.04809288060614562,0.04758026374184393,0.047418882634221206,0.04795334264873764,0.04937072210551475,0.0512797446576159,0.052786918210273266,0.0531279832756544,0.052261055992966376,0.050852574530357,0.049730023964995644,0.049360636866628525,0.04974883466040674,0.05064881558525817,0.05175165091711794,0.05271791396081979,0.053203213470182205,0.05299257146022278,0.052132636284378926,0.050954826572425664,0.049987224915508624,0.04971653386380819,0.0502481991860384,0.05117914140198155,0.051941229869331015,0.05234157760540558,0.05276302918992027,0.05389857108252993,0.056314788869919474,0.06005098548235415,0.06440402054125818,0.06818581617622119,0.07034167905500836],"n_station_days":1796,"lower":[-0.0518543117800806,-0.04980886735074869,-0.0464031128278221,-0.04278111405822407,-0.04003825896943435,-0.0386731560912762,-0.03844830217557213,-0.038747605322744474,-0.03903659446306673,-0.039080126184888014,-0.03892478934161528,-0.03876544738849057,-0.038754121494944185,-0.03885194413103023,-0.03886518563280261,-0.03866252294269623,-0.038346396946145195,-0.03817023910750984,-0.038302816807714385,-0.03870294550587204,-0.03916482241158105,-0.03942273273124812,-0.039278750162857416,-0.03870492513227991,-0.03781806294241159,-0.03677444458539379,-0.035743469684788774,-0.03489201898040319,-0.03427735762082415,-0.03381148576305911,-0.033434648670799275,-0.03330081426451044,-0.03371723026123477,-0.034837171672005895,-0.036370514011557935,-0.03765831414983675,-0.03814034740459944,-0.037796706991331926,-0.03713237921454569,-0.03674436078455527,-0.036918994458653,-0.03758152544994403,-0.03849210820221052,-0.039393441019460185,-0.04001943546379804,-0.040107682268624684,-0.03951651105428053,-0.03834259321490566,-0.036934820114463696,-0.035802791255915706,-0.035400240728043,-0.035823418263175165,-0.03668932460769385,-0.03743544536287497,-0.037819327349107715,-0.038123150643971294,-0.03892531420364797,-0.04071812396691687,-0.043576343667506054,-0.04697683880181821,-0.049979931358273895,-0.05171239311665429],"upper":[0.09083728369319885,0.087696827706402,0.08242056178523889,0.07692484937254021,0.07331033113354574,0.07267380066203602,0.07451027383044768,0.07727609303291293,0.07951099062937919,0.08058545155837211,0.08070070102216387,0.08038068000587917,0.07994734902010021,0.0793567892339161,0.07840157058674305,0.07701514750971944,0.07541934802262702,0.07401465345158251,0.07313008619063262,0.07285488073589792,0.0730293013876531,0.07330964096386555,0.07328649103648288,0.07264314936390871,0.07126439459823328,0.06926454048569654,0.06699469934847121,0.06493115389470572,0.06339427926196334,0.062374275449232124,0.06172587881288859,0.06153695100393197,0.062189455036240515,0.0639042725390236,0.06618897530367386,0.06791552227070978,0.06811561914670936,0.06672540499460083,0.0645727698461683,0.06271568714543602,0.06180227927460405,0.06191614387086945,0.06280552296830581,0.0641098608147757,0.06541639245784153,0.06629874467173973,0.06646863186616503,0.0659226793538522,0.06497483303038763,0.06417165857510154,0.06403282699957338,0.06467298010890163,0.06566895819626925,0.06644701437578707,0.06686382786170345,0.06740290773586925,0.06887182796141189,0.07191145377292207,0.07652562729720225,0.08183120228069815,0.08639170099416849,0.08897096499336243]}