{"bin_centers_hours":[-1.375,-1.125,-0.875,-0.625,-0.375,-0.125,0.125,0.375,0.625,0.875,1.125,1.375,1.625,1.875,2.125,2.375,2.625,2.875,3.125,3.375,3.625,3.875,4.125,4.375,4.625,4.875,5.125,5.375,5.625,5.875,6.125,6.375,6.625,6.875,7.125,7.375,7.625,7.875,8.125,8.375,8.625,8.875,9.125,9.375,9.625,9.875,10.125,10.375,10.625,10.875,11.125,11.375,11.625,11.875,12.125,12.375,12.625,12.875,13.125,13.375,13.625,13.875],"mean":[0.0005254020359987785,0.0012456909979164318,0.0030528699658294973,0.006414375207298482,0.011437055633416134,0.017512963278013275,0.023457387846220687,0.02812484858231321,0.030993942758136085,0.03226515603509471,0.032533150727470546,0.03239545917913926,0.03221084403458853,0.0320209011167676,0.0316366167260847,0.03085697518110308,0.029667694681747916,0.028274812935953828,0.02697807436222724,0.02599342995601723,0.02534028910017153,0.02485672670478331,0.02431611646709313,0.02356483909074204,0.02260676350166667,0.021576914542732934,0.02061685161302037,0.01976670704324466,0.018971719291123058,0.018164357301285967,0.01732982954848335,0.016523331852949727,0.015851953742454027,0.015418878775109184,0.015235284417785237,0.015160294199152744,0.014953388315087652,0.014432069653967226,0.013601778588653917,0.012631834312467612,0.011708101523300372,0.010912067758442898,0.010224578704102096,0.009612773164131607,0.009093041684949,0.008716317284794125,0.008507393095150553,0.008422943662311234,0.008372643290268506,0.008284004926738158,0.008133500578429528,0.007912336541532644,0.007597253475316093,0.007186014298153656,0.006737883411201997,0.006336590032137412,0.006018449061980625,0.005768389254736327,0.005578175578646707,0.0054675775516248686,0.005440121198672014,0.005452264620069773],"std":[0.003915400004802919,0.007115431210316012,0.014341684147405382,0.026215110699890937,0.04183573588114986,0.05841673625878793,0.07250267014842413,0.08186072086406669,0.08642019722875555,0.08767305239679421,0.08740204737032026,0.08683205424268398,0.08645821991414109,0.0861868686105638,0.08557496252898127,0.08418758826894597,0.08195089646392414,0.07925979907070532,0.0767655944127917,0.07498330030472836,0.07399518480697324,0.07346710824524576,0.07288971416569355,0.07184692975932228,0.07025395000969312,0.06841991786677176,0.06674540063642226,0.0653042291266906,0.06381898778183888,0.0620292714121282,0.05999079573647004,0.05805276760874465,0.056655960494305296,0.05611635425085468,0.0564171281013156,0.057079650730722166,0.05729997889094419,0.05639888393549519,0.054301034638344015,0.05159013825644482,0.0490220929832252,0.046961068411683425,0.04528779119825255,0.043777354311517025,0.04246102654124269,0.04161105779698477,0.041427909210453806,0.04177334590001513,0.04224533303389968,0.042535154450386095,0.04262725525056106,0.04260141310088033,0.04237480928970011,0.04178146633326321,0.04082467873263161,0.03966824988217381,0.038433777827720894,0.03723422064084236,0.03637664504727193,0.036225225662296086,0.03673193685707309,0.037297071592873245],"n_station_days":3309,"lower":[-0.0033899979688041403,-0.005869740212399581,-0.011288814181575884,-0.019800735492592453,-0.030398680247733727,-0.04090377298077466,-0.04904528230220344,-0.053735872281753486,-0.05542625447061946,-0.0554078963616995,-0.05486889664284971,-0.054436595063544715,-0.054247375879552556,-0.054165967493796194,-0.05393834580289657,-0.05333061308784289,-0.05228320178217623,-0.0509849861347515,-0.04978752005056446,-0.04898987034871113,-0.04865489570680172,-0.04861038154046245,-0.048573597698600424,-0.04828209066858023,-0.04764718650802645,-0.04684300332403883,-0.04612854902340189,-0.045537522083445935,-0.044847268490715825,-0.04386491411084223,-0.04266096618798669,-0.04152943575579492,-0.040804006751851266,-0.040697475475745495,-0.04118184368353036,-0.04191935653156942,-0.04234659057585653,-0.041966814281527966,-0.040699256049690095,-0.0389583039439772,-0.037313991459924825,-0.03604900065324053,-0.03506321249415045,-0.034164581147385416,-0.03336798485629369,-0.03289474051219064,-0.03292051611530325,-0.03335040223770389,-0.03387268974363117,-0.03425114952364794,-0.03449375467213153,-0.034689076559347685,-0.03477755581438402,-0.03459545203510955,-0.034086795321429615,-0.033331659850036395,-0.03241532876574027,-0.03146583138610603,-0.03079846946862522,-0.030757648110671217,-0.03129181565840108,-0.03184480697280347],"upper":[0.004440802040801698,0.008361122208232444,0.01739455411323488,0.03262948590718942,0.053272791514565994,0.0759296995368012,0.09596005799464481,0.1099855694463799,0.11741413998689162,0.11993820843188892,0.1199351980977908,0.11922751342182324,0.11866906394872961,0.1182077697273314,0.11721157925506596,0.11504456345004904,0.11161859114567206,0.10753461200665915,0.10374366877501894,0.10097673026074558,0.09933547390714477,0.09832383495002907,0.09720583063278668,0.09541176885006432,0.09286071351135979,0.08999683240950469,0.08736225224944263,0.08507093616993525,0.08279070707296193,0.08019362871341416,0.07732062528495338,0.07457609946169438,0.07250791423675933,0.07153523302596386,0.07165241251910083,0.07223994492987491,0.07225336720603184,0.07083095358946243,0.06790281322699793,0.06422197256891243,0.06073019450652557,0.05787313617012632,0.05551236990235464,0.053390127475648634,0.051554068226191685,0.0503273750817789,0.04993530230560436,0.050196289562326364,0.05061797632416819,0.05081915937712425,0.05076075582899059,0.050513749642412974,0.0499720627650162,0.04896748063141687,0.04756256214383361,0.04600483991431122,0.04445222688970152,0.043002609895578685,0.04195482062591863,0.04169280321392095,0.04217205805574511,0.042749336212943016]}