{"bin_centers_hours":[-1.375,-1.125,-0.875,-0.625,-0.375,-0.125,0.125,0.375,0.625,0.875,1.125,1.375,1.625,1.875,2.125,2.375,2.625,2.875,3.125,3.375,3.625,3.875,4.125,4.375,4.625,4.875,5.125,5.375,5.625,5.875,6.125,6.375,6.625,6.875,7.125,7.375,7.625,7.875,8.125,8.375,8.625,8.875,9.125,9.375,9.625,9.875,10.125,10.375,10.625,10.875,11.125,11.375,11.625,11.875,12.125,12.375,12.625,12.875,13.125,13.375,13.625,13.875],"mean":[0.005100196913427454,0.005400202525633514,0.006219811025232039,0.007891853672933222,0.010652770727010265,0.014397043902384285,0.018571740134390915,0.022371010444626853,0.02514139734991028,0.02667251547901157,0.02715908604091666,0.02694756368817408,0.026324077235532237,0.025476946230277898,0.024567411728288056,0.023769006499658876,0.023243375312725568,0.02309701414635836,0.023330545092117634,0.023801703028113703,0.024279493118476343,0.02458052342830972,0.024633599028162787,0.0244102345486749,0.023859758087679508,0.02296753197555835,0.0218443209285302,0.020679297843162674,0.019595507001125844,0.018611479461599793,0.01774629569358845,0.0170703848719376,0.01660733116895958,0.01624895307257934,0.01583368992004464,0.015293025744023813,0.014690605953666622,0.014123926699455351,0.013615957425582418,0.013118339437735521,0.012597720611503395,0.012078240801482745,0.011592511267001861,0.011132796199703539,0.010689668872431361,0.010309748374763556,0.010061601023252556,0.009945782171491606,0.009884580422701905,0.00982553288041938,0.00983361871793242,0.010028431696610926,0.010408532728009115,0.01078624030258872,0.01094678987614266,0.010841176166826453,0.010578953138557437,0.010277370630118608,0.009975305719924749,0.009669531379272515,0.009385938256134083,0.009204402177553351],"std":[0.02686166363160359,0.028411094837771437,0.03184621630548667,0.0375886596533487,0.04576973367121578,0.055800881684273974,0.06612871918740976,0.07467694672121175,0.07997921034315433,0.08202975792808231,0.08198626635948057,0.0811054778900756,0.07997653027719212,0.07857923056703461,0.07682272970120177,0.07491223720913112,0.07330260348481804,0.07245599346080907,0.07260632792442252,0.07359412005845617,0.07492776014962046,0.07609773823433395,0.07676683519954726,0.07663379550325489,0.07533028327591887,0.0726868283615568,0.06908989793509789,0.06539793924632638,0.062414964677539486,0.060484352345160204,0.059535604789297376,0.05929199298894594,0.059342421149720936,0.05921352901143397,0.05860613471688219,0.057578753255081834,0.05641638527582676,0.055254513265829495,0.05389055368186843,0.05208183097761902,0.049976769476907115,0.048029230787811295,0.04642730354328793,0.044845313250624165,0.04298015179556464,0.04117442146175625,0.040176567144613026,0.04027404594578736,0.04097183173154211,0.04165334319024761,0.04232000175957263,0.043414430215108955,0.0449891941158204,0.046358068787443564,0.04673651080250811,0.046040523390951375,0.04482412282534322,0.043576425285413924,0.042352505811987455,0.0410302111462815,0.03971525019412239,0.038842137662978525],"n_station_days":924,"lower":[-0.021761466718176137,-0.023010892312137925,-0.02562640528025463,-0.029696805980415478,-0.035116962944205514,-0.04140383778188969,-0.04755697905301884,-0.0523059362765849,-0.054837812993244056,-0.05535724244907074,-0.054827180318563914,-0.054157914201901525,-0.05365245304165989,-0.05310228433675672,-0.05225531797291372,-0.05114323070947224,-0.050059228172092476,-0.04935897931445071,-0.04927578283230489,-0.04979241703034247,-0.050648267031144126,-0.05151721480602423,-0.052133236171384476,-0.05222356095457999,-0.05147052518823936,-0.049719296385998445,-0.04724557700656769,-0.0447186414031637,-0.04281945767641364,-0.04187287288356041,-0.041789309095708924,-0.04222160811700834,-0.04273508998076136,-0.04296457593885464,-0.04277244479683755,-0.042285727511058024,-0.041725779322160136,-0.041130586566374146,-0.040274596256286016,-0.0389634915398835,-0.03737904886540372,-0.03595098998632855,-0.03483479227628607,-0.033712517050920626,-0.03229048292313328,-0.030864673086992693,-0.03011496612136047,-0.030328263774295754,-0.031087251308840207,-0.03182781030982823,-0.03248638304164021,-0.03338599851849803,-0.03458066138781128,-0.035571828484854844,-0.035789720926365454,-0.03519934722412492,-0.03424516968678578,-0.03329905465529531,-0.032377200092062706,-0.031360679767008987,-0.03032931193798831,-0.029637735485425174],"upper":[0.03196186054503104,0.03381129736340495,0.038066027330718705,0.04548051332628192,0.05642250439822604,0.07019792558665826,0.08470045932180068,0.09704795716583861,0.10512060769306461,0.10870227340709389,0.10914535240039723,0.10805304157824969,0.10630060751272435,0.10405617679731251,0.10139014142948982,0.09868124370879,0.0965459787975436,0.09555300760716742,0.09593687301654016,0.09739582308656987,0.0992072532680968,0.10067826166264368,0.10140043422771004,0.10104403005192979,0.09919004136359838,0.09565436033711514,0.09093421886362808,0.08607723708948906,0.08201047167866533,0.07909583180676,0.07728190048288583,0.07636237786088354,0.07594975231868051,0.07546248208401331,0.07443982463692683,0.07287177899910564,0.07110699122949338,0.06937843996528485,0.06750651110745085,0.06520017041535454,0.06257449008841051,0.06010747158929404,0.058019814810289796,0.055978109450327704,0.053669820667996006,0.0514841698365198,0.05023816816786558,0.050219828117278965,0.05085641215424402,0.05147887607066699,0.05215362047750505,0.05344286191171988,0.055397726843829515,0.057144309090032284,0.05768330067865077,0.05688169955777783,0.05540307596390066,0.053853795915532535,0.052327811531912204,0.05069974252555401,0.049101188450256475,0.04804653984053188]}