{"bin_centers_hours":[-1.375,-1.125,-0.875,-0.625,-0.375,-0.125,0.125,0.375,0.625,0.875,1.125,1.375,1.625,1.875,2.125,2.375,2.625,2.875,3.125,3.375,3.625,3.875,4.125,4.375,4.625,4.875,5.125,5.375,5.625,5.875,6.125,6.375,6.625,6.875,7.125,7.375,7.625,7.875,8.125,8.375,8.625,8.875,9.125,9.375,9.625,9.875,10.125,10.375,10.625,10.875,11.125,11.375,11.625,11.875,12.125,12.375,12.625,12.875,13.125,13.375,13.625,13.875],"mean":[0.0005288864309601593,0.0007566835278716389,0.0014683797129214418,0.003033410217580084,0.005677413577370177,0.009238356228289989,0.013122569897400594,0.016535618657732464,0.018862937595037675,0.019972003472036266,0.02023484617802321,0.020251912372507203,0.020504127661599057,0.02115853172452682,0.022048895508425193,0.022808671426496206,0.02313258218847286,0.02295947521714864,0.02241494556236708,0.02169785668870406,0.021068783337626365,0.020780863389563968,0.020889498046175146,0.021188534435962223,0.021400540347268963,0.021420013895057422,0.021350746476939728,0.021327455009602824,0.021364799868347134,0.02140737481633493,0.021437371115437927,0.021427323119048547,0.02122450460299922,0.020618206506535203,0.019593381661842397,0.0184565454488806,0.017631070528394677,0.017343475063845887,0.01753442188093339,0.017986896975825766,0.018426069789145398,0.018537568630628155,0.018071149124979733,0.017042305908273436,0.015790152340960113,0.014761204145524526,0.014222540539574951,0.014183109571520159,0.014496798011998924,0.014912578081435264,0.015056388937173093,0.014565148530964361,0.013361236222677996,0.011747855912444486,0.010187369010284593,0.009007337196137706,0.008310288151443992,0.008089781125271343,0.008335936887617187,0.008976372531122651,0.009759616706096203,0.010299282272632562],"std":[0.005635029029675289,0.006089004876751778,0.008379667277763566,0.014194263478942225,0.024116673133479594,0.03688527842591178,0.04985535678014352,0.06029799605225312,0.06665440842784218,0.06914571351970028,0.06949206105052484,0.06979003025908843,0.07130061969167516,0.07402654093698,0.07701880457913694,0.07895520419080335,0.07891204138681236,0.07690716914132284,0.07371500201921302,0.07046715256210154,0.06850769322226982,0.06884829352626178,0.07115341477684588,0.0736833525252452,0.07474838154956238,0.07415541852633613,0.07313743918497627,0.07313610343933409,0.07472659605960644,0.07737936615870432,0.07994804444553044,0.08134855201124848,0.08091256237725271,0.07838851873957518,0.07411337857969093,0.06935806077577683,0.06599821910044631,0.06531876022843328,0.06725468842570728,0.0708284132094698,0.07475206570432008,0.07742332171577954,0.07717107705482608,0.07334000317696641,0.06710605277380462,0.06095010937211706,0.0572149414321364,0.05691774550218412,0.05938468962621021,0.06262673301887875,0.06430312188923604,0.06298323236605043,0.05894401375923603,0.05378309282601062,0.04914226101358132,0.04571577736175225,0.04344859354584904,0.04251572375360457,0.04365643222362047,0.047191304068902776,0.05188450996484844,0.055245352721385754],"n_station_days":276,"lower":[-0.00510614259871513,-0.005332321348880139,-0.006911287564842124,-0.01116085326136214,-0.018439259556109415,-0.02764692219762179,-0.03673278688274293,-0.04376237739452066,-0.0477914708328045,-0.049173710047664014,-0.049257214872501634,-0.04953811788658123,-0.0507964920300761,-0.052868009212453174,-0.05496990907071175,-0.056146532764307144,-0.0557794591983395,-0.0539476939241742,-0.05130005645684595,-0.04876929587339748,-0.04743890988464346,-0.04806743013669781,-0.05026391673067073,-0.05249481808928298,-0.053347841202293425,-0.05273540463127871,-0.05178669270803654,-0.05180864842973126,-0.0533617961912593,-0.05597199134236939,-0.058510673330092515,-0.05992122889219993,-0.05968805777425348,-0.05777031223303998,-0.054519996917848534,-0.05090151532689623,-0.04836714857205164,-0.04797528516458739,-0.04972026654477389,-0.052841516233644026,-0.05632599591517468,-0.058885753085151385,-0.05909992792984635,-0.05629769726869298,-0.05131590043284451,-0.04618890522659254,-0.04299240089256145,-0.04273463593066396,-0.04488789161421129,-0.047714154937443486,-0.049246732952062944,-0.04841808383508606,-0.04558277753655804,-0.04203523691356613,-0.03895489200329673,-0.036708440165614545,-0.035138305394405045,-0.034425942628333234,-0.03532049533600329,-0.03821493153778013,-0.04212489325875224,-0.04494607044875319],"upper":[0.006163915460635448,0.006845688404623417,0.009848046990685007,0.017227673696522307,0.029794086710849772,0.046123634654201766,0.06297792667754412,0.07683361470998558,0.08551734602287986,0.08911771699173654,0.08972690722854805,0.09004194263159564,0.09180474735327421,0.09518507266150682,0.09906770008756213,0.10176387561729955,0.10204462357528522,0.09986664435847148,0.0961299475815801,0.09216500925080559,0.08957647655989619,0.08962915691582574,0.09204291282302102,0.09487188696120742,0.09614892189683134,0.09557543242139355,0.094488185661916,0.09446355844893692,0.09609139592795357,0.09878674097503926,0.10138541556096836,0.10277587513029703,0.10213706698025193,0.09900672524611039,0.09370676024153332,0.08781460622465743,0.08362928962884099,0.08266223529227916,0.08478911030664067,0.08881531018529557,0.09317813549346549,0.09596089034640769,0.09524222617980581,0.09038230908523985,0.08289620511476473,0.07571131351764158,0.07143748197171135,0.07110085507370428,0.07388148763820913,0.077539311100314,0.07935951082640913,0.07754838089701478,0.07230524998191402,0.06553094873845511,0.05932963002386592,0.05472311455788996,0.051758881697293035,0.05060550487887591,0.051992369111237655,0.056167676600025425,0.06164412667094464,0.06554463499401832]}