{"bin_centers_hours":[-1.375,-1.125,-0.875,-0.625,-0.375,-0.125,0.125,0.375,0.625,0.875,1.125,1.375,1.625,1.875,2.125,2.375,2.625,2.875,3.125,3.375,3.625,3.875,4.125,4.375,4.625,4.875,5.125,5.375,5.625,5.875,6.125,6.375,6.625,6.875,7.125,7.375,7.625,7.875,8.125,8.375,8.625,8.875,9.125,9.375,9.625,9.875,10.125,10.375,10.625,10.875,11.125,11.375,11.625,11.875,12.125,12.375,12.625,12.875,13.125,13.375,13.625,13.875],"mean":[0.0060647813550267675,0.008976832094321157,0.015515230593494562,0.025664394520405514,0.037100099887943196,0.0456141885283937,0.04800974875886126,0.04462795938149414,0.0386656849282622,0.03332039624750574,0.029921054275698543,0.028156732570321655,0.02718027212966178,0.026373510490067382,0.025528286248279967,0.024681155197512482,0.023894606222257676,0.023180840463175166,0.02253480252218544,0.02196831964990245,0.021504842692781776,0.021149544944629946,0.020871008844534068,0.020618878279957578,0.02036800810799539,0.020147661565946603,0.02003436847812479,0.020121416564097237,0.020473185681269646,0.021059538724890938,0.02170317185850848,0.022107254501281468,0.021972900273168207,0.021132422849681996,0.019615407268566788,0.017626780502698485,0.01546137710380484,0.013386316556000886,0.011539962135762092,0.009917967520064347,0.008459556466609949,0.007139197840508584,0.005985094504268902,0.005039936711259855,0.00431622142562353,0.003778260030782056,0.0033614132539926357,0.0030117124582122092,0.0027082101670703276,0.002451776590347197,0.0022417948867967763,0.002066707659187761,0.0019058308640764574,0.001734734500679267,0.0015374876993734428,0.0013215422919323923,0.0011173902089614454,0.0009573953164985211,0.0008513390772283545,0.0007833439648827802,0.0007348037280109008,0.0007053398351615888],"std":[0.030455926893104116,0.03594947536311246,0.04785607800357052,0.06564131187989782,0.08509640214326532,0.09955291430609957,0.10443319431607183,0.10050889118512955,0.0924200041776654,0.08468944622356826,0.07941978172191462,0.07658041601463977,0.07521623808425677,0.07437085864317786,0.07350634738938128,0.07248539965325032,0.07136200452772479,0.07024906703671381,0.06925671967481495,0.06844602816001837,0.06784841089263074,0.06746871237340579,0.06719724779051829,0.06680852058012032,0.06619727825594557,0.06557445738125653,0.06531214356084507,0.06561965690553932,0.06641579734488885,0.06738409030780629,0.06806339245290462,0.06801853801186863,0.06703471357160182,0.06511545181255651,0.06230951175507702,0.05867959413538841,0.05447578018407518,0.05015907459112069,0.04609855707333469,0.042308805640838214,0.03859222127356094,0.034881296702889746,0.031399767341487576,0.028537602010303226,0.026582701445638207,0.025503740711347617,0.02493274084954035,0.024371833033998352,0.023475630568688642,0.022168382761806084,0.020559414680825977,0.01884639704882022,0.01723120738010264,0.015783902464073934,0.014410521281142327,0.01303994070328344,0.011797708316397888,0.010912251245958378,0.010460509884408288,0.010281553670503905,0.010169529255300219,0.010079436014432867],"n_station_days":1686,"lower":[-0.02439114553807735,-0.0269726432687913,-0.03234084741007596,-0.0399769173594923,-0.04799630225532212,-0.05393872577770587,-0.056423445557210565,-0.05588093180363542,-0.053754319249403194,-0.05136904997606252,-0.04949872744621608,-0.04842368344431812,-0.04803596595459499,-0.04799734815311048,-0.047978061141101314,-0.04780424445573784,-0.04746739830546711,-0.047068226573538645,-0.04672191715262951,-0.046477708510115914,-0.04634356819984897,-0.04631916742877584,-0.04632623894598423,-0.046189642300162745,-0.04582927014795018,-0.04542679581530992,-0.04527777508272028,-0.045498240341442085,-0.04594261166361921,-0.046324551582915346,-0.04636022059439614,-0.04591128351058717,-0.04506181329843361,-0.04398302896287452,-0.04269410448651023,-0.04105281363268992,-0.03901440308027034,-0.036772758035119806,-0.0345585949375726,-0.03239083812077387,-0.030132664806950992,-0.027742098862381163,-0.025414672837218676,-0.02349766529904337,-0.022266480020014676,-0.02172548068056556,-0.021571327595547713,-0.021360120575786144,-0.020767420401618313,-0.019716606171458886,-0.0183176197940292,-0.01677968938963246,-0.015325376516026182,-0.014049167963394667,-0.012873033581768884,-0.011718398411351048,-0.010680318107436443,-0.009954855929459857,-0.009609170807179932,-0.009498209705621125,-0.009434725527289318,-0.009374096179271279],"upper":[0.03652070824813088,0.04492630745743362,0.06337130859706508,0.09130570640030333,0.12219650203120852,0.14516710283449327,0.15244294307493308,0.14513685056662368,0.1310856891059276,0.118009842471074,0.10934083599761316,0.10473714858496143,0.10239651021391855,0.10074436913324523,0.09903463363766124,0.09716655485076281,0.09525661074998246,0.09342990749988897,0.09179152219700039,0.09041434780992082,0.08935325358541252,0.08861825731803574,0.08806825663505236,0.0874273988600779,0.08656528636394095,0.08572211894720314,0.08534651203896985,0.08574107346963655,0.0868889830261585,0.08844362903269723,0.0897665643114131,0.0901257925131501,0.08900761384477002,0.08624787466223852,0.08192491902364381,0.0763063746380869,0.06993715728788003,0.06354539114712157,0.05763851920909678,0.05222677316090256,0.047051777740170886,0.04202049454339833,0.03738486184575648,0.03357753872156308,0.03089892287126174,0.029282000742129673,0.028294154103532986,0.02738354549221056,0.02618384073575897,0.02462015935215328,0.022801209567622754,0.02091310470800798,0.019137038244179096,0.0175186369647532,0.01594800898051577,0.014361482995215832,0.012915098525359332,0.0118696465624569,0.011311848961636643,0.011064897635386685,0.01090433298331112,0.010784775849594455]}