{"bin_centers_hours":[-1.375,-1.125,-0.875,-0.625,-0.375,-0.125,0.125,0.375,0.625,0.875,1.125,1.375,1.625,1.875,2.125,2.375,2.625,2.875,3.125,3.375,3.625,3.875,4.125,4.375,4.625,4.875,5.125,5.375,5.625,5.875,6.125,6.375,6.625,6.875,7.125,7.375,7.625,7.875,8.125,8.375,8.625,8.875,9.125,9.375,9.625,9.875,10.125,10.375,10.625,10.875,11.125,11.375,11.625,11.875,12.125,12.375,12.625,12.875,13.125,13.375,13.625,13.875],"mean":[0.04304937891997951,0.04086346190949169,0.0371409485967219,0.03298048327457729,0.02939416619891818,0.02672289188913384,0.02458493547273726,0.022429512367765303,0.020094479901540705,0.017850737543806925,0.016047757366362197,0.014811607620319746,0.014024518699607203,0.013474160521270588,0.012988330975371287,0.012491432467651681,0.012001258634864974,0.011583430171677877,0.011286252668587165,0.011100559447624744,0.010972513514301712,0.010845468597061998,0.010689815260461826,0.01050927529254716,0.010331674672214006,0.01019169963149792,0.010115674032351685,0.010116484168942438,0.010194481907108699,0.010335882158807205,0.010515297727433107,0.01071459173344778,0.010943505850267867,0.011230302963457613,0.011588767239011408,0.011999667806557191,0.012419309205582207,0.012795429485904782,0.013079925406244801,0.013245664052955073,0.013304278178599256,0.013309213778344426,0.013336882081927818,0.013453473944893879,0.013682472423010282,0.013995840988807084,0.014344966976455818,0.014704822146798515,0.01508227709614724,0.015489547080110569,0.015933158060352497,0.016417059123128033,0.01691425257937268,0.017338178188328748,0.01758856945646555,0.017645199515562753,0.01760757026996694,0.01764422869382375,0.017893308201523767,0.01836678303957317,0.01891208966526684,0.019280093157376263],"std":[0.11952162062566105,0.1147128291584246,0.10684414098569527,0.09847504395098532,0.09151510275286588,0.08620272269046608,0.08139452079687085,0.07591928131880195,0.06971122989859838,0.06373407943177181,0.05900500563139988,0.05582148831182611,0.05379330695226164,0.05231590349524071,0.050909601594328516,0.049328521606050814,0.04760528226195422,0.0460123740437484,0.0448483667393611,0.04419955675572823,0.0439150418319853,0.0437636012599895,0.04357984761361947,0.04334519435147698,0.04320552157023142,0.04335693390344608,0.04384330865044852,0.044494269609851846,0.0451039011003549,0.04561126563172926,0.0460745040076377,0.046569494115803065,0.04718865185979558,0.04805427585076294,0.049240882917211105,0.05068451841326222,0.052178931374520544,0.05344062157595795,0.05419875600300048,0.05429668941159149,0.053779778362018055,0.052915975864239094,0.05211191972561503,0.05175475394425495,0.052065398655775745,0.0530389584910113,0.054506230634988224,0.05623974801984133,0.05798893754388121,0.05949402881936254,0.06064135945022298,0.061611480462236815,0.06269811426364146,0.06395183065998115,0.06513668193132746,0.06605700689232856,0.06684139867161239,0.06789832745795293,0.06961201024798154,0.0719867547251338,0.07445428087199167,0.07606372707487778],"n_station_days":6156,"lower":[-0.07647224170568154,-0.0738493672489329,-0.06970319238897336,-0.06549456067640802,-0.0621209365539477,-0.05947983080133224,-0.056809585324133584,-0.053489768951036645,-0.049616749997057674,-0.04588334188796489,-0.04295724826503769,-0.041009880691506365,-0.03976878825265443,-0.038841742973970125,-0.037921270618957226,-0.03683708913839913,-0.03560402362708925,-0.034428943872070523,-0.03356211407077393,-0.033098997308103485,-0.032942528317683586,-0.03291813266292751,-0.03289003235315765,-0.032835919058929824,-0.032873846898017416,-0.03316523427194816,-0.03372763461809683,-0.03437778544090941,-0.0349094191932462,-0.035275383472922056,-0.03555920628020459,-0.03585490238235528,-0.03624514600952771,-0.03682397288730532,-0.0376521156781997,-0.038684850606705026,-0.03975962216893834,-0.04064519209005317,-0.04111883059675568,-0.04105102535863642,-0.0404755001834188,-0.03960676208589467,-0.03877503764368721,-0.038301279999361074,-0.038382926232765464,-0.03904311750220421,-0.040161263658532405,-0.04153492587304281,-0.04290666044773397,-0.04400448173925197,-0.044708201389870486,-0.04519442133910878,-0.045783861684268776,-0.0466136524716524,-0.04754811247486191,-0.04841180737676581,-0.049233828401645446,-0.05025409876412919,-0.05171870204645777,-0.05361997168556063,-0.05554219120672483,-0.05678363391750152],"upper":[0.16257099954564055,0.1555762910679163,0.14398508958241718,0.1314555272255626,0.12090926895178405,0.11292561457959993,0.10597945626960811,0.09834879368656725,0.08980570980013908,0.08158481697557873,0.07505276299776208,0.07063309593214585,0.06781782565186883,0.0657900640165113,0.0638979325696998,0.0618199540737025,0.059606540896819195,0.05759580421542628,0.05613461940794827,0.05530011620335298,0.05488755534628702,0.054609069857051495,0.0542696628740813,0.05385446964402414,0.05353719624244543,0.053548633534944004,0.05395898268280021,0.054610753778794284,0.0552983830074636,0.05594714779053646,0.056589801735070805,0.05728408584925085,0.05813215771006345,0.05928457881422056,0.06082965015622251,0.06268418621981942,0.06459824058010274,0.06623605106186273,0.06727868140924528,0.06754235346454657,0.0670840565406173,0.06622518964258352,0.06544880180754285,0.06520822788914883,0.06574787107878603,0.06703479947981839,0.06885119761144404,0.07094457016663984,0.07307121464002844,0.0749835758994731,0.07657451751057548,0.07802853958536485,0.07961236684301413,0.0812900088483099,0.08272525138779302,0.0837022064078913,0.08444896894157933,0.08554255615177668,0.0875053184495053,0.09035353776470698,0.09336637053725852,0.09534382023225405]}