{"bin_centers_hours":[-1.375,-1.125,-0.875,-0.625,-0.375,-0.125,0.125,0.375,0.625,0.875,1.125,1.375,1.625,1.875,2.125,2.375,2.625,2.875,3.125,3.375,3.625,3.875,4.125,4.375,4.625,4.875,5.125,5.375,5.625,5.875,6.125,6.375,6.625,6.875,7.125,7.375,7.625,7.875,8.125,8.375,8.625,8.875,9.125,9.375,9.625,9.875,10.125,10.375,10.625,10.875,11.125,11.375,11.625,11.875,12.125,12.375,12.625,12.875,13.125,13.375,13.625,13.875],"mean":[0.0004920728729617755,0.00084591884303247,0.001675674180034505,0.0031050551813063794,0.0051028047562778605,0.007445791927078503,0.009866011009049993,0.012225073359562307,0.01453272872254963,0.016833911116542175,0.0191093987364055,0.02124900698151773,0.023076846530920285,0.02442107922939313,0.025200792280462313,0.025458913724824277,0.02531850512252161,0.024922987837315058,0.02440083253109963,0.023837918607343397,0.02324943941251862,0.02257980288080238,0.021751856782645095,0.02074710980540893,0.019652153626406633,0.018617067819680852,0.017758025519354632,0.01709663838776268,0.01658001133251483,0.016136524347876626,0.01571574922123583,0.015313307456088329,0.014979380952091559,0.014780775543504257,0.014725263859504043,0.014727848761874836,0.014670824864689467,0.014491719033916222,0.014201365321003552,0.013839359323311573,0.013441650421414523,0.013041836239633614,0.012671234654491763,0.012349272217129758,0.012090392404054547,0.01192681376753078,0.011902288716454231,0.01202692532141854,0.012259326894936915,0.012559724178092944,0.012955185582390049,0.013536378155587529,0.014386081692295884,0.015502913327212675,0.01677946639477907,0.01806035257563811,0.019257166606866844,0.02042437911053531,0.02168743076121991,0.023053890562974348,0.02429743900923382,0.025054303603720785],"std":[0.007102000933157728,0.00976882171680147,0.015273745811561188,0.02323215413812769,0.03212492926222318,0.039844953246137224,0.0450770457410033,0.048031310255717656,0.04985470576478623,0.05160618016954457,0.05375119960207029,0.05618492226434922,0.05844035352275632,0.0599738603263084,0.0604689289948207,0.059988806571244516,0.058912547304544156,0.05775114488703192,0.05693229277366333,0.056603956695513644,0.05655321446291916,0.05633056323251561,0.05553487632646407,0.05407031884489489,0.05219492387251823,0.050361306879903686,0.04898773257308238,0.04826080469296762,0.04802946155280089,0.04787481561493378,0.04739115087757914,0.04652527668704435,0.045650592803083895,0.04522346779324481,0.045306279351010864,0.045463893403981645,0.04519203024630071,0.04440067291749725,0.043408554332533156,0.04254902319857053,0.04191253185766015,0.04141585986075616,0.04094649710621767,0.04042396656803625,0.03986839366184763,0.03947603768137902,0.0395301974215973,0.040182584855327635,0.0414070923610564,0.04319099949152164,0.04563178192891034,0.04877132334667811,0.05243377139599551,0.056257534901373446,0.0597890872765876,0.0626021554140322,0.06459811705671026,0.06628804243546842,0.06851432471860328,0.07162152385050602,0.07491740287499742,0.07707190535227976],"n_station_days":2574,"lower":[-0.0066099280601959525,-0.008922902873769,-0.013598071631526683,-0.020127098956821313,-0.027022124505945315,-0.03239916131905872,-0.035211034731953306,-0.03580623689615535,-0.035321977042236594,-0.03477226905300239,-0.03464180086566479,-0.03493591528283149,-0.03536350699183603,-0.03555278109691527,-0.03526813671435839,-0.03452989284642024,-0.03359404218202255,-0.03282815704971686,-0.0325314602425637,-0.032766038088170246,-0.03330377505040054,-0.03375076035171323,-0.03378301954381897,-0.03332320903948596,-0.032542770246111595,-0.031744239060222834,-0.031229707053727747,-0.031164166305204938,-0.03144945022028606,-0.031738291267057156,-0.03167540165634331,-0.03121196923095602,-0.030671211850992336,-0.030442692249740555,-0.03058101549150682,-0.03073604464210681,-0.030521205381611245,-0.029908953883581023,-0.029207189011529605,-0.02870966387525896,-0.028470881436245626,-0.028374023621122547,-0.02827526245172591,-0.02807469435090649,-0.027778001257793082,-0.02754922391384824,-0.02762790870514307,-0.028155659533909097,-0.029147765466119482,-0.030631275313428692,-0.032676596346520294,-0.03523494519109058,-0.03804768970369963,-0.04075462157416077,-0.04300962088180853,-0.044541802838394096,-0.04534095044984342,-0.04586366332493311,-0.04682689395738336,-0.04856763328753167,-0.0506199638657636,-0.052017601748558975],"upper":[0.007594073806119503,0.010614740559833939,0.016949419991595695,0.02633720931943407,0.03722773401850104,0.04729074517321573,0.05494305675005329,0.06025638361527996,0.06438743448733586,0.06844009128608675,0.07286059833847579,0.07743392924586695,0.0815172000536766,0.08439493955570153,0.08566972127528302,0.08544772029606879,0.08423105242706577,0.08267413272434698,0.08133312530476296,0.08044187530285704,0.07980265387543778,0.07891036611331799,0.07728673310910916,0.07481742865030382,0.07184707749892486,0.06897837469958454,0.06674575809243702,0.0653574430807303,0.06460947288531572,0.0640113399628104,0.06310690009881498,0.061838584143132674,0.060629973755175454,0.06000424333674907,0.060031543210514904,0.06019174216585648,0.059862855110990175,0.05889239195141347,0.057609919653536706,0.05638838252188211,0.05535418227907467,0.05445769610038977,0.053617731760709435,0.05277323878516601,0.05195878606590217,0.0514028514489098,0.051432486138051535,0.052209510176746174,0.05366641925599332,0.05575072366961458,0.05858696751130039,0.06230770150226564,0.0668198530882914,0.07176044822858613,0.07656855367136667,0.08066250798967031,0.0838552836635771,0.08671242154600373,0.09020175547982319,0.09467541441348037,0.09921484188423124,0.10212620895600054]}