{"bin_centers_hours":[-1.375,-1.125,-0.875,-0.625,-0.375,-0.125,0.125,0.375,0.625,0.875,1.125,1.375,1.625,1.875,2.125,2.375,2.625,2.875,3.125,3.375,3.625,3.875,4.125,4.375,4.625,4.875,5.125,5.375,5.625,5.875,6.125,6.375,6.625,6.875,7.125,7.375,7.625,7.875,8.125,8.375,8.625,8.875,9.125,9.375,9.625,9.875,10.125,10.375,10.625,10.875,11.125,11.375,11.625,11.875,12.125,12.375,12.625,12.875,13.125,13.375,13.625,13.875],"mean":[0.0018467845350710885,0.002698277621372033,0.004528510509891164,0.007421997462411419,0.011190394456980612,0.015283734108772252,0.01897324359354088,0.021692448423511874,0.023273545909305478,0.023937890325909556,0.024095114188184615,0.024092319638193214,0.024072457571828746,0.024028087310185495,0.023951513524306738,0.023898892972149147,0.023927742581355004,0.02402954962537854,0.024146413221676828,0.024229597541530718,0.024262253250285207,0.024239257976563205,0.024148201425539938,0.02398040413917273,0.023756661407921008,0.02352819868558154,0.02333126321741851,0.023147741287537774,0.022932132686002003,0.022655801648672563,0.022291005435411196,0.02178802514544262,0.021132595778406888,0.02042165305368273,0.019828286115529815,0.019466882769982333,0.019301204045913047,0.019181177249066875,0.01895524622188889,0.01854635822906913,0.017932883358081173,0.017093194038793707,0.016011740375424723,0.014743078181006184,0.013429199973134302,0.012218642534710476,0.01117164132689302,0.010255898673749103,0.009414756200076223,0.00861673359000473,0.00785609837597113,0.007140024560455686,0.0064829485997401435,0.005898957614994492,0.005394378508510445,0.004964576162014377,0.004590118137967542,0.004243924286032879,0.003917571417812448,0.003636257725408882,0.003436912411540603,0.0033375990570368086],"std":[0.015491681476206935,0.01864737091684959,0.024989006673001423,0.034169809608669055,0.04510533521015492,0.05609768173725463,0.06540598156942298,0.07185560512459861,0.07516997984510851,0.07599801126845682,0.07560282194084823,0.07516037286493099,0.07508964322061641,0.07510146020944632,0.0749014789001816,0.07465699986996646,0.07473449077062032,0.07523227380076847,0.0759456110502509,0.07666145593114736,0.07731579813044945,0.07788694807740847,0.07825763907082206,0.07827012482865972,0.0779069994680145,0.07733983303118488,0.07674394805877693,0.07614912052628145,0.07553255926416877,0.07490347026263929,0.07417021830368756,0.07309401762790962,0.07157147789186435,0.06989509252487074,0.06859742537585563,0.06803518531221174,0.06815736939863346,0.06860980617839472,0.06897415672093682,0.06890808803874486,0.06814026023567103,0.06646642106438554,0.06385728004899399,0.060588808386063196,0.05718927956766889,0.05413428345181618,0.051553427656166016,0.04928107399125558,0.04715852875456236,0.04520033560764982,0.04350147369749496,0.0420910229995258,0.04090251257311133,0.03983224823809886,0.03880516110067889,0.037777803341593814,0.03667365628028845,0.03538891386654006,0.03394117001992297,0.032558813806424766,0.03153486697301466,0.03101962791352876],"n_station_days":2660,"lower":[-0.013644896941135846,-0.015949093295477557,-0.02046049616311026,-0.026747812146257637,-0.033914940753174305,-0.04081394762848238,-0.0464327379758821,-0.05016315670108674,-0.05189643393580303,-0.052060120942547264,-0.05150770775266362,-0.051068053226737777,-0.05101718564878767,-0.051073372899260824,-0.050949965375874866,-0.05075810689781732,-0.05080674818926531,-0.05120272417538993,-0.05179919782857407,-0.05243185838961664,-0.05305354488016424,-0.05364769010084526,-0.05410943764528212,-0.054289720689486995,-0.0541503380600935,-0.05381163434560335,-0.05341268484135842,-0.05300137923874368,-0.05260042657816677,-0.05224766861396672,-0.05187921286827636,-0.051305992482467005,-0.05043888211345747,-0.049473439471188006,-0.04876913926032581,-0.04856830254222941,-0.04885616535272041,-0.04942862892932785,-0.05001891049904793,-0.05036172980967573,-0.05020737687758986,-0.049373227025591826,-0.04784553967356927,-0.045845730205057014,-0.04376007959453458,-0.0419156409171057,-0.040381786329272994,-0.039025175317506475,-0.03774377255448614,-0.03658360201764509,-0.035645375321523835,-0.03495099843907012,-0.03441956397337119,-0.03393329062310437,-0.03341078259216844,-0.032813227179579435,-0.03208353814232091,-0.031144989580507182,-0.030023598602110527,-0.028922556081015884,-0.028097954561474053,-0.02768202885649195],"upper":[0.017338466011278024,0.021345648538221622,0.029517517182892587,0.041591807071080476,0.05629572966713553,0.07138141584602688,0.08437922516296387,0.0935480535481105,0.09844352575441398,0.09993590159436637,0.09969793612903285,0.09925269250312421,0.09916210079244515,0.09912954751963181,0.09885299242448833,0.0985558928421156,0.09866223335197533,0.099261823426147,0.10009202427192773,0.10089105347267807,0.10157805138073465,0.10212620605397167,0.102405840496362,0.10225052896783245,0.10166366087593551,0.10086803171676642,0.10007521127619545,0.09929686181381922,0.09846469195017077,0.09755927191131185,0.09646122373909875,0.09488204277335224,0.09270407367027124,0.09031674557855346,0.08842571149138545,0.08750206808219407,0.0874585734445465,0.0877909834274616,0.08792940294282571,0.08745444626781398,0.0860731435937522,0.08355961510317925,0.07986902042441871,0.07533188656706938,0.07061847954080319,0.06635292598652666,0.06272506898305903,0.059536972665004684,0.056573284954638585,0.053817069197654555,0.05135757207346609,0.049231047559981485,0.04738546117285147,0.04573120585309335,0.044199539609189334,0.042742379503608194,0.041263774418255995,0.039632838152572944,0.03785874143773542,0.03619507153183365,0.03497177938455526,0.03435722697056557]}