{"bin_centers_hours":[-1.375,-1.125,-0.875,-0.625,-0.375,-0.125,0.125,0.375,0.625,0.875,1.125,1.375,1.625,1.875,2.125,2.375,2.625,2.875,3.125,3.375,3.625,3.875,4.125,4.375,4.625,4.875,5.125,5.375,5.625,5.875,6.125,6.375,6.625,6.875,7.125,7.375,7.625,7.875,8.125,8.375,8.625,8.875,9.125,9.375,9.625,9.875,10.125,10.375,10.625,10.875,11.125,11.375,11.625,11.875,12.125,12.375,12.625,12.875,13.125,13.375,13.625,13.875],"mean":[0.028066943707739486,0.028745158746666662,0.029259383751103048,0.028557593032224323,0.02618188091995832,0.02258144540753117,0.018686728409716583,0.015251778004749066,0.01259976550033089,0.01076276618712002,0.009613567463322358,0.008892439412423847,0.008318544986771372,0.007760079320636479,0.007249334760570289,0.006853195931114544,0.006596641575995071,0.0064707534762401715,0.006409070346866845,0.006277267941914558,0.005990991023569449,0.005639254979389746,0.005415290989925491,0.005429428005136578,0.0056281842681525805,0.005876793454191265,0.006079606320579883,0.006219649810148879,0.0063065592602247825,0.006314559938361195,0.006194477662246081,0.005938923500095551,0.0056286007065031165,0.005424605475454418,0.005482572245748802,0.005828260495695878,0.006335910908303492,0.006867528594508796,0.007413727379547491,0.008093546292158697,0.009089340286249198,0.010616954318014262,0.012847859131245283,0.01572757704063866,0.018886445838007603,0.021825059064461128,0.0241713094638801,0.025733921826632953,0.026476501911116623,0.02660828119258362,0.026578200698746574,0.026814674828603745,0.027512826532941403,0.028661305295760855,0.030119848917193968,0.031691630856378224,0.03326663071381494,0.03484893038502038,0.03637242867264796,0.03762990072660544,0.03845029613039695,0.03882726597612288],"std":[0.09174844597456108,0.09275407931169657,0.09321714605326421,0.09117045346041279,0.08570596128152985,0.07752692868015516,0.06810971041644535,0.05867948068947604,0.05018744981013919,0.043603375528327167,0.03944056899875708,0.03714758511978149,0.03555278045213716,0.03392680143668281,0.03234988569129478,0.031245146424104916,0.030959761980225278,0.03163348988042964,0.03293338794365528,0.0339683582694061,0.03397434621193464,0.03311222466820562,0.03224240669170434,0.032011750275056164,0.03253952943468795,0.033820044488222824,0.0358160499182268,0.03796992453901202,0.039104621108977826,0.03829015565952936,0.035735456296652,0.03255670388598893,0.029864607444147106,0.02833187955219191,0.02822668484417547,0.029335195119125367,0.030972595926743157,0.03245413208952427,0.03360810649055493,0.034828483893489144,0.0368616891598735,0.04057784000347435,0.04647006490901619,0.05391702921789355,0.06113596283309455,0.0663610270455447,0.0690405891367318,0.06973842912527946,0.06937953346507789,0.06902341166988903,0.0697338131320568,0.07196217873219626,0.07526208298378663,0.07891216590791346,0.0826494613708559,0.0867662076858474,0.09171149173516957,0.09751660424247571,0.10343253350141261,0.10831148698727758,0.1114370485090732,0.11284444749004155],"n_station_days":234,"lower":[-0.0636815022668216,-0.06400892056502991,-0.06395776230216116,-0.06261286042818846,-0.05952408036157153,-0.054945483272623996,-0.049422982006728775,-0.04342770268472697,-0.0375876843098083,-0.032840609341207146,-0.029827001535434723,-0.02825514570735764,-0.02723423546536579,-0.02616672211604633,-0.02510055093072449,-0.024391950492990373,-0.024363120404230207,-0.025162736404189468,-0.026524317596788437,-0.027691090327491542,-0.02798335518836519,-0.027472969688815872,-0.02682711570177885,-0.026582322269919585,-0.02691134516653537,-0.027943251034031558,-0.02973644359764692,-0.03175027472886314,-0.03279806184875304,-0.03197559572116816,-0.02954097863440592,-0.026617780385893377,-0.02423600673764399,-0.022907274076737493,-0.02274411259842667,-0.02350693462342949,-0.024636685018439665,-0.025586603495015472,-0.026194379111007436,-0.026734937601330448,-0.0277723488736243,-0.029960885685460088,-0.033622205777770905,-0.03818945217725489,-0.042249516995086944,-0.04453596798108357,-0.0448692796728517,-0.04400450729864651,-0.04290303155396126,-0.042415130477305406,-0.04315561243331023,-0.04514750390359252,-0.047749256450845226,-0.0502508606121526,-0.05252961245366193,-0.05507457682946918,-0.05844486102135463,-0.06266767385745534,-0.06706010482876465,-0.07068158626067214,-0.07298675237867625,-0.07401718151391867],"upper":[0.11981538968230057,0.12149923805836324,0.12247652980436727,0.11972804649263712,0.11188784220148817,0.10010837408768633,0.08679643882616193,0.07393125869422511,0.06278721531047007,0.05436614171544719,0.049054136462079435,0.046040024532205334,0.04387132543890853,0.041686880757319286,0.03959922045186507,0.03809834235521946,0.03755640355622035,0.038104243356669815,0.039342458290522124,0.040245626211320655,0.039965337235504085,0.038751479647595365,0.03765769768162983,0.03744117828019274,0.03816771370284053,0.03969683794241409,0.041895656238806686,0.0441895743491609,0.04541118036920261,0.04460471559789056,0.04192993395889808,0.03849562738608448,0.03549320815065022,0.03375648502764633,0.033709257089924276,0.035163455614821246,0.03730850683504665,0.03932166068403306,0.04102183387010242,0.042922030185647844,0.0459510294461227,0.051194794321488615,0.05931792404026147,0.06964460625853221,0.08002240867110215,0.08818608611000582,0.09321189860061191,0.09547235095191241,0.09585603537619451,0.09563169286247264,0.09631201383080337,0.09877685356080002,0.10277490951672803,0.10757347120367432,0.11276931028804986,0.11845783854222564,0.12497812244898451,0.1323655346274961,0.13980496217406058,0.14594138771388301,0.14988734463947015,0.15167171346616443]}