{"bin_centers_hours":[-1.375,-1.125,-0.875,-0.625,-0.375,-0.125,0.125,0.375,0.625,0.875,1.125,1.375,1.625,1.875,2.125,2.375,2.625,2.875,3.125,3.375,3.625,3.875,4.125,4.375,4.625,4.875,5.125,5.375,5.625,5.875,6.125,6.375,6.625,6.875,7.125,7.375,7.625,7.875,8.125,8.375,8.625,8.875,9.125,9.375,9.625,9.875,10.125,10.375,10.625,10.875,11.125,11.375,11.625,11.875,12.125,12.375,12.625,12.875,13.125,13.375,13.625,13.875],"mean":[0.02778399807804072,0.023891270390673174,0.01805628354838504,0.012932659443334738,0.01034276387527855,0.01053868882271476,0.012542531206421997,0.015003950330596297,0.016881581502153565,0.017692216043511788,0.01745409707055767,0.016505768307774317,0.015287378779009472,0.01414311150544206,0.013219685458914821,0.012527439202472688,0.012073687369888652,0.011876685053002854,0.011861090007946587,0.011860236362583983,0.011774881861232874,0.01167015470406575,0.011702426220695866,0.01198431653874291,0.012481251808589998,0.013000792413876956,0.013327706712241644,0.013420782612654746,0.013440658125984524,0.013555612735604346,0.013775223597750567,0.014028633285147174,0.01433304859806059,0.014786982576736133,0.015396670327642616,0.01598553000639407,0.016331934372118027,0.01641140975032358,0.01649063219446162,0.016936976700718642,0.017884786693149114,0.019066142697171398,0.019968715856628714,0.020191435517361297,0.019715869852146423,0.01887796452830174,0.01807208648624095,0.017496375436876942,0.017183781202999102,0.017165355217334918,0.017470924630873977,0.01801906768834897,0.01864117087419426,0.01921188280559157,0.019671452541394328,0.019934840826058998,0.01990136033689496,0.019617483471943132,0.01935074523981403,0.019391643528733477,0.01975128572293037,0.020104881343264908],"std":[0.11813795508528638,0.10463976129522926,0.0839284968253823,0.06490484740919622,0.05408674969734403,0.05271412092418295,0.0577101341803953,0.0648437918156366,0.07098694376054848,0.07442242468485424,0.07449124870740562,0.07157661093036582,0.0669716071917689,0.0621697156154793,0.058066978678086995,0.05495156951777658,0.05311777295201017,0.052943157786649334,0.05412836353240037,0.0554669407750764,0.05589201724798897,0.0555403402197388,0.055569197116204096,0.057029943108262725,0.05981298936223434,0.06257257282386536,0.06387025006739856,0.06353859395960366,0.06268971773786126,0.062439160876648865,0.06304716598644625,0.06430837523482333,0.06611694775668736,0.06835410830337607,0.07051145791726171,0.07175618135863694,0.07150121985167568,0.07002945187541605,0.06859252900211023,0.06870773235495992,0.071064217139225,0.07491794585842991,0.07851062542884578,0.08024064593246895,0.07969439102892333,0.07767959575854576,0.07525871842879221,0.07293690742584369,0.07095118572848436,0.0699357291058852,0.0705689751858084,0.07258159844388187,0.07478076868541228,0.07617410405245766,0.07656206327224668,0.0760093476720156,0.07447141167194801,0.07232653961582859,0.07074194606103398,0.07087344350128405,0.07258390863495132,0.07425906015540508],"n_station_days":387,"lower":[-0.09035395700724566,-0.08074849090455608,-0.06587221327699726,-0.051972187965861484,-0.043743985822065484,-0.04217543210146819,-0.045167602973973306,-0.0498398414850403,-0.05410536225839492,-0.056730208641342456,-0.057037151636847944,-0.05507084262259151,-0.05168422841275942,-0.048026604110037244,-0.04484729321917218,-0.04242413031530389,-0.04104408558212152,-0.041066472733646484,-0.04226727352445379,-0.04360670441249241,-0.0441171353867561,-0.043870185515673045,-0.04386677089550823,-0.04504562656951981,-0.04733173755364434,-0.0495717804099884,-0.05054254335515692,-0.05011781134694892,-0.04924905961187674,-0.04888354814104452,-0.04927194238869568,-0.05027974194967615,-0.05178389915862677,-0.053567125726639936,-0.055114787589619095,-0.05577065135224287,-0.055169285479557656,-0.05361804212509247,-0.05210189680764861,-0.051770755654241274,-0.05317943044607589,-0.05585180316125851,-0.05854190957221707,-0.06004921041510765,-0.059978521176776906,-0.05880163123024402,-0.05718663194255126,-0.05544053198896674,-0.05376740452548526,-0.052770373888550284,-0.053098050554934426,-0.0545625307555329,-0.05613959781121802,-0.05696222124686609,-0.05689061073085236,-0.056074506845956607,-0.05457005133505305,-0.05270905614388546,-0.05139120082121995,-0.051481799972550576,-0.05283262291202095,-0.05415417881214017],"upper":[0.1459219531633271,0.12853103168590244,0.10198478037376733,0.07783750685253096,0.06442951357262258,0.0632528097468977,0.07025266538681729,0.0798477421462329,0.08786852526270204,0.09211464072836603,0.09194534577796329,0.08808237923814013,0.08225898597077837,0.07631282712092136,0.07128666413700181,0.06747900872024927,0.06519146032189882,0.06481984283965218,0.06598945354034697,0.06732717713766039,0.06766689910922184,0.06721049492380454,0.06727162333689995,0.06901425964700564,0.07229424117082434,0.07557336523774232,0.07719795677964021,0.0769593765722584,0.07613037586384579,0.07599477361225321,0.07682238958419682,0.0783370085199705,0.08044999635474795,0.0831410908801122,0.08590812824490432,0.087741711365031,0.0878331542237937,0.08644086162573963,0.08508316119657185,0.08564470905567856,0.08894900383237411,0.09398408855560131,0.09847934128547449,0.10043208144983025,0.09941026088106975,0.0965575602868475,0.09333080491503316,0.09043328286272063,0.08813496693148345,0.08710108432322013,0.08803989981668238,0.09060066613223085,0.09342193955960654,0.09538598685804922,0.09623351581364101,0.0959441884980746,0.09437277200884298,0.09194402308777172,0.09009269130084802,0.09026508703001752,0.09233519435788168,0.09436394149866999]}