{"bin_centers_hours":[-1.375,-1.125,-0.875,-0.625,-0.375,-0.125,0.125,0.375,0.625,0.875,1.125,1.375,1.625,1.875,2.125,2.375,2.625,2.875,3.125,3.375,3.625,3.875,4.125,4.375,4.625,4.875,5.125,5.375,5.625,5.875,6.125,6.375,6.625,6.875,7.125,7.375,7.625,7.875,8.125,8.375,8.625,8.875,9.125,9.375,9.625,9.875,10.125,10.375,10.625,10.875,11.125,11.375,11.625,11.875,12.125,12.375,12.625,12.875,13.125,13.375,13.625,13.875],"mean":[0.028471576046267755,0.026833762542879152,0.023890470717801763,0.020200317571928247,0.01638848822945666,0.012992577080317966,0.010359954741906695,0.008620963136724152,0.007726495889917586,0.007517258407107808,0.00778522622089949,0.008311556947284192,0.00889833788828649,0.00940750000498524,0.009790380070399797,0.010078945847980407,0.010337844705619314,0.010608979060857218,0.010892741436829759,0.01118093506326461,0.01148513824450111,0.011801095340528011,0.012055907972751224,0.012145088804219566,0.012046633331945346,0.011865690698567941,0.01174206252580598,0.011740901567912963,0.011847081042274749,0.012030376942141817,0.012284149376678584,0.012599874765942857,0.01291890488166869,0.013136609567181642,0.013183781574362249,0.01311117898990836,0.013073555896725942,0.01322351323435839,0.013632341797903387,0.01429659062782488,0.015160169417839561,0.016099052881779496,0.01692448735372374,0.01748130221808687,0.017782029464273742,0.01800837010030231,0.01834303200342666,0.01883016602844247,0.01942049294445855,0.020093910905657895,0.020885874193692634,0.0218255791501624,0.0229002853433441,0.024081270034920277,0.025337497630589272,0.02657630924444047,0.027598582608940207,0.02821030911644929,0.02841789015000012,0.028443441663089476,0.02849372107798671,0.028571437674475824],"std":[0.10236255178493767,0.09762097507931418,0.0889646886451764,0.07792714153202379,0.06646386325263005,0.056403726150583706,0.04885297259993116,0.04401606669143009,0.04148389484481513,0.04062369616726991,0.040817271026306036,0.0415605583060606,0.04249600795557726,0.04342468493788585,0.044311592771770394,0.04521835969166122,0.04618296358507077,0.047186228019526516,0.048215224432838155,0.049294302104840634,0.05041290365180999,0.05141399352329796,0.05198288868472489,0.051836598469261745,0.05101144729071406,0.04992879341831871,0.04908514643429968,0.04869977815870919,0.04869884073750926,0.048988966138254125,0.04965379846483979,0.05079929046114992,0.052211185277841056,0.053301495621516336,0.05352027606827543,0.05284496706913372,0.051845901669877646,0.051313951444678936,0.05186014814773061,0.053738520571393396,0.05675087896239837,0.06015710385718992,0.06284391687949022,0.06395239965024715,0.06353664850365075,0.06250739107578417,0.061859656091305185,0.06207527058604228,0.06318881467432924,0.06507343949729948,0.06750324055231484,0.07013087776614581,0.07260689190482235,0.07478812775323923,0.07681970659777057,0.07892877087669117,0.08109365641289991,0.08301367986564506,0.08447781523963976,0.08562078755130798,0.08662828687330966,0.0873161978873107],"n_station_days":1405,"lower":[-0.07389097573866991,-0.07078721253643502,-0.06507421792737464,-0.05772682396009554,-0.05007537502317339,-0.04341114907026574,-0.03849301785802447,-0.035395103554705945,-0.033757398954897544,-0.0331064377601621,-0.033032044805406544,-0.033249001358776405,-0.033597670067290766,-0.03401718493290061,-0.034521212701370596,-0.035139413843680814,-0.03584511887945146,-0.036577248958669296,-0.0373224829960084,-0.03811336704157602,-0.038927765407308884,-0.039612898182769946,-0.03992698071197367,-0.03969150966504218,-0.03896481395876871,-0.038063102719750774,-0.0373430839084937,-0.036958876590796226,-0.036851759695234514,-0.03695858919611231,-0.037369649088161205,-0.038199415695207066,-0.039292280396172365,-0.04016488605433469,-0.04033649449391318,-0.03973378807922536,-0.0387723457731517,-0.03809043821032054,-0.03822780634982722,-0.039441929943568516,-0.041590709544558804,-0.04405805097541042,-0.04591942952576648,-0.04647109743216028,-0.045754619039377005,-0.044499020975481855,-0.04351662408787853,-0.043245104557599806,-0.04376832172987069,-0.04497952859164158,-0.04661736635862221,-0.04830529861598341,-0.04970660656147825,-0.050706857718318954,-0.051482208967181295,-0.0523524616322507,-0.0534950738039597,-0.05480337074919577,-0.05605992508963964,-0.0571773458882185,-0.058134565795322946,-0.05874476021283487],"upper":[0.13083412783120543,0.12445473762219333,0.11285515936297816,0.09812745910395204,0.08285235148208672,0.06939630323090168,0.059212927341837855,0.05263702982815424,0.04921039073473271,0.04814095457437771,0.04860249724720553,0.04987211525334479,0.05139434584386375,0.05283218494287109,0.05410197284217019,0.05529730553964163,0.05652080829069008,0.057795207080383736,0.05910796586966791,0.060475237168105246,0.061898041896311096,0.06321508886382597,0.06403879665747611,0.06398168727348132,0.0630580806226594,0.06179448411688665,0.06082720896010566,0.060440679726622155,0.06054592177978401,0.061019343080395944,0.061937947841518376,0.06339916522709278,0.06513009015950974,0.06643810518869797,0.06670405764263768,0.06595614605904208,0.06491945756660358,0.06453746467903733,0.06549248994563399,0.06803511119921828,0.07191104838023793,0.07625615673896942,0.07976840423321396,0.08143370186833403,0.0813186779679245,0.08051576117608647,0.08020268809473184,0.08090543661448475,0.08260930761878779,0.08516735040295736,0.08838911474600747,0.09195645691630822,0.09550717724816644,0.09886939778815951,0.10215720422835985,0.10550508012113165,0.10869223902184011,0.11122398898209435,0.11289570538963989,0.11406422921439745,0.11512200795129637,0.11588763556178652]}