{"bin_centers_hours":[-1.375,-1.125,-0.875,-0.625,-0.375,-0.125,0.125,0.375,0.625,0.875,1.125,1.375,1.625,1.875,2.125,2.375,2.625,2.875,3.125,3.375,3.625,3.875,4.125,4.375,4.625,4.875,5.125,5.375,5.625,5.875,6.125,6.375,6.625,6.875,7.125,7.375,7.625,7.875,8.125,8.375,8.625,8.875,9.125,9.375,9.625,9.875,10.125,10.375,10.625,10.875,11.125,11.375,11.625,11.875,12.125,12.375,12.625,12.875,13.125,13.375,13.625,13.875],"mean":[0.02413410400425965,0.02459705044529453,0.025454715368023982,0.02628027708412835,0.0263110083163446,0.025007561045642557,0.02256086197265284,0.019747148932292062,0.01731874913788415,0.015574084738728726,0.014406832653512022,0.013612781507113364,0.013091840397058485,0.012813631060868724,0.012704319742541631,0.012645867053946437,0.01256907472408689,0.0124865767437547,0.012425720163236618,0.012369388354702764,0.012290522636727102,0.012226675129025352,0.012274804705489941,0.012483714161167855,0.012769828355216629,0.012964652978734397,0.012939701090589126,0.012691426936753975,0.012337376198968592,0.01204239136278143,0.011930657814320402,0.01204095911844652,0.012321989616467677,0.012656908393847678,0.01294844815610219,0.013220711655571418,0.013593216794637177,0.014112954780659152,0.014650779459079766,0.015007360027112707,0.015103559311743488,0.015043125300775685,0.01502025679071346,0.015192918712551937,0.015595210699340544,0.01611298872266879,0.016568865062450505,0.01689176679639876,0.017202320731968552,0.01769541429902829,0.018426244103437614,0.01921366902795962,0.01975309961883089,0.019839377525066083,0.01949999675883447,0.018940735525741725,0.01839881328073296,0.018051512499584758,0.018000170224300654,0.018245312651305207,0.018643639595064453,0.018944329943729372],"std":[0.08314384738896329,0.08297254696765714,0.08260924277994801,0.08163178552927497,0.07928619937733616,0.07524045506251037,0.07016493641804705,0.06538550889637877,0.06193280226925558,0.05991923805885432,0.05872065183548939,0.05765253896808405,0.05645595193971633,0.055232545075982645,0.054120716423924596,0.05317217937543809,0.05246792655635218,0.052151006724756324,0.05222651719252041,0.052372908588782824,0.05218490901521261,0.05174661411359632,0.05173816556664272,0.0527184913131578,0.054443954065250766,0.05609253278215182,0.05697593618490151,0.05691203754898311,0.05616703628789482,0.05524732250761723,0.05466653411796302,0.05474919331251564,0.05548616033769919,0.056535890552255656,0.05756406563165449,0.058674737855006355,0.06028887826081881,0.062481755585780015,0.06465323435650301,0.06600222221790397,0.06623197980447482,0.06571101124979709,0.06507097054220219,0.06478812301639238,0.06502239698794397,0.06560699434627602,0.06619442300987419,0.06663597091536741,0.06725064709208325,0.06848538361593287,0.07022149549519478,0.07162778884347251,0.07185521002245422,0.07081192368271487,0.06914932551457031,0.06758661127748601,0.06644294881253547,0.06580099390457667,0.06581375996050273,0.06657538002119273,0.06776514819416037,0.0686653306256316],"n_station_days":1565,"lower":[-0.05900974338470363,-0.05837549652236261,-0.057154527411924026,-0.05535150844514662,-0.052975191060991564,-0.05023289401686781,-0.04760407444539421,-0.04563835996408671,-0.04461405313137143,-0.04434515332012559,-0.04431381918197737,-0.044039757460970684,-0.043364111542657846,-0.04241891401511392,-0.041416396681382965,-0.040526312321491655,-0.039898851832265284,-0.03966442998100163,-0.03980079702928379,-0.04000352023408006,-0.03989438637848551,-0.03951993898457097,-0.03946336086115278,-0.04023477715198994,-0.041674125710034135,-0.043127879803417424,-0.044036235094312384,-0.044220610612229136,-0.043829660088926234,-0.0432049311448358,-0.04273587630364262,-0.04270823419406912,-0.04316417072123151,-0.04387898215840798,-0.0446156174755523,-0.045454026199434935,-0.046695661466181634,-0.04836880080512086,-0.05000245489742325,-0.05099486219079127,-0.05112842049273133,-0.0506678859490214,-0.05005071375148873,-0.04959520430384044,-0.04942718628860343,-0.04949400562360723,-0.04962555794742368,-0.049744204118968655,-0.050048326360114706,-0.050789969316904576,-0.05179525139175717,-0.05241411981551289,-0.052102110403623336,-0.05097254615764879,-0.04964932875573584,-0.04864587575174428,-0.048044135531802507,-0.04774948140499191,-0.047813589736202075,-0.04833006736988753,-0.04912150859909591,-0.04972100068190223],"upper":[0.10727795139322294,0.10756959741295168,0.10806395814797198,0.10791206261340332,0.10559720769368076,0.10024801610815293,0.09272579839069989,0.08513265782867083,0.07925155140713973,0.07549332279758304,0.07312748448900142,0.07126532047519742,0.06954779233677481,0.06804617613685136,0.06682503616646623,0.06581804642938453,0.06503700128043907,0.06463758346851102,0.06465223735575702,0.06474229694348559,0.06447543165193971,0.06397328924262168,0.06401297027213267,0.06520220547432565,0.0672137824204674,0.06905718576088622,0.06991563727549063,0.06960346448573708,0.06850441248686341,0.06728971387039866,0.06659719193228342,0.06679015243096216,0.06780814995416687,0.06919279894610333,0.07051251378775668,0.07189544951057777,0.07388209505545598,0.07659471036643917,0.07930401381558277,0.08100958224501668,0.0813355391162183,0.08075413655057277,0.08009122733291565,0.07998104172894431,0.08061760768728451,0.08171998306894482,0.08276328807232469,0.08352773771176616,0.0844529678240518,0.08618079791496117,0.0886477395986324,0.09084145787143214,0.09160830964128511,0.09065130120778095,0.08864932227340479,0.08652734680322774,0.08484176209326844,0.08385250640416142,0.08381393018480339,0.08482069267249794,0.08640878778922481,0.08760966056936097]}