{"bin_centers_hours":[-1.375,-1.125,-0.875,-0.625,-0.375,-0.125,0.125,0.375,0.625,0.875,1.125,1.375,1.625,1.875,2.125,2.375,2.625,2.875,3.125,3.375,3.625,3.875,4.125,4.375,4.625,4.875,5.125,5.375,5.625,5.875,6.125,6.375,6.625,6.875,7.125,7.375,7.625,7.875,8.125,8.375,8.625,8.875,9.125,9.375,9.625,9.875,10.125,10.375,10.625,10.875,11.125,11.375,11.625,11.875,12.125,12.375,12.625,12.875,13.125,13.375,13.625,13.875],"mean":[0.00040360046820715463,0.0005072601344400316,0.0006357518451441579,0.0007052245546456485,0.000716192746672052,0.0007887403303784124,0.0011079628642951317,0.001808569164656373,0.002881147468802609,0.004216018782119554,0.005714690683057997,0.007213849538315896,0.008273798066583796,0.008317298410502562,0.007196937690585507,0.005470503468969965,0.003951581545209097,0.003099597543588098,0.002889999473606627,0.003070507645541984,0.0034036150976696246,0.0037896529120911623,0.004309046662202577,0.005114138300811506,0.006164456948661218,0.007115812198855771,0.0076127105255178375,0.007707335669913694,0.007898128446839894,0.008698796796734045,0.010104910672151574,0.01143227349045003,0.011810741041850936,0.010997916560579213,0.009642182979859523,0.00867360330997722,0.008572293136039091,0.009314866068701314,0.010794035674542683,0.013040058269077942,0.01606399471271019,0.0197177802274293,0.023841389140241562,0.028459930395356346,0.033590524098388086,0.03876518244638826,0.042999721153060944,0.04545123132512313,0.04595205034176805,0.04485103826642893,0.04267532260441359,0.039975173772492927,0.03711916257736848,0.034202073970169194,0.03139382394090655,0.02932048676941985,0.028896855459085134,0.03066646352990308,0.03408095077998083,0.03749070897366712,0.03941502528034293,0.03990530304750607],"std":[0.0023533586240545284,0.0029575677457045323,0.0037055656978536773,0.004105101780215768,0.004148525449686376,0.004509495411587655,0.006218772769014146,0.00997212392523792,0.015540890791170799,0.021980301919205886,0.02841356129674087,0.03405600605962044,0.03737303368197475,0.036410668577401856,0.030875056018844823,0.0231605964297062,0.01656391501867892,0.01292243545676327,0.012148449771600086,0.01320562975818749,0.015016636243261825,0.017037278155430834,0.019547808646514075,0.023160173499461496,0.02758270480413292,0.03121939923909236,0.03263015939017885,0.03232860489825449,0.03267231083170089,0.03578927216560819,0.04137874512724308,0.04632766867093131,0.047043925115230076,0.04279173322608604,0.036388739029600506,0.03135920836971451,0.029083529671763916,0.029057471509383603,0.03086847167405939,0.0350662242656624,0.042397999635126145,0.05279848992780551,0.06518466920817213,0.07812196439453582,0.09042856586730953,0.10087750540905828,0.1079061234661612,0.11045991952066501,0.10884458335192958,0.10421896274225526,0.09787132151873357,0.09124577093700226,0.0858365398505244,0.08275429235382921,0.08264260119311832,0.08572079891494663,0.09173268717922012,0.09999270092528752,0.10878617855773336,0.11496722026051669,0.11641538251341249,0.11519003261275511],"n_station_days":35,"lower":[-0.0019497581558473739,-0.0024503076112645005,-0.0030698138527095195,-0.0033998772255701194,-0.003432332703014324,-0.0037207550812092425,-0.005110809904719014,-0.008163554760581547,-0.01265974332236819,-0.01776428313708633,-0.02269887061368287,-0.026842156521304544,-0.02909923561539095,-0.028093370166899292,-0.023678118328259317,-0.017690092960736235,-0.012612333473469826,-0.009822837913175172,-0.00925845029799346,-0.010135122112645506,-0.011613021145592201,-0.013247625243339672,-0.015238761984311497,-0.01804603519864999,-0.021418247855471702,-0.024103587040236588,-0.025017448864661014,-0.024621269228340795,-0.024774182384860996,-0.027090475368874146,-0.031273834455091507,-0.034895395180481285,-0.03523318407337914,-0.031793816665506826,-0.026746556049740983,-0.02268560505973729,-0.020511236535724824,-0.01974260544068229,-0.020074435999516707,-0.02202616599658446,-0.026334004922415954,-0.033080709700376215,-0.041343280067930574,-0.049662033999179477,-0.056838041768921446,-0.06211232296267002,-0.06490640231310026,-0.06500868819554188,-0.06289253301016152,-0.059367924475826325,-0.05519599891431998,-0.05127059716450933,-0.04871737727315593,-0.048552218383660015,-0.051248777252211775,-0.05640031214552678,-0.06283583172013499,-0.06932623739538443,-0.07470522777775253,-0.07747651128684957,-0.07700035723306956,-0.07528472956524904],"upper":[0.002756959092261683,0.003464827880144564,0.004341317542997835,0.0048103263348614166,0.004864718196358428,0.005298235741966068,0.0073267356333092774,0.011780693089894293,0.01842203825997341,0.02619632070132544,0.034128251979798865,0.041269855597936334,0.04564683174855855,0.04472796698790442,0.03807199370943033,0.028631099898676165,0.020515496563888017,0.01602203300035137,0.015038449245206713,0.016276137403729473,0.01842025134093145,0.020826931067521995,0.023856855308716653,0.028274311800273,0.03374716175279414,0.03833521143794813,0.04024286991569669,0.040035940568168185,0.04057043927854079,0.04448806896234224,0.05148365579939465,0.05775994216138134,0.058854666157081015,0.05378964978666525,0.04603092200946003,0.04003281167969173,0.03765582280780301,0.03837233757808492,0.04166250734860207,0.04810628253474034,0.05846199434783633,0.0725162701552348,0.08902605834841369,0.10658189478989216,0.12401908996569762,0.13964268785544653,0.15090584461922213,0.15591115084578816,0.15479663369369762,0.14907000100868417,0.14054664412314716,0.1312209447094952,0.12295570242789289,0.1169563663239984,0.11403642513402487,0.11504128568436649,0.12062954263830525,0.1306591644551906,0.14286712933771417,0.1524579292341838,0.15583040779375543,0.15509533566026118]}