{"bin_centers_hours":[-1.375,-1.125,-0.875,-0.625,-0.375,-0.125,0.125,0.375,0.625,0.875,1.125,1.375,1.625,1.875,2.125,2.375,2.625,2.875,3.125,3.375,3.625,3.875,4.125,4.375,4.625,4.875,5.125,5.375,5.625,5.875,6.125,6.375,6.625,6.875,7.125,7.375,7.625,7.875,8.125,8.375,8.625,8.875,9.125,9.375,9.625,9.875,10.125,10.375,10.625,10.875,11.125,11.375,11.625,11.875,12.125,12.375,12.625,12.875,13.125,13.375,13.625,13.875],"mean":[0.00978655107911812,0.011087244839188588,0.01334032010598842,0.016209884039794047,0.019587896480937714,0.02337752323106369,0.027221120758369383,0.030631264833315915,0.033326278543100864,0.03525936915106227,0.03637098940380837,0.03652079184046484,0.03571464788325259,0.03426276078440374,0.03262044172265276,0.031104316663214497,0.029775551030902875,0.0285268736420418,0.027226215523957677,0.0257871733574211,0.024160436317232477,0.022357655194749578,0.020540304745336472,0.01898863232910409,0.017868143901499992,0.01706743786583088,0.016347482478263776,0.015599367444007018,0.014876250706998124,0.01422429386885692,0.013620931854661022,0.013097978306345152,0.012784795791676238,0.012744764861998539,0.01283753831337691,0.012820148678441737,0.012556548253007803,0.012076506589711003,0.011465385636446678,0.010776936747110744,0.010060722715612572,0.009381574182570497,0.008760961138324364,0.008164509273460097,0.0075991393547512965,0.007177113232005292,0.007029218364882184,0.007158959706131949,0.007411675068136908,0.007591940334627584,0.007589661256662708,0.007401553759888095,0.007088707341470487,0.006751142955970477,0.006499403348243142,0.006385249679587309,0.006347484635265979,0.006242178430424237,0.005943942250723224,0.005445684114085221,0.004894013042805186,0.004526411015656813],"std":[0.050953018403273195,0.05404811450514327,0.05898416262705378,0.06455507141323368,0.07048902962151005,0.07683960852114054,0.08303485892347473,0.08814366148114347,0.09183603882997746,0.0944188379535545,0.09598632158774154,0.09616578881387391,0.09487087898431827,0.09286496082764532,0.0913073925981017,0.09088216806831895,0.09137714366389227,0.09185164129629506,0.09113094847572875,0.08835654640123339,0.08338047470476706,0.07695342192521865,0.07061633911378189,0.06598632906258917,0.06368694831322534,0.06298539538906459,0.06258170646531834,0.061562891912741696,0.059578288722824474,0.05662454206999669,0.05316595355345008,0.05025311101605966,0.0489136550558448,0.04922031937765559,0.050158342387456,0.0505147814574149,0.04983058658810287,0.04848596565740569,0.0470794104567257,0.04593305766810432,0.045107150342083006,0.04448026877044578,0.04368209842992941,0.04237442360298913,0.04086602523122184,0.040137746623933775,0.040930131986135376,0.04290687979277069,0.044914731567089555,0.04597371566448583,0.045793600611755615,0.044487855164403275,0.042307247898536064,0.03985819142103698,0.038167014861945806,0.03807025483878348,0.039487140883101055,0.041327872956911316,0.04214226813449701,0.04111648632352193,0.03880342912743542,0.03689141432825931],"n_station_days":727,"lower":[-0.041166467324155076,-0.04296086966595468,-0.045643842521065355,-0.048345187373439624,-0.05090113314057233,-0.053462085290076844,-0.05581373816510535,-0.057512396647827556,-0.05850976028687659,-0.05915946880249223,-0.05961533218393317,-0.059644996973409074,-0.05915623110106568,-0.058602200043241584,-0.05868695087544894,-0.05977785140510445,-0.061601592632989394,-0.06332476765425325,-0.06390473295177107,-0.06256937304381228,-0.05922003838753458,-0.054595766730469064,-0.05007603436844542,-0.04699769673348508,-0.04581880441172535,-0.0459179575232337,-0.04623422398705457,-0.04596352446873468,-0.044702038015826354,-0.04240024820113977,-0.039545021698789054,-0.0371551327097145,-0.03612885926416856,-0.03647555451565705,-0.03732080407407909,-0.03769463277897316,-0.037274038335095065,-0.03640945906769469,-0.03561402482027902,-0.03515612092099358,-0.035046427626470436,-0.03509869458787528,-0.034921137291605044,-0.03420991432952904,-0.033266885876470545,-0.03296063339192848,-0.03390091362125319,-0.03574792008663874,-0.03750305649895265,-0.03838177532985825,-0.038203939355092906,-0.03708630140451518,-0.03521854055706558,-0.0331070484650665,-0.03166761151370266,-0.03168500515919617,-0.033139656247835075,-0.03508569452648708,-0.03619832588377378,-0.03567080220943671,-0.03390941608463023,-0.0323650033126025],"upper":[0.060739569482391315,0.06513535934433186,0.07232448273304219,0.08076495545302773,0.09007692610244776,0.10021713175220423,0.11025597968184411,0.11877492631445938,0.1251623173730783,0.12967820710461678,0.1323573109915499,0.13268658065433875,0.13058552686757086,0.12712772161204905,0.12392783432075445,0.12198648473153345,0.12115269469479514,0.12037851493833686,0.11835716399968643,0.11414371975865449,0.10754091102199953,0.09931107711996823,0.09115664385911836,0.08497496139169325,0.08155509221472533,0.08005283325489547,0.07892918894358211,0.07716225935674871,0.0744545394298226,0.0708488359388536,0.0667868854081111,0.06335108932240481,0.06169845084752104,0.061965084239654133,0.06299588070083291,0.06333493013585664,0.06238713484111067,0.060562472247116694,0.05854479609317238,0.05670999441521506,0.05516787305769558,0.05386184295301628,0.05244305956825377,0.05053893287644923,0.048465164585973136,0.04731485985593907,0.04795935035101756,0.05006583949890264,0.05232640663522646,0.053565655999113414,0.053383261868418325,0.05188940892429137,0.04939595524000655,0.046609334377007455,0.04466641821018895,0.044455504518370784,0.045834625518367034,0.047570051387335555,0.048086210385220235,0.04656217043760715,0.0436974421702406,0.04141782534391612]}