{"bin_centers_hours":[-1.375,-1.125,-0.875,-0.625,-0.375,-0.125,0.125,0.375,0.625,0.875,1.125,1.375,1.625,1.875,2.125,2.375,2.625,2.875,3.125,3.375,3.625,3.875,4.125,4.375,4.625,4.875,5.125,5.375,5.625,5.875,6.125,6.375,6.625,6.875,7.125,7.375,7.625,7.875,8.125,8.375,8.625,8.875,9.125,9.375,9.625,9.875,10.125,10.375,10.625,10.875,11.125,11.375,11.625,11.875,12.125,12.375,12.625,12.875,13.125,13.375,13.625,13.875],"mean":[0.009963625505564032,0.013192583768602661,0.01950713104731994,0.027965801389794244,0.036529074171876286,0.0428382557428714,0.04545432314151722,0.04437761779125794,0.0406143335359175,0.03544442059820139,0.029929066380446824,0.02480006575044553,0.020613818346926365,0.017839111536998457,0.01664772213495921,0.016635206176188015,0.01695823055020325,0.016920021365788365,0.016434096277249993,0.01589986963472015,0.01566795568136068,0.015650403347516016,0.015428064423428825,0.014671937978406088,0.013376239125812933,0.011745915077800408,0.010045002099719934,0.008594989723473759,0.007767199026386567,0.007826095288200092,0.008761544023255394,0.010367371278397859,0.012555427879737265,0.015542832617414987,0.019656276806692675,0.024881126298853088,0.030422220897678563,0.034567967977071526,0.03529339871278658,0.031634961423604856,0.02471330582726703,0.017124910074258825,0.01116221611113877,0.007629221257723164,0.006064982653928937,0.00562967659848024,0.005700865949265753,0.0059608623469592364,0.006240469504338711,0.006385624133269076,0.006252055089691472,0.005789061956694963,0.005095640236020756,0.004351824565683473,0.0036819758297254295,0.0031289727031985847,0.0027598271698694643,0.002714947609460046,0.003095894477076582,0.0038163715865430718,0.004592317585063879,0.0050876721998956735],"std":[0.04625650978240805,0.05670905167947114,0.0763969156433194,0.10145319789043807,0.12534544883203844,0.1418356615906213,0.14832134957966278,0.14619372125774144,0.13858311748264238,0.12820130795149837,0.11662118612162135,0.1047677326975411,0.09392374621347338,0.08611832826657213,0.08296241407052003,0.08374062182923882,0.08521759332055555,0.08405895479582007,0.0796078166141171,0.07417181005361075,0.0705383998362095,0.06920466243588509,0.06813016769401295,0.06503244640061512,0.059389261594965076,0.052345008874674685,0.045606966223722116,0.04087529159116727,0.03969506577670133,0.04293618036085905,0.050102918738097635,0.05963132829013758,0.07034930451326896,0.08236812962731324,0.09614985603475952,0.11087922058952603,0.12389720002079076,0.13135686139993366,0.12954544484113895,0.1169000558153352,0.0958700232750777,0.07241422984967533,0.052730674107810085,0.0400115517572424,0.0338329149370774,0.03188581642870681,0.03200407257435689,0.03307213428483738,0.03471731553124923,0.036478152644164305,0.037355783986461125,0.036293769528905825,0.03312423047798295,0.02876754036078191,0.024402787086030428,0.020817659160155967,0.018636572997293196,0.018601668107364064,0.02113649052241674,0.025638980955548583,0.03041490336689895,0.033456833164097276],"n_station_days":142,"lower":[-0.03629288427684402,-0.04351646791086848,-0.05688978459599946,-0.07348739650064381,-0.08881637466016215,-0.09899740584774991,-0.10286702643814556,-0.1018161034664835,-0.09796878394672487,-0.09275688735329699,-0.08669211974117452,-0.07996766694709556,-0.07330992786654701,-0.06827921672957368,-0.06631469193556082,-0.06710541565305081,-0.0682593627703523,-0.0671389334300317,-0.0631737203368671,-0.0582719404188906,-0.054870444154848826,-0.053554259088369076,-0.052702103270584125,-0.05036050842220903,-0.04601302246915214,-0.04059909379687428,-0.035561964124002185,-0.03228030186769351,-0.03192786675031476,-0.035110085072658954,-0.04134137471484224,-0.04926395701173972,-0.05779387663353169,-0.06682529700989825,-0.07649357922806685,-0.08599809429067294,-0.0934749791231122,-0.09678889342286214,-0.09425204612835236,-0.08526509439173036,-0.07115671744781066,-0.0552893197754165,-0.04156845799667132,-0.03238233049951923,-0.027767932283148465,-0.02625613983022657,-0.026303206625091138,-0.027111271937878142,-0.02847684602691052,-0.03009252851089523,-0.031103728896769652,-0.03050470757221086,-0.028028590241962192,-0.024415715795098436,-0.020720811256304997,-0.017688686456957384,-0.01587674582742373,-0.015886720497904017,-0.018040596045340158,-0.021822609369005513,-0.02582258578183507,-0.0283691609642016],"upper":[0.05622013528797208,0.0699016354480738,0.09590404669063933,0.12941899928023232,0.16187452300391472,0.1846739173334927,0.19377567272118001,0.19057133904899937,0.17919745101855988,0.16364572854969975,0.14655025250206818,0.12956779844798663,0.11453756456039975,0.10395743980357058,0.09961013620547925,0.10037582800542683,0.1021758238707588,0.10097897616160843,0.0960419128913671,0.0900716796883309,0.0862063555175702,0.0848550657834011,0.08355823211744177,0.0797043843790212,0.072765500720778,0.06409092395247509,0.05565196832344205,0.049470281314641026,0.0474622648030879,0.05076227564905914,0.05886446276135303,0.06999869956853544,0.08290473239300622,0.09791096224472823,0.11580613284145219,0.13576034688837912,0.1543194209184693,0.1659248293770052,0.16483884355392553,0.14853501723894005,0.12058332910234473,0.08953913992393416,0.06389289021894885,0.04764077301496557,0.039897897591006336,0.03751549302718705,0.037704938523622646,0.039032996631796615,0.04095778503558794,0.04286377677743338,0.043607839076152594,0.04208283148560079,0.038219870714003706,0.03311936492646538,0.02808476291575586,0.02394663186335455,0.02139640016716266,0.02131661571682411,0.02423238499949332,0.029455352542091653,0.03500722095196283,0.03854450536399295]}