{"bin_centers_hours":[-1.375,-1.125,-0.875,-0.625,-0.375,-0.125,0.125,0.375,0.625,0.875,1.125,1.375,1.625,1.875,2.125,2.375,2.625,2.875,3.125,3.375,3.625,3.875,4.125,4.375,4.625,4.875,5.125,5.375,5.625,5.875,6.125,6.375,6.625,6.875,7.125,7.375,7.625,7.875,8.125,8.375,8.625,8.875,9.125,9.375,9.625,9.875,10.125,10.375,10.625,10.875,11.125,11.375,11.625,11.875,12.125,12.375,12.625,12.875,13.125,13.375,13.625,13.875],"mean":[0.019825020562227853,0.021838812556748303,0.02508523512241657,0.02847976249220207,0.03125541533412719,0.033193090861010695,0.03431973180713769,0.0345543870075021,0.0337168387331376,0.031764664523528635,0.028946594536116088,0.025756869767138157,0.02274239610810664,0.020294974802843476,0.018576239715936287,0.017581585495966685,0.017209168833953424,0.017270745562950395,0.017484348656405913,0.017505899934829827,0.01708266566323581,0.01626459411198766,0.01538505800301698,0.014751486851235332,0.014426500618753288,0.014339505341755434,0.014442348665991365,0.014642204332590029,0.014738196828737178,0.014587701858909858,0.014257132427025374,0.013910530936208901,0.01362164251326292,0.013348014508537152,0.013031757492812764,0.01271404729575613,0.01257115269536872,0.012765657453980861,0.01319944788736624,0.013488808178247711,0.013275984098820656,0.012555120804385754,0.01167433401565613,0.01104308033761867,0.010825122026318931,0.010861577795990162,0.010849310037883572,0.01058757212124198,0.010101338263912801,0.009593435663871214,0.009290126214745228,0.009275740550921051,0.009433594254587133,0.00956718233719899,0.009588927743324706,0.009545257526404161,0.009462887787052976,0.009262983291137308,0.008860645320580075,0.008291579609647834,0.007721428535631309,0.007362535584004067],"std":[0.07250801266560193,0.07532873968968615,0.07969815297736701,0.08386813648988974,0.08691100273767474,0.08916457076627991,0.09110296886010365,0.09210433593038363,0.09072851594758378,0.0861334638905324,0.07904858002973654,0.07137885921893686,0.06493114919332608,0.06052413079363263,0.05813415718693961,0.05747961753348346,0.05818008755295007,0.05957353493056404,0.06074642905745608,0.06080983609250525,0.05934277766257585,0.05686091951771376,0.05458797790906086,0.05334603065034348,0.05290288864150286,0.052688903693203525,0.052642221644286606,0.05291242703810235,0.05325823789558496,0.053306388706358274,0.053088396469853104,0.05297320938689582,0.0532561181257691,0.053843574913965915,0.05416883820081144,0.05373750665878895,0.05307137712532643,0.05354838584263951,0.0556941208167553,0.05805371326770761,0.05847919238183345,0.05646051197836106,0.053750487465717076,0.052606010373532096,0.05358287933629759,0.05513066744597708,0.055174812001335824,0.05287629243728327,0.04904911835879475,0.045381191720395356,0.04333532594343334,0.04327648712816756,0.04437856014743783,0.045562886302115246,0.04651390646141753,0.04747586718972506,0.0483168710042944,0.048413626862782375,0.04735677724745782,0.045321885316007914,0.04297987363393458,0.04136468113963218],"n_station_days":283,"lower":[-0.05268299210337408,-0.05348992713293785,-0.05461291785495044,-0.055388373997687666,-0.05565558740354755,-0.05597147990526922,-0.05678323705296596,-0.057549948922881525,-0.05701167721444619,-0.05436879936700377,-0.05010198549362045,-0.0456219894517987,-0.042188753085219445,-0.04022915599078915,-0.03955791747100332,-0.03989803203751678,-0.04097091871899665,-0.04230278936761364,-0.04326208040105017,-0.04330393615767543,-0.04226011199934004,-0.040596325405726094,-0.039202919906043875,-0.03859454379910815,-0.03847638802274957,-0.03834939835144809,-0.03819987297829524,-0.03827022270551232,-0.03852004106684778,-0.03871868684744842,-0.03883126404282773,-0.03906267845068692,-0.03963447561250618,-0.04049556040542876,-0.04113708070799868,-0.041023459363032824,-0.04050022442995771,-0.04078272838865865,-0.04249467292938906,-0.0445649050894599,-0.045203208283012795,-0.0439053911739753,-0.042076153450060945,-0.04156293003591342,-0.042757757309978654,-0.04426908964998692,-0.04432550196345225,-0.04228872031604129,-0.038947780094881944,-0.03578775605652414,-0.03404519972868811,-0.03400074657724651,-0.0349449658928507,-0.035995703964916255,-0.036924978718092825,-0.0379306096633209,-0.03885398321724143,-0.039150643571645063,-0.038496131926877744,-0.03703030570636008,-0.03525844509830327,-0.03400214555562811],"upper":[0.09233303322782979,0.09716755224643445,0.10478338809978359,0.1123478989820918,0.11816641807180193,0.12235766162729061,0.12542270066724134,0.12665872293788571,0.12444535468072138,0.11789812841406104,0.10799517456585263,0.09713572898607502,0.08767354530143273,0.0808191055964761,0.0767103969028759,0.07506120302945014,0.0753892563869035,0.07684428049351444,0.078230777713862,0.07831573602733508,0.07642544332581166,0.07312551362970142,0.06997303591207783,0.06809751750157882,0.06732938926025615,0.06702840903495896,0.06708457031027797,0.06755463137069238,0.06799643472432214,0.06789409056526813,0.06734552889687848,0.06688374032310472,0.06687776063903202,0.06719158942250307,0.0672005956936242,0.06645155395454508,0.06564252982069516,0.06631404329662037,0.06889356870412154,0.07154252144595533,0.0717551764806541,0.0690156327827468,0.06542482148137321,0.06364909071115077,0.06440800136261651,0.06599224524196724,0.0660241220392194,0.06346386455852525,0.05915045662270755,0.05497462738426657,0.05262545215817857,0.05255222767908861,0.05381215440202496,0.05513006863931424,0.056102834204742234,0.05702112471612922,0.05777975879134738,0.057676610153919686,0.0562174225680379,0.053613464925655746,0.05070130216956589,0.04872721672363625]}