{"bin_centers_hours":[-1.375,-1.125,-0.875,-0.625,-0.375,-0.125,0.125,0.375,0.625,0.875,1.125,1.375,1.625,1.875,2.125,2.375,2.625,2.875,3.125,3.375,3.625,3.875,4.125,4.375,4.625,4.875,5.125,5.375,5.625,5.875,6.125,6.375,6.625,6.875,7.125,7.375,7.625,7.875,8.125,8.375,8.625,8.875,9.125,9.375,9.625,9.875,10.125,10.375,10.625,10.875,11.125,11.375,11.625,11.875,12.125,12.375,12.625,12.875,13.125,13.375,13.625,13.875],"mean":[0.06478993380376764,0.06008165746112744,0.05122720577428997,0.04009470659961894,0.029543269007729727,0.02180205638658491,0.01736830388278636,0.015435965974234599,0.014930910667683496,0.015046824666967605,0.015224297013599668,0.015056089475747627,0.014359914296943898,0.01327314636224433,0.012134122259047992,0.011183333392579512,0.010402958121597028,0.009659472945622664,0.008916178648498927,0.008238879607410229,0.007666714328517499,0.007179646954640804,0.006771723653097421,0.006482982632237989,0.00634900229268658,0.006344476806033,0.006380205441915142,0.006361392952481947,0.006263131616573565,0.006142563545843603,0.006072292596884714,0.0060711389971004025,0.00609649784248659,0.006095772699387894,0.006063065062879817,0.0060439657221263285,0.006101232185443077,0.006310410185541076,0.006774331778640311,0.00756806096642737,0.008634780625338241,0.009784441343414527,0.010840446246652194,0.01176152660222278,0.01257159715231214,0.013194782644285146,0.013434188406577764,0.013168141720599207,0.012577325134722723,0.012165316573570253,0.012525465105041355,0.014023721169135132,0.016588482443951977,0.019731745344357638,0.022834817130236683,0.025534442075571373,0.027875174976141167,0.030057357377071776,0.03205649236461437,0.03358210138649089,0.03442744833574501,0.0347223712329201],"std":[0.1793430479512632,0.1693754947678345,0.1512682783843917,0.12905997360490282,0.1078458859195703,0.09133029274161195,0.0806261190041394,0.07512619927938849,0.07363813671138417,0.07451458060084816,0.07553472273904242,0.07456680361401812,0.07078238056129613,0.06524929151588268,0.06002519955134964,0.05633992330801831,0.053708589352757526,0.05091958135642975,0.04756142331528023,0.04421484038936953,0.041429538157137104,0.03912081887605042,0.03703533407175198,0.03541878239512965,0.03496211931942179,0.03605226670735855,0.03810192530041701,0.03978734452592456,0.04014812955873408,0.03938228491672696,0.03842889839674881,0.03789985039175161,0.037589437082476716,0.036967097260838355,0.035914885201330946,0.034817850487818644,0.03412137604037395,0.034196022572690825,0.03556268092048184,0.03873016492514476,0.04359532617483362,0.04927612041066649,0.05476588202267513,0.05964133174953912,0.06392229557779261,0.06731048511331304,0.06889698499331888,0.06794631540749344,0.06503899772647077,0.06226179451531845,0.062053357537590066,0.06570161940782315,0.07264286510615223,0.08094865295349236,0.08867341515376752,0.09515274695748714,0.10115276458460241,0.10767541511205957,0.1146126734872152,0.12068917613421598,0.1247014916334868,0.12648892504879225],"n_station_days":826,"lower":[-0.11455311414749557,-0.10929383730670707,-0.10004107261010173,-0.08896526700528387,-0.07830261691184057,-0.06952823635502703,-0.06325781512135303,-0.05969023330515389,-0.05870722604370067,-0.05946775593388055,-0.060310425725442755,-0.059510714138270485,-0.056422466264352225,-0.05197614515363835,-0.047891077292301645,-0.0451565899154388,-0.0433056312311605,-0.041260108410807086,-0.038645244666781306,-0.0359759607819593,-0.03376282382861961,-0.03194117192140962,-0.030263610418654562,-0.028935799762891658,-0.028613117026735208,-0.029707789901325554,-0.03172171985850187,-0.033425951573442615,-0.033884997942160516,-0.03323972137088336,-0.032356605799864095,-0.03182871139465121,-0.03149293923999012,-0.03087132456145046,-0.029851820138451127,-0.028773884765692315,-0.028020143854930873,-0.027885612387149747,-0.028788349141841533,-0.031162103958717387,-0.034960545549495375,-0.039491679067251956,-0.04392543577602293,-0.04787980514731634,-0.05135069842548047,-0.054115702469027895,-0.055462796586741116,-0.05477817368689423,-0.052461672591748054,-0.050096477941748194,-0.04952789243254871,-0.05167789823868802,-0.05605438266220025,-0.06121690760913473,-0.06583859802353084,-0.06961830488191577,-0.07327758960846124,-0.07761805773498778,-0.08255618112260082,-0.08710707474772508,-0.0902740432977418,-0.09176655381587215],"upper":[0.24413298175503084,0.22945715222896196,0.20249548415868165,0.16915468020452176,0.13738915492730003,0.11313234912819686,0.09799442288692575,0.0905621652536231,0.08856904737906766,0.08956140526781577,0.09075901975264208,0.08962289308976575,0.08514229485824003,0.07852243787812702,0.07215932181039764,0.06752325670059782,0.06411154747435455,0.06057905430205242,0.056477601963779156,0.05245371999677976,0.0490962524856546,0.04630046583069122,0.043807057724849406,0.041901765027367636,0.04131112161210837,0.04239674351339155,0.044482130742332156,0.04614873747840651,0.04641126117530764,0.045524848462570565,0.044501190993633526,0.04397098938885201,0.04368593492496331,0.04306286996022625,0.041977950264210764,0.04086181620994497,0.040222608225817025,0.0405064327582319,0.042337012699122156,0.04629822589157213,0.05223010680017186,0.05906056175408102,0.06560632826932732,0.0714028583517619,0.07649389273010475,0.08050526775759818,0.08233117339989665,0.08111445712809265,0.07761632286119349,0.0744271110888887,0.07457882264263142,0.07972534057695829,0.0892313475501042,0.10068039829785,0.1115082322840042,0.12068718903305851,0.12902793956074357,0.13773277248913135,0.14666916585182957,0.15427127752070688,0.1591289399692318,0.16121129628171235]}