{"bin_centers_hours":[-1.375,-1.125,-0.875,-0.625,-0.375,-0.125,0.125,0.375,0.625,0.875,1.125,1.375,1.625,1.875,2.125,2.375,2.625,2.875,3.125,3.375,3.625,3.875,4.125,4.375,4.625,4.875,5.125,5.375,5.625,5.875,6.125,6.375,6.625,6.875,7.125,7.375,7.625,7.875,8.125,8.375,8.625,8.875,9.125,9.375,9.625,9.875,10.125,10.375,10.625,10.875,11.125,11.375,11.625,11.875,12.125,12.375,12.625,12.875,13.125,13.375,13.625,13.875],"mean":[0.00786497340112145,0.010199461351192991,0.014412819871781288,0.019693908375934738,0.025120069690192655,0.029932631130552376,0.03368230479836487,0.0362381583812721,0.03771376563876632,0.03832303471986973,0.038240475382704565,0.037568657848030006,0.036395331976304825,0.034840364997601576,0.03304739441291068,0.031147397738507134,0.029226297835693395,0.027321225908096727,0.02545189622561569,0.023658498621463044,0.022004944796533303,0.02054868141937974,0.0193141330472365,0.018288797705265578,0.017433816602547718,0.016700986746272763,0.016055058246445812,0.015490521982334218,0.015025331607570051,0.014672490912993032,0.014414552661986319,0.014205372565767106,0.014000398558696782,0.013789133294106196,0.013595292418464723,0.013439470416984284,0.013294479210447597,0.013076901603236378,0.01269819177692404,0.012139533916449322,0.011468588366837661,0.010772834791906827,0.010088380970424787,0.00940316448604742,0.008706052222805093,0.008005885849981046,0.007312855510953528,0.006628844313968054,0.005962513229109422,0.005340200255387071,0.00479236168788519,0.004329880367569835,0.003934238133647081,0.0035696393072493283,0.003209619086710804,0.0028588139077142917,0.0025495193025441933,0.0023161162245419597,0.0021726787108344607,0.0021091143541051723,0.0020977269046748366,0.002104214219484672],"std":[0.0357288169551914,0.039845673882870435,0.047176382668960216,0.05624777833101443,0.06551735519804706,0.0737528482112944,0.08020053060456356,0.08466017106346045,0.0874209626011035,0.08894786471451324,0.08953848856823717,0.08927289187763,0.08819102031325854,0.08639969650439304,0.08403760945295778,0.08123625503041013,0.07812974423324273,0.07487963165641864,0.07168477892901397,0.06874787437108906,0.06618826635076944,0.06397826496313526,0.06199210258405874,0.06012732408794019,0.058379229602258956,0.05682328777869593,0.05556253988474332,0.05468791811466023,0.05423423095096842,0.05412759173004235,0.054183616185410205,0.0541957353283017,0.05405622421574426,0.05379220526663619,0.05347864859271113,0.05312543857274946,0.05262727239480462,0.05180072544671387,0.050518156763175,0.048860050142216456,0.04708553545240894,0.045400231321684484,0.04381548993144285,0.042283208489294254,0.04084932641876568,0.0395560220839046,0.038266929338217175,0.03673040134639314,0.034845013865510956,0.03280569120766496,0.030957668346368795,0.02951497128145724,0.028417260129704414,0.02742659834755896,0.02635303309442276,0.025213910423059243,0.024204521272613185,0.023545083533995835,0.02336260984908995,0.02363989261903396,0.024168277714431658,0.024583776607927453],"n_station_days":9556,"lower":[-0.027863843554069952,-0.029646212531677443,-0.03276356279717893,-0.03655386995507969,-0.04039728550785441,-0.04382021708074202,-0.04651822580619869,-0.048422012682188355,-0.049707196962337184,-0.05062482999464351,-0.0512980131855326,-0.0517042340296,-0.051795688336953714,-0.05155933150679146,-0.0509902150400471,-0.05008885729190299,-0.04890344639754934,-0.047558405748321916,-0.04623288270339827,-0.045089375749626015,-0.044183321554236134,-0.04342958354375552,-0.042677969536822236,-0.041838526382674615,-0.04094541299971124,-0.04012230103242316,-0.03950748163829751,-0.03919739613232601,-0.03920889934339837,-0.03945510081704932,-0.03976906352342389,-0.03999036276253459,-0.04005582565704748,-0.04000307197252999,-0.039883356174246404,-0.03968596815576518,-0.03933279318435703,-0.038723823843477494,-0.037819964986250953,-0.036720516225767136,-0.03561694708557128,-0.03462739652977766,-0.03372710896101806,-0.03288004400324683,-0.03214327419596059,-0.031550136233923554,-0.030954073827263645,-0.030101557032425084,-0.028882500636401534,-0.02746549095227789,-0.026165306658483607,-0.025185090913887404,-0.024483021996057334,-0.02385695904030963,-0.023143414007711957,-0.022355096515344952,-0.02165500197006899,-0.021228967309453874,-0.02118993113825549,-0.021530778264928788,-0.022070550809756822,-0.02247956238844278],"upper":[0.04359379035631285,0.050045135234063426,0.0615892025407415,0.07594168670694917,0.09063742488823973,0.10368547934184677,0.11388283540292843,0.12089832944473256,0.12513472823986982,0.12727089943438297,0.12777896395094174,0.12684154972566,0.12458635228956336,0.12124006150199462,0.11708500386586845,0.11238365276891726,0.10735604206893612,0.10220085756451537,0.09713667515462966,0.09240637299255211,0.08819321114730275,0.084526946382515,0.08130623563129524,0.07841612179320577,0.07581304620480667,0.0735242745249687,0.07161759813118913,0.07017844009699445,0.06925956255853848,0.06880008264303539,0.06859816884739653,0.06840110789406881,0.06805662277444105,0.06758133856074239,0.06707394101117585,0.06656490898973375,0.06592175160525222,0.06487762704995025,0.06321634854009904,0.060999584058665776,0.0585541238192466,0.05617306611359131,0.05390387090186764,0.05168637297534168,0.04955537864157077,0.04756190793388565,0.045579784849170704,0.043359245660361194,0.04080752709462038,0.03814589146305203,0.035750030034253984,0.03384485164902708,0.03235149826335149,0.03099623765480829,0.02956265218113356,0.028072724330773534,0.02675404057515738,0.025861199758537796,0.025535288559924412,0.02574900697313913,0.026266004619106494,0.026687990827412127]}