{"bin_centers_hours":[-1.375,-1.125,-0.875,-0.625,-0.375,-0.125,0.125,0.375,0.625,0.875,1.125,1.375,1.625,1.875,2.125,2.375,2.625,2.875,3.125,3.375,3.625,3.875,4.125,4.375,4.625,4.875,5.125,5.375,5.625,5.875,6.125,6.375,6.625,6.875,7.125,7.375,7.625,7.875,8.125,8.375,8.625,8.875,9.125,9.375,9.625,9.875,10.125,10.375,10.625,10.875,11.125,11.375,11.625,11.875,12.125,12.375,12.625,12.875,13.125,13.375,13.625,13.875],"mean":[0.008279949458440248,0.011036802382245291,0.01589256504638562,0.02163122841777895,0.026831068323692153,0.030407030383077294,0.031995369801062865,0.03191603626172838,0.03081267292505711,0.029294464674700562,0.027783333048164667,0.026512238032713433,0.02554291712120291,0.0247744566175792,0.024006192044918814,0.02307600810566441,0.021977424814547595,0.020845420944850087,0.019835364169041702,0.01901696758799532,0.018361229617943557,0.01780484928401494,0.017318386708763314,0.01691027754591594,0.016580879518077574,0.01629840203589344,0.016020541770013868,0.01572541277844366,0.015418491639461563,0.01510838452520875,0.01478166757218718,0.0144211589185409,0.014055964183832722,0.013779258003571274,0.013709324404559605,0.013915067302515557,0.014339222656465894,0.014786753020224233,0.015034058381423788,0.014981304781165546,0.014691184362409432,0.014292649044845625,0.013877536489266974,0.013477784077460917,0.013091658359710516,0.012699147176482522,0.012261936278873712,0.011741269654521578,0.011134951519397864,0.010490747332029924,0.009876750693782254,0.009338717181337997,0.008880614875276673,0.008480903860756018,0.008127164599559084,0.007820117210005093,0.007530962776275481,0.007185401294266184,0.006730062732539243,0.0062096281806810925,0.005753005391525596,0.005489662099928845],"std":[0.0325888564548462,0.03863682355335566,0.04925068223990379,0.06172426560277175,0.07295698605132478,0.08065042296014116,0.08409016811628754,0.08401843846281895,0.08188062163092212,0.07908886432231509,0.07664004127101644,0.07500715015369752,0.07414709015536015,0.07359453994152865,0.07270212535273995,0.07099865749071724,0.06845769734822281,0.06548852498463635,0.06270876654104358,0.06064091452223985,0.059454479065404936,0.05894341145620187,0.058771948940389146,0.05869527186922157,0.058571995553643896,0.05832331882614798,0.05794450004259669,0.05749606503841892,0.05704937117611826,0.056614238898035366,0.056093678935555114,0.05537420747250933,0.054544990764017545,0.05400280543937515,0.05429350968235194,0.05576390439687475,0.05820314777450914,0.060777347329669905,0.06248902985638802,0.06284372934718468,0.062065843783341436,0.06072401793234447,0.059246126001216336,0.057747100851201195,0.05614581247509743,0.054317202085329835,0.05215419462990509,0.049628753224704,0.04690586276566142,0.044353367331874415,0.04234672275977136,0.04101679010977626,0.04017736796360041,0.03952891957327932,0.03895528607951049,0.03851240477011988,0.03805330710552573,0.037083643159468875,0.03522777937883352,0.03275171189535812,0.030451595688933186,0.02910165940486569],"n_station_days":4157,"lower":[-0.024308906996405956,-0.02760002117111037,-0.033358117193518166,-0.0400930371849928,-0.04612591772763262,-0.05024339257706387,-0.05209479831522468,-0.052102402201090574,-0.05106794870586501,-0.04979439964761452,-0.04885670822285177,-0.048494912120984085,-0.04860417303415725,-0.04882008332394945,-0.04869593330782114,-0.04792264938505283,-0.04648027253367522,-0.04464310403978626,-0.04287340237200188,-0.04162394693424454,-0.04109324944746138,-0.04113856217218693,-0.04145356223162583,-0.04178499432330563,-0.04199111603556632,-0.04202491679025454,-0.04192395827258283,-0.041770652259975255,-0.0416308795366567,-0.04150585437282661,-0.041312011363367936,-0.04095304855396843,-0.04048902658018482,-0.04022354743580388,-0.04058418527779234,-0.041848837094359194,-0.04386392511804325,-0.04599059430944567,-0.04745497147496423,-0.047862424566019135,-0.047374659420932004,-0.046431368887498846,-0.04536858951194936,-0.044269316773740276,-0.04305415411538691,-0.04161805490884731,-0.03989225835103138,-0.03788748357018243,-0.03577091124626356,-0.03386261999984449,-0.0324699720659891,-0.031678072928438265,-0.03129675308832374,-0.031048015712523303,-0.030828121479951405,-0.030692287560114787,-0.03052234432925025,-0.029898241865202693,-0.028497716646294278,-0.026542083714677023,-0.02469859029740759,-0.023611997304936846],"upper":[0.04086880591328645,0.04967362593560095,0.06514324728628941,0.0833554940205507,0.09978805437501694,0.11105745334321845,0.1160855379173504,0.11593447472454732,0.11269329455597923,0.10838332899701565,0.10442337431918111,0.10151938818641096,0.09969000727656306,0.09836899655910784,0.09670831739765877,0.09407466559638164,0.0904351221627704,0.08633394592948644,0.08254413071008529,0.07965788211023517,0.0778157086833485,0.07674826074021682,0.07609033564915246,0.0756055494151375,0.07515287507172147,0.07462172086204143,0.07396504181261056,0.07322147781686258,0.07246786281557982,0.07172262342324412,0.0708753465077423,0.06979536639105023,0.06860095494785026,0.06778206344294642,0.06800283408691155,0.0696789716993903,0.07254237043097503,0.07556410034989414,0.0775230882378118,0.07782503412835023,0.07675702814575086,0.07501666697719009,0.07312366249048331,0.07122488492866211,0.06923747083480794,0.06701634926181235,0.0644161309087788,0.06137002287922558,0.058040814285059285,0.05484411466390434,0.05222347345355362,0.05035550729111426,0.049057982838877086,0.04800982343403534,0.04708245067906957,0.04633252198012497,0.04558426988180121,0.04426904445373506,0.04195784211137277,0.03896134007603921,0.03620460108045878,0.034591321504794534]}