{"bin_centers_hours":[-1.375,-1.125,-0.875,-0.625,-0.375,-0.125,0.125,0.375,0.625,0.875,1.125,1.375,1.625,1.875,2.125,2.375,2.625,2.875,3.125,3.375,3.625,3.875,4.125,4.375,4.625,4.875,5.125,5.375,5.625,5.875,6.125,6.375,6.625,6.875,7.125,7.375,7.625,7.875,8.125,8.375,8.625,8.875,9.125,9.375,9.625,9.875,10.125,10.375,10.625,10.875,11.125,11.375,11.625,11.875,12.125,12.375,12.625,12.875,13.125,13.375,13.625,13.875],"mean":[0.03299938826052828,0.029365888397357254,0.02347970976603206,0.01728801735436325,0.012316197369722972,0.009154281485497488,0.0075731183027810695,0.006976824936558731,0.006830337674854268,0.006890723016621857,0.007192358000923253,0.00783402951702088,0.008751398834148601,0.009673231357316622,0.010286271858424314,0.010437433710407501,0.010224669821932203,0.009945824786219871,0.009941329451986742,0.010421440008738224,0.011389845416831093,0.012650189006304071,0.013821367549525116,0.014439889750022788,0.014237975005884767,0.013373978882503773,0.012301915529482503,0.011384299892130552,0.010685676565948855,0.01012160448868726,0.009700928565904984,0.009575382557483459,0.009887800903821454,0.010598451878697474,0.011442486346061598,0.012066713595369876,0.01226274578657976,0.012104346660445011,0.01187986288918913,0.011925137306511555,0.012502999061573154,0.013753098940189352,0.015658478466683758,0.017991530344127836,0.02028691641918867,0.021983946231491355,0.022758957987344678,0.022783347357706527,0.022617119425547644,0.02278466291872112,0.023395193153243503,0.024159111703138177,0.024772263071395337,0.025221550575853565,0.025703221045684222,0.026359032098094957,0.02716588479071658,0.028013668517643708,0.02880966722269862,0.02950105204104181,0.03002832829206338,0.030316897847031603],"std":[0.10890058084534353,0.09873799152539321,0.08173282019527071,0.0630305094940892,0.04731238076629382,0.03689351485580735,0.0313539000883488,0.02879040566081029,0.027520945455047033,0.026996112855131964,0.02749348120020381,0.029204452942539955,0.03167884769503549,0.033991296116466264,0.03527612729745431,0.035160554767752865,0.034001328387070935,0.03277285069211286,0.0324506083105297,0.033316898069676255,0.034932854876343275,0.036685901509428125,0.038087238246270416,0.03867874118641897,0.038203077625124704,0.03699412887147684,0.03579999309512004,0.035029348078362145,0.0344016090294753,0.03345955173709604,0.03224666973657338,0.031367525527645164,0.03145902408646618,0.03261314255914542,0.03420335034798529,0.03529388584230323,0.0353554262836512,0.03459938078530554,0.03367294392751103,0.033265417091674465,0.03404938133588132,0.03662641307510196,0.04113888951446077,0.046846866704568835,0.05219756235070423,0.05555277726711967,0.056144076705750036,0.05452623158621058,0.0521893903861035,0.05063674721533003,0.0505527550382765,0.05165648075292991,0.05331400605735364,0.05520901248972548,0.05745630214613447,0.06038277615864906,0.06440538400409175,0.06994457131816943,0.07712572951719625,0.08528382667498405,0.09270732704057882,0.09719086752848125],"n_station_days":134,"lower":[-0.07590119258481526,-0.06937210312803596,-0.058253110429238655,-0.04574249213972595,-0.034996183396570846,-0.02773923337030986,-0.02378078178556773,-0.02181358072425156,-0.020690607780192764,-0.020105389838510106,-0.020301123199280555,-0.021370423425519074,-0.02292744886088689,-0.024318064759149643,-0.024989855439029995,-0.024723121057345365,-0.023776658565138734,-0.022827025905892986,-0.022509278858542956,-0.022895458060938033,-0.023543009459512182,-0.024035712503124054,-0.024265870696745302,-0.024238851436396185,-0.02396510261923994,-0.02362014998897307,-0.023498077565637536,-0.023645048186231594,-0.02371593246352644,-0.02333794724840878,-0.022545741170668394,-0.021792142970161705,-0.021571223182644723,-0.022014690680447948,-0.02276086400192369,-0.023227172246933353,-0.023092680497071444,-0.02249503412486053,-0.0217930810383219,-0.02134027978516291,-0.021546382274308166,-0.02287331413491261,-0.025480411047777013,-0.028855336360441,-0.03191064593151556,-0.03356883103562831,-0.033385118718405354,-0.031742884228504055,-0.029572270960555855,-0.027852084296608907,-0.027157561885032995,-0.027497369049791734,-0.028541742985958303,-0.029987461913871912,-0.03175308110045025,-0.0340237440605541,-0.037239499213375174,-0.04193090280052572,-0.04831606229449763,-0.05578277463394224,-0.06267899874851544,-0.06687396968144964],"upper":[0.1418999691058718,0.12810387992275046,0.10521252996130277,0.08031852684845245,0.0596285781360168,0.04604779634130484,0.038927018391129865,0.03576723059736902,0.0343512831299013,0.03388683587175382,0.03468583920112706,0.03703848245956083,0.04043024652918409,0.04366452747378288,0.04556239915587862,0.045597988478160364,0.04422599820900314,0.04271867547833273,0.04239193776251644,0.04373833807841448,0.04632270029317437,0.04933609051573219,0.05190860579579553,0.05311863093644176,0.05244105263100947,0.050368107753980616,0.04810190862460254,0.046413647970492695,0.04508728559542415,0.043581156225783305,0.041947598302478364,0.040942908085128626,0.041346824990287634,0.04321159443784289,0.045645836694046885,0.04736059943767311,0.04761817207023096,0.046703727445750555,0.04555280681670016,0.04519055439818602,0.046552380397454476,0.05037951201529131,0.05679736798114453,0.06483839704869668,0.0724844787698929,0.07753672349861103,0.07890303469309472,0.0773095789439171,0.07480650981165114,0.07342141013405115,0.07394794819152001,0.07581559245606809,0.07808626912874897,0.08043056306557904,0.0831595231918187,0.08674180825674402,0.09157126879480833,0.09795823983581314,0.10593539673989487,0.11478487871602586,0.1227356553326422,0.12750776537551284]}