{"bin_centers_hours":[-1.375,-1.125,-0.875,-0.625,-0.375,-0.125,0.125,0.375,0.625,0.875,1.125,1.375,1.625,1.875,2.125,2.375,2.625,2.875,3.125,3.375,3.625,3.875,4.125,4.375,4.625,4.875,5.125,5.375,5.625,5.875,6.125,6.375,6.625,6.875,7.125,7.375,7.625,7.875,8.125,8.375,8.625,8.875,9.125,9.375,9.625,9.875,10.125,10.375,10.625,10.875,11.125,11.375,11.625,11.875,12.125,12.375,12.625,12.875,13.125,13.375,13.625,13.875],"mean":[0.03778240079645871,0.037866743638596545,0.03720962193100227,0.0350633806310507,0.031538973391337766,0.02749987793891019,0.023862333814528923,0.021066485181036803,0.019058362060641067,0.017573884594440967,0.016382346820253562,0.015355428788077257,0.014447802648978927,0.013678837505641446,0.013095019513965045,0.01269455989358257,0.012383060447577043,0.01201950792871183,0.011514387438897168,0.01088660718808854,0.010232345097350657,0.009649616943447294,0.009195629732297627,0.008891664220744886,0.008737127417566408,0.008714350161337004,0.008790164488702986,0.008915522357162831,0.009030222778438861,0.009085949754480531,0.009075199673052241,0.009037813123917918,0.009040608125335813,0.009142478348576802,0.009357927165318839,0.009645415516677532,0.009945791556327549,0.010245536625040219,0.010591876427743705,0.0110272168707868,0.011510326012279191,0.011921685624365585,0.012160203261801153,0.012242725419649046,0.012315356210527697,0.012557949946744706,0.013055610522750349,0.013748677306810002,0.014500281455369579,0.015208088828819128,0.01585818910718672,0.016500145093537383,0.01720681768502182,0.01805131647004891,0.01906709874541879,0.02021612252007602,0.02145674473636228,0.022867671310110457,0.02462023996238184,0.02672355280845253,0.02878327169804816,0.030095846738156653],"std":[0.12957009590915086,0.12897749042567824,0.1265879156855477,0.12135971288178773,0.11362908140753424,0.10497878990878955,0.09709240050620122,0.09077558058147593,0.08586579059061385,0.08182084866173223,0.07826060217572194,0.07504698854167477,0.07215603542926621,0.06967929971601826,0.06783068985941794,0.06673162311800958,0.06613397932536655,0.06543541885101195,0.06405447050499692,0.061824719780661314,0.05903935136391197,0.05619615273579684,0.05377222382370165,0.05212951481977651,0.05143115639583585,0.05158048689764288,0.052270772182816304,0.05310597669951505,0.05372124375594692,0.05389502941541457,0.05361551649172565,0.0530819741463674,0.052669418077748144,0.05278714735838259,0.05357871659159523,0.054746417108114204,0.05582072118635147,0.056654413664204366,0.057555269404038156,0.058889093406855476,0.06062872266344851,0.06233877175256627,0.06355551488006181,0.06421770949198569,0.06483180792175508,0.06615072781467471,0.06852382821984679,0.07154860537096214,0.07443769232120843,0.07672106464460948,0.07854621602738267,0.08037551692366598,0.0825716641850487,0.08527042349317983,0.08838066929654649,0.09159350507629652,0.09466506413244913,0.09788774934130594,0.10203474398150898,0.10745396868018466,0.11312649088093672,0.11687762603573806],"n_station_days":5581,"lower":[-0.09178769511269215,-0.0911107467870817,-0.08937829375454542,-0.08629633225073703,-0.08209010801619647,-0.07747891196987935,-0.07323006669167229,-0.06970909540043913,-0.06680742852997278,-0.06424696406729126,-0.06187825535546837,-0.05969155975359751,-0.057708232780287284,-0.056000462210376814,-0.054735670345452896,-0.05403706322442701,-0.0537509188777895,-0.05341591092230012,-0.05254008306609975,-0.050938112592572776,-0.04880700626656131,-0.04654653579234955,-0.04457659409140402,-0.043237850599031624,-0.04269402897826944,-0.042866136736305877,-0.04348060769411332,-0.04419045434235222,-0.04469102097750806,-0.04480907966093404,-0.0445403168186734,-0.044044161022449485,-0.043628809952412334,-0.043644669009805785,-0.04422078942627639,-0.04510100159143667,-0.045874929630023924,-0.046408877039164145,-0.046963392976294455,-0.04786187653606867,-0.049118396651169315,-0.050417086128200686,-0.05139531161826066,-0.05197498407233664,-0.05251645171122738,-0.05359277786793,-0.055468217697096436,-0.057799928064152135,-0.059937410865838855,-0.061512975815790356,-0.06268802692019596,-0.0638753718301286,-0.06536484650002689,-0.06721910702313091,-0.0693135705511277,-0.0713773825562205,-0.07320831939608685,-0.07502007803119548,-0.07741450401912714,-0.08073041587173213,-0.08434321918288856,-0.08678177929758141],"upper":[0.1673524967056096,0.1668442340642748,0.16379753761654997,0.15642309351283845,0.14516805479887201,0.13247866784769974,0.12095473432073015,0.11184206576251274,0.10492415265125492,0.09939473325617319,0.0946429489959755,0.09040241732975203,0.08660383807824514,0.0833581372216597,0.08092570937338299,0.07942618301159216,0.0785170397729436,0.07745492677972378,0.07556885794389409,0.07271132696874985,0.06927169646126262,0.06584576967924413,0.06296785355599928,0.0610211790405214,0.06016828381340226,0.06029483705897988,0.06106093667151929,0.06202149905667788,0.06275146653438578,0.0629809791698951,0.0626907161647779,0.06211978727028532,0.061710026203083954,0.06192962570695939,0.06293664375691407,0.06439183262479173,0.06576651274267903,0.06689995028924459,0.06814714583178186,0.06991631027764228,0.0721390486757277,0.07426045737693185,0.07571571814186297,0.07646043491163473,0.07714716413228277,0.07870867776141942,0.08157943874259714,0.08529728267777215,0.08893797377657801,0.09192915347342862,0.09440440513456938,0.09687566201720337,0.09977848187007052,0.10332173996322874,0.10744776804196528,0.11180962759637253,0.1161218088688114,0.1207554206514164,0.12665498394389083,0.13417752148863718,0.14190976257898488,0.14697347277389472]}