{"bin_centers_hours":[-1.375,-1.125,-0.875,-0.625,-0.375,-0.125,0.125,0.375,0.625,0.875,1.125,1.375,1.625,1.875,2.125,2.375,2.625,2.875,3.125,3.375,3.625,3.875,4.125,4.375,4.625,4.875,5.125,5.375,5.625,5.875,6.125,6.375,6.625,6.875,7.125,7.375,7.625,7.875,8.125,8.375,8.625,8.875,9.125,9.375,9.625,9.875,10.125,10.375,10.625,10.875,11.125,11.375,11.625,11.875,12.125,12.375,12.625,12.875,13.125,13.375,13.625,13.875],"mean":[0.024519891711408733,0.023823055334013115,0.02292150782952045,0.02234808771239527,0.022225954963456765,0.02225709681451158,0.022088806831992932,0.021620497350406095,0.02099741853705838,0.020418203382277424,0.0199776150633806,0.019641894579103408,0.01932557477062252,0.018974200862896685,0.018583824757128116,0.018172136186669532,0.01775048768034616,0.017311614987715215,0.01683504637273849,0.01631452405546925,0.015786910909287168,0.015322978471851883,0.014984410077461792,0.0147882131742518,0.014699433012308768,0.014647205149763212,0.014560331843606982,0.01440768209616327,0.014210393913358835,0.014016076746821218,0.013864745447990014,0.01377375404808036,0.013737592036461542,0.013732820754391804,0.013730224665851653,0.013713549327911089,0.013687274301095818,0.0136568258778256,0.013603376619832623,0.013496678301647136,0.01333960261919867,0.013180912556251883,0.01307412567012392,0.013038068120817864,0.013058970246509623,0.013113123993522989,0.0131834155456747,0.0132700589296922,0.013391742064187034,0.013568086581059444,0.013795868831986864,0.014044794038988716,0.014279778928810388,0.014487273836154472,0.014675155555995367,0.014846473956644365,0.014984908321014066,0.01507608142214197,0.01513783114877016,0.01521271361866243,0.015315230252989748,0.01539786720173222],"std":[0.09461814028407174,0.09105041935269277,0.08581577926433814,0.08118816007313584,0.07823427365238941,0.07654215569050804,0.07513482149998173,0.07343384394749486,0.07153258749530367,0.06987555363544706,0.0687757893395261,0.06816866596137809,0.06773617572836078,0.06717583254413365,0.06634126329441192,0.06524480845726435,0.06401025825265955,0.06275721390309386,0.06148968498869869,0.06015248841376644,0.058808040996274485,0.057664230131882405,0.05691040404154209,0.05656475654465386,0.05644874720229189,0.05627586375988922,0.0558367939608894,0.05517118479842302,0.05453122259230719,0.054154600149914044,0.05409312474549424,0.05423063832280276,0.05440358511264488,0.05451097036835667,0.05455877460726829,0.05462558561844646,0.05478111653429173,0.05500246836389751,0.055147217040493794,0.055045868648549386,0.05468173544935949,0.05425680771699476,0.05403687915418343,0.054158673624471625,0.05458260687256435,0.055152693045934655,0.05568627563630349,0.05609673134932969,0.05645569772474957,0.05689446754421431,0.05746889629775485,0.05816665326228382,0.059015845932007746,0.06012432296664275,0.0615743149909191,0.06327664695982538,0.0649679925134972,0.0663917233037306,0.06749464904994179,0.06842391386090997,0.06926778728410832,0.06983427154412526],"n_station_days":8364,"lower":[-0.070098248572663,-0.06722736401867965,-0.0628942714348177,-0.05884007236074057,-0.05600831868893265,-0.05428505887599646,-0.05304601466798879,-0.051813346597088764,-0.05053516895824529,-0.049457350253169635,-0.04879817427614551,-0.04852677138227468,-0.04841060095773826,-0.048201631681236964,-0.04775743853728381,-0.04707267227059482,-0.04625977057231338,-0.04544559891537864,-0.044654638615960196,-0.04383796435829719,-0.04302113008698732,-0.04234125166003052,-0.041925993964080296,-0.041776543370402056,-0.04174931418998312,-0.04162865861012601,-0.04127646211728242,-0.04076350270225975,-0.04032082867894835,-0.040138523403092825,-0.040228379297504224,-0.0404568842747224,-0.040665993076183335,-0.040778149613964865,-0.04082854994141664,-0.04091203629053537,-0.04109384223319591,-0.04134564248607191,-0.04154384042066117,-0.04154919034690225,-0.04134213283016082,-0.04107589516074288,-0.04096275348405951,-0.04112060550365376,-0.04152363662605473,-0.042039569052411664,-0.042502860090628786,-0.04282667241963749,-0.043063955660562536,-0.043326380963154866,-0.04367302746576798,-0.044121859223295104,-0.044736067003197356,-0.04563704913048828,-0.04689915943492373,-0.04843017300318101,-0.04998308419248314,-0.051315641881588624,-0.05235681790117163,-0.05321120024224754,-0.05395255703111857,-0.05443640434239304],"upper":[0.11913803199548048,0.11487347468670589,0.10873728709385859,0.10353624778553111,0.10046022861584618,0.09879925250501961,0.09722362833197466,0.09505434129790095,0.09253000603236206,0.09029375701772449,0.0887534044029067,0.0878105605404815,0.0870617504989833,0.08615003340703033,0.08492508805154003,0.08341694464393389,0.08176074593300571,0.08006882889080907,0.07832473136143718,0.07646701246923569,0.07459495190556165,0.07298720860373428,0.07189481411900388,0.07135296971890566,0.07114818021460066,0.07092306890965244,0.07039712580449638,0.06957886689458628,0.06874161650566601,0.06817067689673525,0.06795787019348426,0.06800439237088313,0.06814117714910642,0.06824379112274848,0.06828899927311995,0.06833913494635754,0.06846839083538754,0.06865929424172311,0.06875059366032642,0.06854254695019651,0.06802133806855816,0.06743772027324664,0.06711100482430735,0.06719674174528949,0.06764157711907398,0.06826581703945764,0.0688696911819782,0.06936679027902189,0.06984743978893661,0.07046255412527375,0.07126476512974171,0.07221144730127253,0.07329562486081813,0.07461159680279722,0.07624947054691447,0.07812312091646974,0.07995290083451127,0.08146780472587256,0.08263248019871194,0.0836366274795724,0.08458301753709807,0.08523213874585749]}