{"bin_centers_hours":[-1.375,-1.125,-0.875,-0.625,-0.375,-0.125,0.125,0.375,0.625,0.875,1.125,1.375,1.625,1.875,2.125,2.375,2.625,2.875,3.125,3.375,3.625,3.875,4.125,4.375,4.625,4.875,5.125,5.375,5.625,5.875,6.125,6.375,6.625,6.875,7.125,7.375,7.625,7.875,8.125,8.375,8.625,8.875,9.125,9.375,9.625,9.875,10.125,10.375,10.625,10.875,11.125,11.375,11.625,11.875,12.125,12.375,12.625,12.875,13.125,13.375,13.625,13.875],"mean":[0.01028818554624446,0.014470155726843318,0.021153706496481472,0.02754553971874495,0.03112022353676704,0.031143759355083744,0.028917977758944478,0.026419081111333093,0.024746205188490307,0.023797405943440732,0.02302868181680571,0.022195971819544906,0.021451741221958778,0.02102031242458862,0.020931912023532753,0.02102908351063786,0.021144902753369027,0.021227783549090974,0.021297610434518995,0.021337681346286667,0.021279092483325077,0.021071637336117898,0.02072685069358165,0.020283348409680903,0.0197525421020135,0.019131328782680743,0.018466585470213747,0.017858320358496556,0.01737372355948579,0.016991976406245984,0.016643295135369482,0.016262177509381217,0.015791730938806665,0.015186860267720438,0.014451014963743665,0.013662007186376904,0.012936669314121947,0.012353439018106835,0.01190010264872126,0.011499059735929839,0.011102606293246378,0.010756378498154376,0.010529135943034002,0.01039062898182965,0.010230053850953949,0.010002134643562362,0.009781762352221439,0.00966710213580803,0.009692839571856484,0.009842379085263201,0.010080841781857468,0.010345752402276418,0.010526233307726594,0.01049172414240098,0.010177310217480584,0.00964763207249303,0.00905680178358054,0.008539817624225178,0.008148094696455038,0.00786688540401448,0.007670968559940641,0.007563233048791237],"std":[0.038731569285077386,0.048429112314048915,0.06315015832029913,0.07607290433404247,0.08203393932669938,0.08034759936991534,0.0745109838246289,0.06894189036748756,0.06568086291066037,0.06388180098845492,0.06182457777739789,0.058892348513519044,0.055816051749608804,0.053670370769907993,0.052913847755871005,0.05317949216376692,0.053764340752140746,0.054257049971180873,0.05466695343436518,0.05507788635209051,0.0554355615449895,0.055714915974761046,0.056048792999166555,0.05647125410743213,0.05661052570406289,0.055907365235068326,0.05422803989764362,0.052070584072041536,0.05008345053486187,0.048590754756265925,0.04762981892500147,0.047142145294077974,0.046917541056474284,0.04654508724157821,0.04564815757204813,0.04418471129128675,0.04244141032991418,0.040747632841050416,0.03923812849321244,0.037874452253535855,0.036691489039366434,0.03594004751487261,0.03583553037983845,0.036197343188722426,0.03658184583318675,0.036783373331684306,0.036936168382250695,0.03715084130889541,0.037410967026957294,0.03787819864083347,0.03896932442958676,0.04092824718464108,0.04331331921381718,0.04503774577833279,0.04516578132560801,0.04375497931056164,0.04176001018342733,0.040137839855270044,0.03923429577722879,0.038888499292860035,0.0388108569768747,0.03880811597898992],"n_station_days":787,"lower":[-0.028443383738832928,-0.033958956587205595,-0.04199645182381766,-0.048527364615297525,-0.05091371578993234,-0.04920384001483159,-0.04559300606568442,-0.04252280925615447,-0.040934657722170066,-0.04008439504501418,-0.03879589596059218,-0.03669637669397414,-0.03436431052765003,-0.03265005834531937,-0.03198193573233825,-0.032150408653129056,-0.03261943799877172,-0.0330292664220899,-0.03336934299984619,-0.03374020500580384,-0.03415646906166442,-0.03464327863864315,-0.03532194230558491,-0.036187905697751224,-0.03685798360204939,-0.036776036452387584,-0.03576145442742987,-0.03421226371354498,-0.03270972697537608,-0.03159877835001994,-0.030986523789631987,-0.030879967784696757,-0.03112581011766762,-0.03135822697385777,-0.031197142608304466,-0.03052270410490985,-0.02950474101579223,-0.02839419382294358,-0.02733802584449118,-0.026375392517606018,-0.025588882746120055,-0.025183669016718237,-0.02530639443680445,-0.025806714206892775,-0.0263517919822328,-0.026781238688121944,-0.027154406030029256,-0.027483739173087385,-0.02771812745510081,-0.02803581955557027,-0.028888482647729294,-0.03058249478236466,-0.032787085906090585,-0.03454602163593181,-0.034988471108127424,-0.03410734723806861,-0.03270320839984679,-0.03159802223104487,-0.031086201080773753,-0.031021613888845556,-0.031139888416934054,-0.031244882930198684],"upper":[0.04901975483132184,0.06289926804089223,0.08430386481678061,0.10361844405278742,0.11315416286346641,0.11149135872499909,0.10342896158357337,0.09536097147882065,0.09042706809915069,0.08767920693189565,0.08485325959420359,0.08108832033306396,0.07726779297156758,0.07469068319449662,0.07384575977940376,0.07420857567440478,0.07490924350550977,0.07548483352027185,0.07596456386888417,0.07641556769837718,0.07671465402831458,0.07678655331087894,0.0767756436927482,0.07675460251711304,0.07636306780607639,0.07503869401774907,0.07269462536785737,0.06992890443053809,0.06745717409434766,0.06558273116251191,0.06427311406037095,0.06340432280345919,0.06270927199528095,0.06173194750929865,0.0600991725357918,0.05784671847766366,0.05537807964403613,0.05310107185915725,0.0511382311419337,0.04937351198946569,0.047794095332612814,0.04669642601302699,0.04636466632287245,0.04658797217055208,0.0468118996841407,0.046785507975246665,0.046717930734472134,0.04681794344470344,0.047103806598813774,0.04772057772609667,0.04905016621144423,0.0512739995869175,0.05383955252154378,0.05552946992073377,0.05534309154308859,0.05340261138305467,0.050816811967007866,0.04867765747949522,0.047382390473683825,0.046755384696874513,0.04648182553681534,0.04637134902778116]}