{"bin_centers_hours":[-1.375,-1.125,-0.875,-0.625,-0.375,-0.125,0.125,0.375,0.625,0.875,1.125,1.375,1.625,1.875,2.125,2.375,2.625,2.875,3.125,3.375,3.625,3.875,4.125,4.375,4.625,4.875,5.125,5.375,5.625,5.875,6.125,6.375,6.625,6.875,7.125,7.375,7.625,7.875,8.125,8.375,8.625,8.875,9.125,9.375,9.625,9.875,10.125,10.375,10.625,10.875,11.125,11.375,11.625,11.875,12.125,12.375,12.625,12.875,13.125,13.375,13.625,13.875],"mean":[0.016159738644216638,0.016123189440391778,0.016506454320730234,0.017858348326261358,0.020144908214885928,0.02233259865706524,0.02291083887496854,0.021079168348162557,0.017411283461095002,0.013338960352556611,0.010136125471452923,0.008417365791327932,0.008266014311620294,0.009407592061137778,0.011178161415251915,0.012649189351725267,0.013128667159391557,0.012620566477374296,0.011721343949375504,0.011074327632811307,0.01094862443871652,0.011243881320628766,0.011726526775074325,0.012158470909811491,0.012300529453576384,0.012016696725231705,0.01142422450218962,0.010853425305294649,0.010649953438620309,0.010992349860539034,0.01174408932665036,0.012454494487367034,0.012713434507922138,0.012569866400965586,0.012445937062789769,0.012617959048285264,0.012970062694868995,0.013297965166130214,0.013617150970228994,0.014043477363583334,0.014582618532428218,0.015221746624883532,0.016112982686718902,0.017503428787308508,0.019426138920860238,0.021471732139896695,0.02295585667740249,0.02341857633389938,0.022907199483527596,0.021745850796586284,0.02030614041465131,0.019117635426791447,0.01876851371353865,0.019327696566654014,0.020131441432905305,0.020540610803947777,0.020790978700685688,0.021742628532699666,0.023814307759024583,0.026443065298485512,0.02863427104838223,0.029782617298444898],"std":[0.06828694910088655,0.06839345242298178,0.07018640108763462,0.07569697349965028,0.08480269280464821,0.0933462257976299,0.09516121930553707,0.08705647072879459,0.07166216113790581,0.0551837555890675,0.042993784337814374,0.037537748735561406,0.03901242371913968,0.04613263720468186,0.05588962100925754,0.06402451137339302,0.0673437119344056,0.06601127078029605,0.06303499122509869,0.06126851310259279,0.06114326530252789,0.06118496389344198,0.06005550256490222,0.05762702573783732,0.05457995099246623,0.05183055625276513,0.05022058623002704,0.05015003489896758,0.05150763798855553,0.05394670570802139,0.056672751072576424,0.058138975516717706,0.05714915515816568,0.05445790324481761,0.052273791273157566,0.05197951954816328,0.053164558029222445,0.054947463346999445,0.05707091370659358,0.05917287293245122,0.0601759323259797,0.05944251076792948,0.0580341265563329,0.05818803827596048,0.06156496224110847,0.06795043715336917,0.07529228373624586,0.08092779760241813,0.08296186252094133,0.08092259734104376,0.07605316081745907,0.07121419646246148,0.06932316228335321,0.0708839734161197,0.07358243773896747,0.07517771662686322,0.07634745959999296,0.079765182902628,0.0867449018648378,0.09569435904608023,0.10358790739253786,0.10805501588669453],"n_station_days":90,"lower":[-0.05212721045666991,-0.05227026298259001,-0.05367994676690438,-0.05783862517338892,-0.06465778458976228,-0.07101362714056465,-0.07225038043056853,-0.06597730238063204,-0.05425087767681081,-0.041844795236510884,-0.03285765886636145,-0.029120382944233476,-0.03074640940751939,-0.03672504514354408,-0.044711459594005624,-0.05137532202166775,-0.054215044775014036,-0.053390704302921754,-0.051313647275723184,-0.05019418546978149,-0.05019464086381137,-0.04994108257281322,-0.048328975789827894,-0.04546855482802582,-0.04227942153888985,-0.03981385952753343,-0.03879636172783742,-0.039296609593672926,-0.04085768454993522,-0.042954355847482355,-0.044928661745926066,-0.045684481029350674,-0.044435720650243545,-0.041888036843852026,-0.039827854210367795,-0.03936156049987802,-0.04019449533435345,-0.04164949818086923,-0.04345376273636459,-0.045129395568867886,-0.045593313793551485,-0.044220764143045946,-0.041921143869614,-0.04068460948865198,-0.04213882332024823,-0.04647870501347247,-0.052336427058843366,-0.05750922126851875,-0.06005466303741373,-0.05917674654445748,-0.055747020402807754,-0.052096561035670036,-0.050554648569814564,-0.05155627684946568,-0.05345099630606216,-0.05463710582291544,-0.05555648089930727,-0.05802255436992834,-0.06293059410581321,-0.06925129374759471,-0.07495363634415562,-0.07827239858824964],"upper":[0.0844466877451032,0.08451664186337356,0.08669285540836486,0.09355532182591164,0.10494760101953414,0.11567882445469514,0.11807205818050562,0.10813563907695714,0.08907344459900082,0.06852271594162411,0.053129909809267295,0.045955114526889336,0.04727843803075998,0.05554022926581964,0.06706778242450945,0.07667370072511828,0.08047237909379715,0.07863183725767034,0.07475633517447419,0.0723428407354041,0.0720918897412444,0.07242884521407075,0.07178202933997654,0.06978549664764881,0.06688048044604261,0.06384725297799683,0.06164481073221666,0.06100346020426223,0.06215759142717584,0.06493905556856042,0.06841684039922678,0.07059347000408474,0.06986258966608783,0.06702776964578319,0.06471972833594733,0.06459747859644854,0.06613462072409144,0.06824542851312966,0.07068806467682258,0.07321635029603456,0.07475855085840792,0.07466425739281302,0.0741471092430518,0.07569146706326899,0.0809911011619687,0.08942216929326587,0.09824814041364835,0.1043463739363175,0.10586906200446893,0.10266844813763004,0.09635930123211038,0.09033183188925292,0.08809167599689186,0.09021166998277372,0.09371387917187278,0.09571832743081099,0.09713843830067866,0.10150781143532767,0.11055920962386238,0.12213742434456575,0.1322221784409201,0.13783763318513942]}