{"bin_centers_hours":[-1.375,-1.125,-0.875,-0.625,-0.375,-0.125,0.125,0.375,0.625,0.875,1.125,1.375,1.625,1.875,2.125,2.375,2.625,2.875,3.125,3.375,3.625,3.875,4.125,4.375,4.625,4.875,5.125,5.375,5.625,5.875,6.125,6.375,6.625,6.875,7.125,7.375,7.625,7.875,8.125,8.375,8.625,8.875,9.125,9.375,9.625,9.875,10.125,10.375,10.625,10.875,11.125,11.375,11.625,11.875,12.125,12.375,12.625,12.875,13.125,13.375,13.625,13.875],"mean":[0.013471527546466671,0.01606277928394932,0.020596525042376704,0.02588821882461178,0.03053439974047129,0.03341715512100545,0.034127057230256316,0.032983527726397864,0.030676241925294365,0.02788154611203459,0.025106443997741233,0.022691008326812506,0.02080821574087931,0.019449880459954282,0.018477262936973573,0.01772956415931327,0.01709491610369106,0.016503087585809272,0.015908317264432283,0.015323081389071751,0.014834993796283846,0.014519753460893651,0.014321395806658085,0.01407046324844105,0.01365449606318337,0.013139540481718533,0.012701337528045068,0.012465980274634735,0.012430561005579889,0.012497178773330495,0.012545332338115335,0.012487458168056116,0.0123024155784067,0.01204537033683865,0.011825372971987175,0.01175406794301089,0.011884208130164768,0.012171672125744873,0.012500765214073822,0.012768975824881366,0.012947292601612712,0.013053594378460105,0.013096212524836765,0.01307383735101228,0.013014723666192447,0.012983932938355348,0.013056659601238035,0.013297338291189778,0.013739494794420961,0.014347980163030244,0.014992129619745035,0.01547062533001987,0.015583532883552177,0.015217208066715438,0.014408565810837293,0.013346849901196847,0.01228977319144841,0.011447217077979164,0.010917379843753435,0.010689031705230516,0.01066614353210675,0.010708381139476504],"std":[0.05578246019336949,0.06067537797325726,0.06900881372734509,0.07850836522244717,0.08685186105151484,0.0923130711054727,0.09421944382062587,0.09299236768097131,0.08969931098331965,0.08550259280298685,0.08136173889033455,0.0778991947178623,0.07527506055642046,0.07322556408157345,0.07137386687384759,0.06954845301972228,0.06780504927581102,0.06621557568739142,0.06476430268670784,0.06353567703463138,0.06287008745407902,0.06306218254882308,0.0638131470715112,0.06421115168132005,0.06349511960949586,0.061774576353766035,0.05987397829862232,0.05857054602380854,0.05807914003733036,0.05811561012837427,0.05824082273563538,0.058150902313042895,0.057793518428695505,0.057327424984274365,0.0570429176272795,0.05730767972798559,0.058421405984486696,0.06036165211693925,0.06271111570660838,0.0649765896457782,0.06693601147534654,0.06853308605542001,0.06952203585558271,0.0694781317342096,0.0682414132261099,0.0662301995789515,0.06427454398925786,0.06318326069839601,0.06339754731043878,0.06485531718699428,0.06701696653426714,0.06898998876612523,0.06975820280690792,0.06857357471200547,0.06539668754274862,0.06102030329810696,0.056671107869349924,0.053391552789292564,0.05165363440950668,0.05131703148589087,0.05178527835285895,0.05229056016608744],"n_station_days":3731,"lower":[-0.04231093264690282,-0.04461259868930794,-0.048412288684968385,-0.05262014639783539,-0.05631746131104355,-0.058895915984467244,-0.060092386590369556,-0.06000883995457345,-0.05902306905802529,-0.057621046690952256,-0.056255294892593316,-0.055208186391049796,-0.05446684481554115,-0.053775683621619164,-0.05289660393687401,-0.051818888860409,-0.05071013317211996,-0.049712488101582145,-0.04885598542227555,-0.04821259564555963,-0.048035093657795166,-0.048542429087929426,-0.04949175126485311,-0.050140688432879,-0.04984062354631249,-0.048635035872047504,-0.04717264077057726,-0.046104565749173806,-0.04564857903175047,-0.04561843135504377,-0.04569549039752004,-0.04566344414498678,-0.0454911028502888,-0.04528205464743572,-0.04521754465529232,-0.0455536117849747,-0.04653719785432193,-0.04818997999119438,-0.050210350492534556,-0.05220761382089683,-0.05398871887373383,-0.055479491676959904,-0.056425823330745944,-0.056404294383197315,-0.05522668955991745,-0.05324626664059615,-0.05121788438801982,-0.04988592240720623,-0.04965805251601782,-0.05050733702396403,-0.05202483691452211,-0.05351936343610536,-0.05417466992335575,-0.05335636664529003,-0.05098812173191133,-0.04767345339691011,-0.044381334677901514,-0.041944335711313396,-0.04073625456575325,-0.040627999780660354,-0.0411191348207522,-0.04158217902661094],"upper":[0.06925398773983617,0.07673815725720659,0.08960533876972179,0.10439658404705895,0.11738626079198612,0.12573022622647814,0.1283465010508822,0.12597589540736917,0.12037555290861401,0.11338413891502144,0.10646818288807577,0.10059020304467481,0.09608327629729976,0.09267544454152774,0.08985112981082116,0.08727801717903555,0.08489996537950208,0.0827186632732007,0.08067261995114013,0.07885875842370313,0.07770508125036286,0.07758193600971673,0.07813454287816929,0.0782816149297611,0.07714961567267922,0.07491411683548457,0.07257531582666739,0.07103652629844327,0.07050970104291025,0.07061278890170476,0.07078615507375072,0.070638360481099,0.0700959340071022,0.06937279532111301,0.06886829059926668,0.06906174767099647,0.07030561411465147,0.07253332424268412,0.0752118809206822,0.07774556547065956,0.07988330407695926,0.08158668043388012,0.08261824838041948,0.08255196908522187,0.08125613689230235,0.07921413251730686,0.07733120359049589,0.07648059898958579,0.07713704210485975,0.07920329735002452,0.08200909615401218,0.08446061409614511,0.0853417356904601,0.0837907827787209,0.07980525335358592,0.07436715319930381,0.06896088106079834,0.06483876986727173,0.06257101425326012,0.06200606319112138,0.0624514218849657,0.06299894130556395]}