{"bin_centers_hours":[-1.375,-1.125,-0.875,-0.625,-0.375,-0.125,0.125,0.375,0.625,0.875,1.125,1.375,1.625,1.875,2.125,2.375,2.625,2.875,3.125,3.375,3.625,3.875,4.125,4.375,4.625,4.875,5.125,5.375,5.625,5.875,6.125,6.375,6.625,6.875,7.125,7.375,7.625,7.875,8.125,8.375,8.625,8.875,9.125,9.375,9.625,9.875,10.125,10.375,10.625,10.875,11.125,11.375,11.625,11.875,12.125,12.375,12.625,12.875,13.125,13.375,13.625,13.875],"mean":[0.003918001149443624,0.004714868700917211,0.006473818866700126,0.00935766928109167,0.013266101754564134,0.01768431233961931,0.02184070554633261,0.025098100702255845,0.0272328842023962,0.02836840560154409,0.02870553537362585,0.02836777829671972,0.027478580211643597,0.02628768302296417,0.025124648212358817,0.02421126395113601,0.02354926552663475,0.022995857228233562,0.022425480125161854,0.02181657018600802,0.021216205161296766,0.020664596638875425,0.02016795001529985,0.019718974903019364,0.019321810199413102,0.019000269748042118,0.01878397053922476,0.018680893478029537,0.01867438822560438,0.018757239687307792,0.018952815534171847,0.019282088068351907,0.01971090879023467,0.020156930555049208,0.020560926627841834,0.020920056275222067,0.021218379258469915,0.02135108880597099,0.021156477652619417,0.020525515959781606,0.01947394192199631,0.018115382002777427,0.016578159215611385,0.01496301067247674,0.013374570577327643,0.011942462066507733,0.01076717504186776,0.009853090131894914,0.009113382011609139,0.008443279810831417,0.007793834551323102,0.0071865965324635715,0.006659712871027782,0.00620699431749621,0.0057755020989293734,0.005311867859834823,0.004794425195473638,0.004229449679400851,0.003640778122118785,0.003075644063616437,0.002613251687791426,0.0023484731644473574],"std":[0.027412211127179675,0.029689115909253355,0.03464311988246534,0.04247804547597517,0.052554234020111654,0.0633072875452372,0.07288504686683382,0.08003366291360137,0.08454547653461676,0.08696672268778628,0.08791742758171847,0.08767017812674809,0.08633729675037392,0.08435085579573313,0.0825244053264728,0.08148058803419483,0.08111184156591907,0.08080068885664457,0.08013875068711628,0.07925933530702542,0.07850145297442807,0.07795469170779923,0.07737938772732746,0.07645275441225154,0.07507077925264784,0.07346574275050259,0.07203793476575322,0.07108415315345779,0.07072683256229474,0.07103303421288085,0.07205666874108048,0.07370891863407074,0.07563686091218977,0.0773596936798026,0.0786466030605268,0.07973385679507206,0.08102791935936873,0.08256877743623058,0.08384028552194847,0.08410083193146928,0.08286362257087877,0.08008644817293536,0.07602139901624669,0.07107896742982807,0.06590486881244094,0.06133968703162896,0.0580151808339187,0.055954605237525615,0.0546215517431271,0.053355674487411055,0.05180436886270544,0.05004253520894149,0.048316624433949885,0.04669773564868112,0.04501870505069465,0.043116645452957014,0.040999213805670814,0.03869677720804214,0.03608706756992805,0.03311582589288548,0.030234561357886984,0.02839114627602322],"n_station_days":2650,"lower":[-0.02349420997773605,-0.024974247208336145,-0.02816930101576521,-0.0331203761948835,-0.03928813226554752,-0.045622975205617894,-0.051044341320501216,-0.05493556221134552,-0.057312592332220566,-0.05859831708624219,-0.05921189220809262,-0.059302399830028364,-0.05885871653873033,-0.05806317277276896,-0.057399757114113985,-0.05726932408305882,-0.057562576039284316,-0.057804831628411005,-0.057713270561954425,-0.0574427651210174,-0.057285247813131296,-0.0572900950689238,-0.05721143771202761,-0.05673377950923217,-0.05574896905323473,-0.05446547300246048,-0.053253964226528464,-0.05240325967542825,-0.05205244433669036,-0.05227579452557306,-0.053103853206908636,-0.05442683056571883,-0.0559259521219551,-0.05720276312475339,-0.05808567643268497,-0.05881380051984999,-0.05980954010089882,-0.06121768863025959,-0.06268380786932906,-0.06357531597168767,-0.06338968064888247,-0.061971066170157935,-0.0594432398006353,-0.05611595675735133,-0.05253029823511329,-0.04939722496512123,-0.047248005792050934,-0.0461015151056307,-0.04550816973151796,-0.044912394676579634,-0.044010534311382334,-0.04285593867647792,-0.0416569115629221,-0.04049074133118491,-0.039243202951765276,-0.03780477759312219,-0.03620478861019718,-0.03446732752864129,-0.032446289447809265,-0.030040181829269045,-0.02762130967009556,-0.026042673111575862],"upper":[0.0313302122766233,0.034403984610170565,0.041116938749165464,0.05183571475706684,0.06582033577467579,0.08099159988485652,0.09472575241316643,0.10513176361585722,0.11177836073701296,0.11533512828933037,0.11662296295534433,0.11603795642346781,0.11381587696201752,0.11063853881869731,0.10764905353883161,0.10569185198533085,0.10466110709255382,0.10379654608487814,0.10256423081227813,0.10107590549303344,0.09971765813572483,0.09861928834667466,0.0975473377426273,0.0961717293152709,0.09439258945206094,0.0924660124985447,0.09082190530497798,0.08976504663148732,0.08940122078789912,0.08979027390018864,0.09100948427525232,0.09299100670242265,0.09534776970242444,0.0975166242348518,0.09920752968836863,0.10065391307029412,0.10224629861783865,0.10391986624220156,0.10499676317456788,0.10462634789125089,0.10233756449287508,0.0982018301757128,0.09259955823185807,0.08604197810230481,0.07927943938976859,0.0732821490981367,0.06878235587578646,0.06580769536942052,0.06373493375473624,0.061798954298242476,0.05959820341402854,0.05722913174140506,0.05497633730497767,0.05290472996617733,0.05079420714962402,0.04842851331279184,0.04579363900114445,0.04292622688744299,0.039727845692046834,0.036191469956501916,0.03284781304567841,0.03073961944047058]}