{"bin_centers_hours":[-1.375,-1.125,-0.875,-0.625,-0.375,-0.125,0.125,0.375,0.625,0.875,1.125,1.375,1.625,1.875,2.125,2.375,2.625,2.875,3.125,3.375,3.625,3.875,4.125,4.375,4.625,4.875,5.125,5.375,5.625,5.875,6.125,6.375,6.625,6.875,7.125,7.375,7.625,7.875,8.125,8.375,8.625,8.875,9.125,9.375,9.625,9.875,10.125,10.375,10.625,10.875,11.125,11.375,11.625,11.875,12.125,12.375,12.625,12.875,13.125,13.375,13.625,13.875],"mean":[0.0051466911876873285,0.005368774831944524,0.006108174644282635,0.007818950702176761,0.010867947720187631,0.015198315628777773,0.02005606037949308,0.024155682243042046,0.026420838520021677,0.02672969803222114,0.025950351909940356,0.025292409753372665,0.02557648713934735,0.026871614539878654,0.028604815461386802,0.030004208520816963,0.030549606151995905,0.030167258728489174,0.02916072150719501,0.02795386179591806,0.026738906702965578,0.025325234576034885,0.023424012786653035,0.021104359425725902,0.018899046542497997,0.017440722589468237,0.01696666455414634,0.017113259765310192,0.01718448198454536,0.016672725796933734,0.015579775117399209,0.014286002530877726,0.013151489371300812,0.012241387544721953,0.0113949550276473,0.010512629340757336,0.009734731345600111,0.009304385518454864,0.009260780912547104,0.009323374483493555,0.00914120172329943,0.008659194998679492,0.00819051994425634,0.008121558860582393,0.008568681121062509,0.009300036412445633,0.009950732701089393,0.010311207887190641,0.010433891971516755,0.010498167217582675,0.010632819475149595,0.010887432084401487,0.011299971481089754,0.011905615269982574,0.012691110477815475,0.013577621875648605,0.014440950685942158,0.015146064115930396,0.01558800865660674,0.015737443406221695,0.015677929544629637,0.015578444773619879],"std":[0.04594712058950268,0.044772102529258166,0.043710194378592616,0.044619726470695995,0.04901349205106754,0.057123795464115036,0.06719003545651668,0.07593530466309531,0.0805519851109498,0.08051395738679355,0.07758240371444067,0.07445136723549456,0.07322379202406219,0.0742799941743426,0.07614526797920149,0.07677001639595879,0.07520044585787142,0.07207379647957458,0.06877673203083011,0.06631826421849421,0.0646682739421398,0.06285040454127058,0.059830597027277076,0.0555813193187898,0.05130251204576968,0.048574994858343865,0.04820192472956391,0.04963742399681924,0.051431688039550894,0.052336156277780724,0.05220177833422878,0.05191435351055877,0.0523273486395482,0.05308232624790416,0.05268795406491992,0.05008683050851077,0.04595158518652134,0.042088990280077815,0.03972256433465918,0.038606317028373666,0.037674957337736216,0.03628351038814563,0.034766038939547585,0.03397085952921693,0.03439354663737151,0.0357512675541725,0.03736134058067348,0.038800299540896255,0.040064075605897004,0.0411775574691857,0.04196581900319847,0.04235396449345865,0.04272407974305624,0.043762735140862076,0.045911796142817964,0.04892604647446108,0.05192714563364958,0.05399489393305006,0.05478754156112111,0.05460953539383151,0.05404071393135897,0.05360508929122161],"n_station_days":211,"lower":[-0.04080042940181535,-0.03940332769731364,-0.03760201973430998,-0.036800775768519235,-0.03814554433087991,-0.04192547983533726,-0.047133975077023604,-0.05177962242005327,-0.05413114659092812,-0.053784259354572414,-0.05163205180450031,-0.049158957482121894,-0.047647304884714844,-0.04740837963446394,-0.047540452517814684,-0.04676580787514183,-0.04465083970587551,-0.04190653775108541,-0.0396160105236351,-0.038364402422576147,-0.037929367239174214,-0.037525169965235694,-0.03640658424062404,-0.034476959893063895,-0.03240346550327168,-0.031134272268875628,-0.03123526017541757,-0.03252416423150904,-0.03424720605500553,-0.03566343048084699,-0.03662200321682957,-0.03762835097968105,-0.03917585926824739,-0.04084093870318221,-0.04129299903727262,-0.03957420116775343,-0.03621685384092123,-0.032784604761622954,-0.030461783422112074,-0.029282942544880113,-0.028533755614436787,-0.02762431538946614,-0.026575518995291245,-0.025849300668634542,-0.025824865516308998,-0.026451231141726872,-0.02741060787958409,-0.02848909165370561,-0.029630183634380247,-0.030679390251603024,-0.031332999528048876,-0.03146653240905716,-0.03142410826196648,-0.031857119870879504,-0.03322068566500249,-0.035348424598812475,-0.03748619494770742,-0.038848829817119665,-0.03919953290451437,-0.03887209198760981,-0.03836278438672934,-0.03802664451760173],"upper":[0.05109381177719,0.05014087736120269,0.04981836902287525,0.052438677172872754,0.059881439771255165,0.07232211109289281,0.08724609583600976,0.10009098690613735,0.10697282363097148,0.10724365541901469,0.10353275562438102,0.09974377698886722,0.09880027916340954,0.10115160871422126,0.10475008344058828,0.10677422491677575,0.10575005200986733,0.10224105520806376,0.09793745353802512,0.09427212601441227,0.09140718064510538,0.08817563911730547,0.08325460981393011,0.0766856787445157,0.07020155858826768,0.0660157174478121,0.06516858928371025,0.06675068376212943,0.06861617002409626,0.06900888207471445,0.067781553451628,0.0662003560414365,0.06547883801084901,0.06532371379262611,0.06408290909256723,0.0605994598492681,0.05568631653212146,0.051393375798532676,0.04898334524720628,0.04792969151186722,0.046816159061035645,0.04494270538682513,0.042956558883803925,0.042092418389799324,0.042962227758434016,0.045051303966618134,0.04731207328176287,0.0491115074280869,0.05049796757741376,0.05167572468676838,0.052598638478348066,0.05324139657786014,0.054024051224146,0.05566835041084465,0.05860290662063344,0.06250366835010969,0.06636809631959173,0.06914095804898046,0.07037555021772784,0.07034697880005321,0.0697186434759886,0.06918353406484148]}