{"bin_centers_hours":[-1.375,-1.125,-0.875,-0.625,-0.375,-0.125,0.125,0.375,0.625,0.875,1.125,1.375,1.625,1.875,2.125,2.375,2.625,2.875,3.125,3.375,3.625,3.875,4.125,4.375,4.625,4.875,5.125,5.375,5.625,5.875,6.125,6.375,6.625,6.875,7.125,7.375,7.625,7.875,8.125,8.375,8.625,8.875,9.125,9.375,9.625,9.875,10.125,10.375,10.625,10.875,11.125,11.375,11.625,11.875,12.125,12.375,12.625,12.875,13.125,13.375,13.625,13.875],"mean":[0.048738131798773184,0.04774432391634504,0.04508744813607911,0.04039896075324722,0.034402088561968296,0.02860254423875036,0.02424992244301586,0.021656768626676124,0.020356209161264727,0.01967713820626395,0.019151904060825658,0.01858009211093224,0.01790665531559214,0.017113999600126075,0.01620209730221885,0.015209496103694126,0.014214700218177724,0.013303626177950582,0.012525826305650653,0.01187115654007285,0.011288071040634421,0.010732419236411682,0.010207684106572915,0.00975820402022912,0.009421916775851568,0.00919513523459864,0.009045487598363551,0.008947780539686234,0.008895924323801149,0.008885360675292641,0.00889647394157918,0.00889904419641548,0.008873195335701958,0.008827734047510532,0.008796411538936365,0.008816932648928707,0.008922291542696439,0.009152188676484605,0.009548013393169248,0.010109374669468785,0.010757031766799572,0.011362957293176159,0.01183043888163234,0.012137554233531153,0.012309710227876944,0.01238263769660193,0.012414781182034672,0.0125171292406423,0.012821972503937957,0.013388977780314913,0.014146708824230783,0.014938556908060726,0.015622233632934818,0.016134990836351563,0.016498900341653144,0.016785453271404557,0.017071132083846034,0.017424908579126912,0.01791152561365404,0.01854015886259833,0.019184563251576765,0.01960494386805734],"std":[0.14205574211847286,0.13853846555194504,0.1311348977994748,0.12015140069620212,0.10738492231803164,0.09557075848399024,0.0868167034874169,0.08150936817966857,0.07858564130550344,0.07664492171804509,0.07481055609830903,0.07284506515688438,0.07079724031725626,0.06867852715413948,0.06640138845134752,0.06390809812881768,0.061313000514556903,0.05889550866988655,0.056905292030814944,0.05534073574680279,0.05394088765279652,0.05242492868950595,0.05075259724544888,0.049146179678332035,0.04786976363152188,0.04701490115961115,0.04649846473220235,0.0462153253031564,0.046150435731351136,0.046351970997582016,0.04680241879375623,0.0473020510929802,0.0475294607425141,0.047305841130731476,0.046789089138029864,0.04635671692665063,0.046345066891039295,0.04695780503770227,0.04831361678011898,0.050402299558264474,0.052965822254810765,0.055544589885929384,0.057739149484629326,0.059402217915851416,0.06056147467310669,0.06126284566116697,0.06161528990474756,0.06196424052286023,0.06284315124272565,0.06460418920739723,0.06708776122902704,0.06969709563803805,0.07180664950118659,0.0731595754746757,0.07399330723272428,0.07482979792882792,0.07609893205735885,0.07794941774146334,0.08032900483519398,0.08301083982257891,0.08547613249437602,0.08698785476122949],"n_station_days":11338,"lower":[-0.09331761031969968,-0.09079414163560001,-0.08604744966339568,-0.07975243994295489,-0.07298283375606335,-0.06696821424523988,-0.06256678104440103,-0.05985259955299245,-0.058229432144238716,-0.05696778351178114,-0.05565865203748337,-0.05426497304595214,-0.05289058500166412,-0.051564527554013403,-0.050199291149128675,-0.04869860202512355,-0.04709830029637918,-0.045591882491935964,-0.04437946572516429,-0.04346957920672994,-0.042652816612162095,-0.041692509453094266,-0.04054491313887597,-0.03938797565810291,-0.03844784685567031,-0.03781976592501251,-0.0374529771338388,-0.03726754476347016,-0.037254511407549984,-0.03746661032228937,-0.037905944852177055,-0.038403006896564715,-0.03865626540681214,-0.03847810708322094,-0.0379926775990935,-0.03753978427772192,-0.03742277534834286,-0.03780561636121767,-0.03876560338694973,-0.04029292488879569,-0.0422087904880112,-0.04418163259275323,-0.045908710602996984,-0.04726466368232026,-0.048251764445229745,-0.04888020796456504,-0.049200508722712887,-0.04944711128221793,-0.05002117873878769,-0.05121521142708232,-0.05294105240479626,-0.054758538729977324,-0.05618441586825178,-0.05702458463832415,-0.05749440689107113,-0.05804434465742336,-0.05902779997351282,-0.060524509162336426,-0.06241747922153994,-0.06447068095998058,-0.06629156924279926,-0.06738291089317214],"upper":[0.19079387391724603,0.18628278946829008,0.17622234593555391,0.16055036144944934,0.14178701087999993,0.1241733027227406,0.11106662593043276,0.10316613680634469,0.09894185046676816,0.09632205992430903,0.09396246015913469,0.09142515726781662,0.0887038956328484,0.08579252675426556,0.08260348575356637,0.0791175942325118,0.07552770073273463,0.07219913484783713,0.06943111833646559,0.06721189228687564,0.06522895869343094,0.06315734792591762,0.06096028135202179,0.05890438369856116,0.057291680407373445,0.05621003639420979,0.0555439523305659,0.05516310584284263,0.05504636005515229,0.05523733167287466,0.05569889273533541,0.05620109528939568,0.05640265607821606,0.05613357517824201,0.05558550067696623,0.05517364957557934,0.05526735843373573,0.05610999371418687,0.05786163017328823,0.06051167422773326,0.06372285402161033,0.06690754717910555,0.06956958836626166,0.07153977214938256,0.07287118490098364,0.07364548335776891,0.07403007108678222,0.07448136976350253,0.0756651237466636,0.07799316698771214,0.08123447005325783,0.08463565254609878,0.08742888313412141,0.08929456631102727,0.09049220757437743,0.09161525120023248,0.09317006414120488,0.09537432632059026,0.09824053044884802,0.10155099868517724,0.10466069574595278,0.10659279862928683]}