{"bin_centers_hours":[-1.375,-1.125,-0.875,-0.625,-0.375,-0.125,0.125,0.375,0.625,0.875,1.125,1.375,1.625,1.875,2.125,2.375,2.625,2.875,3.125,3.375,3.625,3.875,4.125,4.375,4.625,4.875,5.125,5.375,5.625,5.875,6.125,6.375,6.625,6.875,7.125,7.375,7.625,7.875,8.125,8.375,8.625,8.875,9.125,9.375,9.625,9.875,10.125,10.375,10.625,10.875,11.125,11.375,11.625,11.875,12.125,12.375,12.625,12.875,13.125,13.375,13.625,13.875],"mean":[0.008809661169070924,0.00984974975131145,0.012042030301657642,0.015302929267801729,0.019062821871769286,0.02239709787599893,0.024573411981233972,0.025477511383748125,0.025497837859982355,0.02510092498811982,0.024585354490219903,0.024114483217499372,0.023784866163870978,0.02360782815404147,0.02350763379459886,0.023393953298375642,0.02322296717481407,0.022989039690917673,0.02268268288769792,0.022276013594802493,0.02175939433099115,0.021179118247112303,0.020606625112859142,0.02007457204904475,0.01957284944357516,0.019096853143175937,0.018666191739916398,0.0183018073496679,0.018005340547352148,0.0177521501814865,0.017493271117587025,0.01717302272492824,0.01675206866962397,0.016223728737547193,0.015622134192638389,0.01500960125797867,0.014440576635553428,0.013936982089917137,0.01349758360794106,0.013115772751915526,0.012786171702399606,0.012515975997095096,0.012333734889015164,0.012258460159409608,0.012252139583997167,0.012228646197453048,0.012117884715287587,0.011904117218395868,0.011606893522961454,0.011250955564780295,0.010858578569106948,0.010455093248526094,0.01006914380804025,0.009720690872134436,0.009406935732794584,0.009107799648119783,0.008806242495599316,0.008496355716803905,0.008182651677338032,0.007888922153981157,0.007659313908004275,0.007534849770414121],"std":[0.045181619869937885,0.04657280898803545,0.050147676616065354,0.05628438739915762,0.06389216817360463,0.07078151825852913,0.07516802083222007,0.07672038140585255,0.07623581562532573,0.07469374906176064,0.07280467338783955,0.0711189964497158,0.07007357015065063,0.06978226915919598,0.06995094830966639,0.07013456226400569,0.07006727040829781,0.06974751707866304,0.0692715636082066,0.06867217532600065,0.06795061154249474,0.0671723979035248,0.06640873780259794,0.06562245866117496,0.0647357729521916,0.0637983024785735,0.06298269745727254,0.06242629111995444,0.0621307133351296,0.06195276120666676,0.06163897550818507,0.06094006006094348,0.059763562093626516,0.05823633260344646,0.05661773729965522,0.05513308934888121,0.05387377709890994,0.052840973025637596,0.052032855222644066,0.05143793355273811,0.05099316300808537,0.05065285667011681,0.05049191906734986,0.05061107180870497,0.05090049154139523,0.05101895315384885,0.05068757449992538,0.049938868168978155,0.04904245754477456,0.04828055291505129,0.04784528502894833,0.04784147211260721,0.04823051504623757,0.04875270151140121,0.049014631863071215,0.04875423641918126,0.04802018045754183,0.0470661148399592,0.046134107949429896,0.04538115339563653,0.04489664030691073,0.044681173965508365],"n_station_days":4422,"lower":[-0.03637195870086696,-0.036723059236724004,-0.038105646314407715,-0.0409814581313559,-0.04482934630183534,-0.0483844203825302,-0.0505946088509861,-0.051242870022104425,-0.050737977765343376,-0.04959282407364082,-0.04821931889761965,-0.047004513232216424,-0.04628870398677966,-0.04617444100515451,-0.04644331451506753,-0.04674060896563005,-0.04684430323348374,-0.04675847738774537,-0.04658888072050868,-0.04639616173119815,-0.046191217211503585,-0.045993279656412506,-0.0458021126897388,-0.0455478866121302,-0.04516292350861644,-0.04470144933539756,-0.044316505717356146,-0.044124483770286535,-0.04412537278777745,-0.04420061102518026,-0.04414570439059805,-0.04376703733601524,-0.043011493424002546,-0.042012603865899265,-0.04099560310701683,-0.04012348809090254,-0.039433200463356514,-0.03890399093572046,-0.03853527161470301,-0.03832216080082258,-0.038206991305685764,-0.03813688067302172,-0.03815818417833469,-0.03835261164929536,-0.03864835195739807,-0.0387903069563958,-0.03856968978463779,-0.038034750950582286,-0.03743556402181311,-0.03702959735027099,-0.03698670645984138,-0.03738637886408112,-0.03816137123819732,-0.03903201063926677,-0.039607696130276634,-0.03964643677106147,-0.039213937961942516,-0.038569759123155294,-0.037951456272091864,-0.03749223124165538,-0.03723732639890645,-0.03714632419509424],"upper":[0.05399128103900881,0.0564225587393469,0.06218970691772299,0.07158731666695935,0.08295499004537392,0.09317861613452806,0.09974143281345405,0.10219789278960068,0.10173365348530809,0.09979467404988046,0.09739002787805945,0.09523347966721517,0.0938584363145216,0.09339009731323746,0.09345858210426525,0.09352851556238133,0.09329023758311189,0.09273655676958072,0.09195424649590453,0.09094818892080314,0.08971000587348589,0.0883515161506371,0.08701536291545708,0.08569703071021971,0.08430862239576675,0.08289515562174944,0.08164888919718893,0.08072809846962234,0.08013605388248175,0.07970491138815326,0.07913224662577209,0.07811308278587172,0.07651563076325049,0.07446006134099366,0.0722398714922936,0.07014269060685988,0.06831435373446337,0.06677795511555473,0.06553043883058512,0.06455370630465364,0.06377933471048497,0.0631688326672119,0.06282565395636502,0.06286953196811458,0.0631526311253924,0.06324759935130189,0.06280545921521297,0.061842985387374025,0.060649351067736015,0.05953150847983159,0.05870386359805528,0.058296565361133305,0.05829965885427782,0.05847339238353565,0.058421567595865795,0.057862036067301045,0.05682642295314115,0.055562470556763104,0.05431675962676793,0.053270075549617685,0.052555954214915004,0.05221602373592249]}