{"bin_centers_hours":[-1.375,-1.125,-0.875,-0.625,-0.375,-0.125,0.125,0.375,0.625,0.875,1.125,1.375,1.625,1.875,2.125,2.375,2.625,2.875,3.125,3.375,3.625,3.875,4.125,4.375,4.625,4.875,5.125,5.375,5.625,5.875,6.125,6.375,6.625,6.875,7.125,7.375,7.625,7.875,8.125,8.375,8.625,8.875,9.125,9.375,9.625,9.875,10.125,10.375,10.625,10.875,11.125,11.375,11.625,11.875,12.125,12.375,12.625,12.875,13.125,13.375,13.625,13.875],"mean":[0.07317955070387783,0.06737693460645067,0.05685689023861562,0.044124896355171236,0.03237521091794167,0.023787666047656107,0.018645105256697905,0.016030645930616264,0.014926854898443174,0.014559840905559568,0.01425133253409681,0.01354993694095019,0.012607807008435718,0.012117772165527506,0.012641805790921312,0.014021165477473566,0.015501397429169003,0.016343690337667544,0.01622907103176859,0.015208601797335474,0.01353061814578931,0.011619124063862797,0.010088040115001702,0.009515596689676135,0.009995239334014513,0.010924303112143154,0.011429492389848929,0.011102666071255424,0.010282086195383958,0.009638733084873976,0.009598133657981818,0.010080828944858577,0.01059554909439094,0.010577624690854265,0.009803383301125493,0.008557826040664553,0.0073761864678582026,0.0066238498286666486,0.006317164297651877,0.006286761969431098,0.006471763074494617,0.007033447253524478,0.008171657444034823,0.009861584496925133,0.011784719029138037,0.01345264556596383,0.014431388236302588,0.014623542722286094,0.014390067915657572,0.01425789574342918,0.014424789307346244,0.014579523039904847,0.014250760451920176,0.013382390973800772,0.012568595879148959,0.012658889446653249,0.014033437653219257,0.016197820247478425,0.01812388726128651,0.0190708672542857,0.019102992422890028,0.01884795071060042],"std":[0.12909392065561393,0.12114068845506869,0.10719111066822183,0.09096674916994017,0.07639323406852147,0.06546617432576694,0.05796488878067418,0.05321736572065249,0.051208036363097446,0.05156140258026191,0.05239330663699502,0.051402144296679615,0.04827257845119696,0.04519168199114885,0.04461798719414233,0.046986349849617776,0.05069188890771269,0.05361029519842046,0.05429669240197559,0.052340155127988286,0.0483718165097218,0.04391440217917107,0.04089408523465944,0.04067555699380906,0.0430034271969651,0.04589187460886695,0.0470358753480789,0.04565113760444588,0.04295067461553324,0.0409240695428073,0.04082849335702111,0.042456299506137725,0.04422602851620078,0.0441179120615576,0.04121575937777679,0.036551452844716247,0.032213162678058994,0.02964255138430636,0.028861030303895783,0.02908636743162929,0.029852936687785717,0.03146305270303255,0.03437674323139031,0.03840379993542316,0.042714337256253766,0.046331956699824886,0.0484134106763668,0.04861425968728161,0.047580789053009054,0.04660174481273705,0.046403794403821585,0.0465034346092845,0.045941422744654827,0.044627685886441205,0.04389266083799447,0.045663675811631284,0.05087712813319773,0.058388460597230095,0.06546445734778754,0.06973354938352488,0.0709263531168955,0.0706859147412461],"n_station_days":86,"lower":[-0.0559143699517361,-0.05376375384861802,-0.05033422042960621,-0.046841852814768936,-0.0440180231505798,-0.041678508278110836,-0.039319783523976276,-0.037186719790036224,-0.03628118146465427,-0.03700156167470234,-0.03814197410289821,-0.037852207355729424,-0.03566477144276124,-0.03307390982562134,-0.03197618140322102,-0.03296518437214421,-0.03519049147854368,-0.03726660486075292,-0.038067621370207,-0.03713155333065281,-0.034841198363932485,-0.032295278115308274,-0.03080604511965774,-0.03115996030413292,-0.03300818786295059,-0.0349675714967238,-0.035606382958229967,-0.034548471533190454,-0.032668588420149275,-0.03128533645793333,-0.03123035969903929,-0.03237547056127915,-0.033630479421809835,-0.03354028737070334,-0.031412376076651295,-0.027993626804051694,-0.02483697621020079,-0.02301870155563971,-0.022543866006243904,-0.02279960546219819,-0.0233811736132911,-0.02442960544950807,-0.02620508578735549,-0.028542215438498025,-0.030929618227115728,-0.032879311133861056,-0.03398202244006421,-0.03399071696499551,-0.033190721137351484,-0.03234384906930787,-0.03197900509647534,-0.031923911569379654,-0.03169066229273465,-0.031245294912640435,-0.031324064958845516,-0.033004786364978035,-0.03684369047997847,-0.042190640349751674,-0.04734057008650103,-0.05066268212923919,-0.05182336069400548,-0.051837964030645674],"upper":[0.20227347135949175,0.18851762306151937,0.16404800090683747,0.1350916455251114,0.10876844498646314,0.08925384037342304,0.07660999403737208,0.06924801165126876,0.06613489126154062,0.06612124348582148,0.06664463917109183,0.0649520812376298,0.060880385459632674,0.057309454156676355,0.057259792985063646,0.06100751532709134,0.0661932863368817,0.069953985536088,0.07052576343374418,0.06754875692532376,0.06190243465551111,0.05553352624303387,0.05098212534966114,0.050191153683485194,0.052998666530979614,0.0568161777210101,0.05846536773792783,0.0567538036757013,0.0532327608109172,0.05056280262768127,0.050426627015002924,0.0525371284509963,0.05482157761059172,0.054695536752411865,0.05101914267890228,0.0451092788853808,0.0395893491459172,0.03626640121297301,0.03517819460154766,0.03537312940106039,0.03632469976228034,0.038496499956557025,0.04254840067542513,0.04826538443234829,0.054499056285391805,0.05978460226578872,0.06284479891266939,0.0632378024095677,0.061970856968666624,0.06085964055616623,0.06082858371116783,0.06108295764918935,0.060192183196575,0.058010076860241976,0.05646125671714343,0.05832256525828453,0.06491056578641699,0.07458628084470852,0.08358834460907405,0.08880441663781058,0.09002934553978553,0.08953386545184652]}