{"bin_centers_hours":[-1.375,-1.125,-0.875,-0.625,-0.375,-0.125,0.125,0.375,0.625,0.875,1.125,1.375,1.625,1.875,2.125,2.375,2.625,2.875,3.125,3.375,3.625,3.875,4.125,4.375,4.625,4.875,5.125,5.375,5.625,5.875,6.125,6.375,6.625,6.875,7.125,7.375,7.625,7.875,8.125,8.375,8.625,8.875,9.125,9.375,9.625,9.875,10.125,10.375,10.625,10.875,11.125,11.375,11.625,11.875,12.125,12.375,12.625,12.875,13.125,13.375,13.625,13.875],"mean":[0.002288103378646501,0.0027210440827286613,0.003843826626289615,0.0060093069019847584,0.009381629716531982,0.013676901891674306,0.018149409320744853,0.02190565008364017,0.024357687469000296,0.025476049988611957,0.025664449682062936,0.025416435179967996,0.025069148397431202,0.024790717082804486,0.02467891998197257,0.024777261824289593,0.024995018066463943,0.02511320418942563,0.024969909636613864,0.024644667978438218,0.024401040982280374,0.02442185015011515,0.02463748130580375,0.02482700834023827,0.024829368241169117,0.02460902860638318,0.02418369315138705,0.023589612936773748,0.022903336747394528,0.022218824855925967,0.021605670660075935,0.021122000386161074,0.020839128890348845,0.020796615013869372,0.020913562584481973,0.02095949764758838,0.020661079250831837,0.019889450192940243,0.018747909053249162,0.017460812540426675,0.016202691206343187,0.015040076825947378,0.013961586246873822,0.012908023945285306,0.011831361003897712,0.010781920967713384,0.009901172136567188,0.009285875687515077,0.00886934546157675,0.008452558752825565,0.007858422220718352,0.00707126698212214,0.006233647053572981,0.005507731371440114,0.0049560256184871315,0.004555329520385928,0.004279167241867661,0.004127783072292481,0.004093316112026393,0.004132005193453689,0.004185990149444607,0.0042183902128752155],"std":[0.02014520176267511,0.021225141616513343,0.024435593698809367,0.03103966938808073,0.04122671807402814,0.05335837901265031,0.0646167382122299,0.07263504189990665,0.07669115187915322,0.0775832366789846,0.07664808729907173,0.07498091028160035,0.07333308194922501,0.07230113897295977,0.07230800748271275,0.0733452299754348,0.0748333548275115,0.07595816482584736,0.07636305431650478,0.07651250383290699,0.07718975453726759,0.07858009202813522,0.08001799388060861,0.08067946421667396,0.08031359178490373,0.07920911259170084,0.07772942323307856,0.07611161054086749,0.07456555187490053,0.07331277100306217,0.07249168928048305,0.07209179113981957,0.07202467828515811,0.07222752849089555,0.07259771068396821,0.0727957270043614,0.07233207977620727,0.07103398819123283,0.06925717398109228,0.06743405052420087,0.06561086976027887,0.06363913186401562,0.061540909040421796,0.059368257526527426,0.0569822585334557,0.05434550490715817,0.051857987211823886,0.050051857208653926,0.04891462082976001,0.04768398922355593,0.04546536187388444,0.04209511680424438,0.038312038048399756,0.03504251616410852,0.03266010801020991,0.0309952631133199,0.029859540233963602,0.029352058664735333,0.029656389473619673,0.030665326757144742,0.031892935720751706,0.03271766596458489],"n_station_days":1145,"lower":[-0.01785709838402861,-0.01850409753378468,-0.02059176707251975,-0.02503036248609597,-0.03184508835749616,-0.039681477120976,-0.04646732889148504,-0.05072939181626648,-0.05233346441015292,-0.05210718669037265,-0.05098363761700879,-0.04956447510163235,-0.048263933551793814,-0.04751042189015528,-0.047629087500740186,-0.04856796815114521,-0.049838336761047555,-0.05084496063642173,-0.051393144679890916,-0.051867835854468775,-0.05278871355498722,-0.05415824187802007,-0.05538051257480486,-0.0558524558764357,-0.05548422354373461,-0.054600083985317655,-0.053545730081691514,-0.052521997604093734,-0.051662215127506,-0.05109394614713621,-0.05088601862040712,-0.0509697907536585,-0.051185549394809265,-0.05143091347702618,-0.05168414809948624,-0.051836229356773025,-0.05167100052537543,-0.051144537998292584,-0.05050926492784312,-0.0499732379837742,-0.049408178553935686,-0.048599055038068245,-0.04757932279354797,-0.04646023358124212,-0.04515089752955798,-0.04356358393944479,-0.0419568150752567,-0.04076598152113885,-0.04004527536818326,-0.03923143047073036,-0.03760693965316609,-0.03502384982212224,-0.032078390994826775,-0.029534784792668408,-0.027704082391722777,-0.02643993359293397,-0.02558037299209594,-0.025224275592442853,-0.025563073361593282,-0.026533321563691054,-0.0277069455713071,-0.028499275751709675],"upper":[0.022433305141321608,0.023946185699242006,0.028279420325098982,0.03704897629006549,0.05060834779056012,0.06703528090432462,0.08276614753297475,0.09454069198354681,0.10104883934815352,0.10305928666759656,0.10231253698113467,0.10039734546156835,0.09840223034665621,0.09709185605576426,0.09698692746468532,0.09812249179972439,0.09982837289397543,0.10107136901527299,0.10133296395311864,0.1011571718113452,0.10159079551954797,0.10300194217825037,0.10465547518641236,0.10550647255691223,0.10514296002607285,0.10381814119808402,0.10191311638446561,0.09970122347764124,0.09746888862229507,0.09553159585898814,0.09409735994055898,0.09321379152598065,0.09286380717550696,0.09302414350476491,0.09351127326845018,0.09375522465194978,0.09299315902703911,0.09092343838417308,0.08800508303434144,0.08489486306462754,0.08181356096662205,0.078679208689963,0.07550249528729562,0.07227628147181273,0.0688136195373534,0.06512742587487155,0.061759159348391074,0.059337732896169004,0.05778396629133676,0.05613654797638149,0.05332378409460279,0.04916638378636652,0.04454568510197274,0.04055024753554864,0.03761613362869704,0.03555059263370583,0.03413870747583126,0.03347984173702782,0.033749705585646064,0.034797331950598434,0.036078925870196316,0.036936056177460104]}