{"bin_centers_hours":[-1.375,-1.125,-0.875,-0.625,-0.375,-0.125,0.125,0.375,0.625,0.875,1.125,1.375,1.625,1.875,2.125,2.375,2.625,2.875,3.125,3.375,3.625,3.875,4.125,4.375,4.625,4.875,5.125,5.375,5.625,5.875,6.125,6.375,6.625,6.875,7.125,7.375,7.625,7.875,8.125,8.375,8.625,8.875,9.125,9.375,9.625,9.875,10.125,10.375,10.625,10.875,11.125,11.375,11.625,11.875,12.125,12.375,12.625,12.875,13.125,13.375,13.625,13.875],"mean":[0.04357287051661872,0.044524719592840045,0.04492654145352525,0.043339092444248904,0.0397471950077861,0.0353582725895291,0.03140974880008384,0.028419359416967563,0.02629709739311252,0.02472710409774537,0.02341013001912765,0.022185235769107987,0.021029466413148325,0.01993416321953171,0.018817598025550115,0.01762474609003289,0.016533679178486742,0.015964948858379818,0.016236646074577993,0.017169851268032235,0.01811750049795783,0.01846168839299441,0.018077171338181007,0.017292574581095538,0.01646628597496964,0.01570309674714431,0.014967639527915154,0.014312892060497635,0.013862818300900977,0.013615720920555718,0.013393213531123428,0.012996910639608183,0.012366016896654319,0.011607619362756021,0.010911619765313402,0.010412588885656571,0.0100979460684361,0.00983981416931852,0.009523840497996641,0.009163111573233702,0.008893543463511925,0.00884792837277358,0.009020493007449388,0.009254058309011146,0.009353331707784057,0.009207363461483258,0.008833552278717169,0.00835861929982492,0.007964647605009863,0.007790268957524434,0.007827084718353495,0.007922702283302078,0.007929252539140967,0.007854822493251784,0.007824977845029777,0.00788286332119833,0.007896926677025077,0.007713385900681173,0.007338453686454245,0.006912878443151161,0.006570631236244245,0.006383678432335888],"std":[0.11691521608576348,0.11641192352877487,0.11378417484958558,0.10794541158671127,0.09992057926919543,0.09197696069458688,0.08565838002940696,0.0810592273761337,0.07745474418536721,0.07399341097874655,0.0701201325102464,0.06590992843353548,0.061917429616330615,0.0585208671763868,0.05556471448926126,0.052798205785578554,0.05059721543903579,0.04994245754751694,0.0514160779893051,0.05422873582192949,0.056426114138501376,0.056279649122660834,0.05364834455545421,0.04999653606374326,0.047035152815023885,0.04545925262872056,0.044974567246659054,0.045055946301866975,0.045222262590198445,0.044865461024651804,0.04346543500515383,0.04107601891310557,0.038345817173433154,0.036104025671993834,0.034955547911007585,0.03497213603961053,0.03555457646658806,0.03576493162857449,0.03511002397593618,0.03408386009933697,0.033797648611353745,0.03495388428567413,0.03712419558804438,0.03908047347139533,0.03983634071765563,0.03928410053537582,0.03786849576478296,0.036060851979341564,0.03441107843691727,0.033648946910447564,0.03412561573064386,0.03527419868155839,0.036140940412909384,0.03650401837681112,0.0370112527678556,0.03800415104162823,0.0386975093382991,0.037973563329977186,0.03564596587281498,0.03253760941578228,0.02971668223431097,0.028047042020789226],"n_station_days":268,"lower":[-0.07334234556914476,-0.07188720393593483,-0.06885763339606032,-0.06460631914246237,-0.06017338426140933,-0.05661868810505778,-0.054248631229323115,-0.05263986795916614,-0.05115764679225469,-0.049266306881001184,-0.04671000249111876,-0.043724692664427495,-0.04088796320318229,-0.03858670395685509,-0.03674711646371114,-0.03517345969554567,-0.034063536260549046,-0.03397750868913712,-0.03517943191472711,-0.037058884553897255,-0.03830861364054355,-0.03781796072966642,-0.035571173217273204,-0.032703961482647724,-0.030568866840054245,-0.02975615588157625,-0.0300069277187439,-0.03074305424136934,-0.03135944428929747,-0.031249740104096084,-0.030072221474030405,-0.028079108273497386,-0.025979800276778833,-0.024496406309237814,-0.024043928145694185,-0.02455954715395396,-0.025456630398151957,-0.02592511745925597,-0.02558618347793954,-0.024920748526103268,-0.024904105147841818,-0.026105955912900547,-0.028103702580594997,-0.029826415162384184,-0.03048300900987157,-0.030076737073892565,-0.029034943486065792,-0.027702232679516645,-0.026446430831907407,-0.02585867795292313,-0.02629853101229037,-0.027351496398256313,-0.028211687873768418,-0.02864919588355934,-0.02918627492282582,-0.0301212877204299,-0.030800582661274025,-0.030260177429296015,-0.028307512186360736,-0.02562473097263112,-0.023146050998066728,-0.02166336358845334],"upper":[0.1604880866023822,0.16093664312161493,0.15871071630311084,0.15128450403096017,0.13966777427698152,0.127335233284116,0.1170681288294908,0.10947858679310127,0.10375184157847973,0.09872051507649192,0.09353026252937405,0.08809516420264346,0.08294689602947894,0.0784550303959185,0.07438231251481137,0.07042295187561144,0.06713089461752253,0.06590740640589676,0.06765272406388309,0.07139858708996172,0.0745436146364592,0.07474133751565525,0.07172551589363521,0.0672891106448388,0.06350143878999352,0.06116234937586487,0.05994220677457421,0.05936883836236461,0.05908508089109942,0.058481181945207523,0.056858648536277256,0.054072929552713755,0.050711834070087475,0.04771164503474985,0.045867167676320986,0.0453847249252671,0.04565252253502416,0.04560474579789301,0.044633864473932826,0.043246971672570675,0.04269119207486567,0.04380181265844771,0.04614468859549377,0.048334531780406476,0.04918967242543969,0.04849146399685908,0.04670204804350013,0.044419471279166484,0.04237572604192713,0.041439215867972,0.041952700448997356,0.04319690096486047,0.04407019295205035,0.04435884087006291,0.04483623061288538,0.04588701436282656,0.046594436015324175,0.04568694923065836,0.042984419559269224,0.03945048785893344,0.036287313470555214,0.03443072045312511]}