{"bin_centers_hours":[-1.375,-1.125,-0.875,-0.625,-0.375,-0.125,0.125,0.375,0.625,0.875,1.125,1.375,1.625,1.875,2.125,2.375,2.625,2.875,3.125,3.375,3.625,3.875,4.125,4.375,4.625,4.875,5.125,5.375,5.625,5.875,6.125,6.375,6.625,6.875,7.125,7.375,7.625,7.875,8.125,8.375,8.625,8.875,9.125,9.375,9.625,9.875,10.125,10.375,10.625,10.875,11.125,11.375,11.625,11.875,12.125,12.375,12.625,12.875,13.125,13.375,13.625,13.875],"mean":[0.005069759124402257,0.007437056109715248,0.011967838348521383,0.01775702745657311,0.023074156146381277,0.026193467045680586,0.026511981443560702,0.024784374725678782,0.0223307252278633,0.020152634556751644,0.01865247167331653,0.01782083181101132,0.017487623313471316,0.017477857725902407,0.017688396909790238,0.018086791988925224,0.018656384162900375,0.019371585546408915,0.020239967693348244,0.021326859513775744,0.022681163411960394,0.024227004413976422,0.025755057516016845,0.027033068924645756,0.02792353949455782,0.028413825125423748,0.028563106682894215,0.028430182745445662,0.028037317610364966,0.0273781216627804,0.026447565192729484,0.02527655769601723,0.02395034850574356,0.02258690046066304,0.021283426916769124,0.020074693107758806,0.01892942516050944,0.017780032152607973,0.01657028119906848,0.015300235053185127,0.01404035445830783,0.012893028132258552,0.011922011624964781,0.011115746990068029,0.010419246834878939,0.009782619847669675,0.0091704829780447,0.008551487555384573,0.007903953582909014,0.0072269274105457235,0.00653776710447108,0.005863877576429856,0.005235267326732194,0.004676221804464251,0.00419913381960248,0.0038034280821326147,0.0034789086944484186,0.0032137296721020214,0.0030011898392471904,0.002839022837270231,0.00272712649573521,0.0026688237752369517],"std":[0.030696805551849532,0.03805017988097447,0.051759840225635664,0.06873208370748089,0.08387960797411492,0.09262955153005364,0.09371783293790627,0.08938998158762107,0.08313176545572802,0.07749689810260943,0.07355362460054156,0.07137289721467105,0.0705838376889429,0.07075871264760061,0.07165229365762671,0.07316907467546545,0.07515308453461668,0.07737069471247224,0.07976495076021381,0.08257656206651601,0.08605060417190177,0.09002840122550208,0.0939141359239627,0.09706845681008959,0.09921046930581638,0.10047005743644857,0.10112029167754304,0.1012913645191976,0.10091135325830251,0.09983632459781687,0.09797475977483076,0.09535191561577859,0.09216622590577607,0.08879371303256145,0.08566521304149477,0.08306206220044682,0.08094567717769514,0.07894731043569006,0.0765888856718252,0.07362261552405705,0.07020763007321636,0.06675792328662558,0.06361786287168618,0.060883672780752844,0.058479349333183626,0.056278093793912576,0.054106512010694156,0.05175443818849902,0.04909182565508638,0.046168774419102,0.04319445902037306,0.04043420161558311,0.03807750927929338,0.036146435053533314,0.03453176318604885,0.033120339528001086,0.031875950282404454,0.030821150324213415,0.029960932405901287,0.029245345079251573,0.028652720455398448,0.028285541656242766],"n_station_days":7450,"lower":[-0.025627046427447276,-0.030613123771259222,-0.03979200187711428,-0.050975056250907785,-0.06080545182773364,-0.06643608448437306,-0.06720585149434556,-0.06460560686194229,-0.06080104022786472,-0.05734426354585778,-0.05490115292722503,-0.05355206540365973,-0.05309621437547159,-0.053280854921698206,-0.05396389674783647,-0.055082282686540224,-0.05649670037171631,-0.05799910916606332,-0.059524983066865565,-0.06124970255274026,-0.06336944075994139,-0.06580139681152566,-0.06815907840794586,-0.07003538788544383,-0.07128692981125856,-0.07205623231102483,-0.07255718499464882,-0.07286118177375193,-0.07287403564793754,-0.07245820293503646,-0.07152719458210127,-0.07007535791976136,-0.06821587740003252,-0.06620681257189841,-0.06438178612472564,-0.06298736909268801,-0.062016252017185705,-0.06116727828308209,-0.060018604472756726,-0.058322380470871925,-0.05616727561490853,-0.05386489515436703,-0.051695851246721394,-0.049767925790684814,-0.04806010249830469,-0.0464954739462429,-0.044936029032649455,-0.04320295063311445,-0.04118787207217736,-0.038941847008556275,-0.036656691915901984,-0.03457032403915325,-0.03284224195256119,-0.03147021324906906,-0.03033262936644637,-0.02931691144586847,-0.028397041587956036,-0.027607420652111393,-0.026959742566654097,-0.02640632224198134,-0.025925593959663238,-0.025616717881005814],"upper":[0.03576656467625179,0.04548723599068972,0.06372767857415705,0.086489111164054,0.1069537641204962,0.11882301857573423,0.12022981438146697,0.11417435631329985,0.10546249068359131,0.09764953265936108,0.09220609627385809,0.08919372902568237,0.08807146100241421,0.08823657037350302,0.08934069056741695,0.09125586666439067,0.09380946869751705,0.09674228025888115,0.10000491845356205,0.10390342158029175,0.10873176758386216,0.1142554056394785,0.11966919343997953,0.12410152573473535,0.1271340088003742,0.12888388256187233,0.12968339836043724,0.12972154726464324,0.1289486708686675,0.12721444626059727,0.12442232496756025,0.12062847331179583,0.11611657441151962,0.11138061349322449,0.1069486399582639,0.10313675530820562,0.09987510233820458,0.09672734258829803,0.09315916687089368,0.08892285057724218,0.08424798453152418,0.07965095141888413,0.07553987449665096,0.07199941977082087,0.06889859616806257,0.06606071364158225,0.06327699498873886,0.0603059257438836,0.0569957792379954,0.05339570182964772,0.04973222612484414,0.04629807919201297,0.043312776606025574,0.04082265685799757,0.03873089700565133,0.036923767610133704,0.03535485897685287,0.03403487999631544,0.03296212224514848,0.032084367916521805,0.03137984695113366,0.030954365431479718]}