{"bin_centers_hours":[-1.375,-1.125,-0.875,-0.625,-0.375,-0.125,0.125,0.375,0.625,0.875,1.125,1.375,1.625,1.875,2.125,2.375,2.625,2.875,3.125,3.375,3.625,3.875,4.125,4.375,4.625,4.875,5.125,5.375,5.625,5.875,6.125,6.375,6.625,6.875,7.125,7.375,7.625,7.875,8.125,8.375,8.625,8.875,9.125,9.375,9.625,9.875,10.125,10.375,10.625,10.875,11.125,11.375,11.625,11.875,12.125,12.375,12.625,12.875,13.125,13.375,13.625,13.875],"mean":[0.033301489828748636,0.0347835384769003,0.03645778956945728,0.03686372854818852,0.03549421094287653,0.032968863652086206,0.03034328312381399,0.028340869769780425,0.027109118464731685,0.026444383696688112,0.02606271050142541,0.025697183022260886,0.02513590109119733,0.02430941476732886,0.023308925946973265,0.022243138528666967,0.021115418332778434,0.019914376767821585,0.01876247287142237,0.017865748743670286,0.017316998078715645,0.01699971816178314,0.016680674635000038,0.016184994345390207,0.015514447227659224,0.014825779651415315,0.014282824771713163,0.013921174994140256,0.013660429810239199,0.013418265448296158,0.013161190197800099,0.012866422005305337,0.012511400201331863,0.012118677285436974,0.011760921051879137,0.011496000149948084,0.011318298168665485,0.011177400175705846,0.011015135931808097,0.01077979982785622,0.010437108589484162,0.009998388091397758,0.00953423895299277,0.009135944878584856,0.008853739242743845,0.008682923603377052,0.008600657733344046,0.008594171247791533,0.008653374390150197,0.008751381120671663,0.00883491602474207,0.008833127598410683,0.008684000772331025,0.008363273007115464,0.007905043206083134,0.007402398033999036,0.0069747581455354484,0.006718262066878524,0.006668313572398993,0.006784502455642665,0.006964502422677206,0.00709185607674191],"std":[0.11547010682602539,0.11776466030690655,0.12011395033174387,0.11997112106502941,0.11635089879212472,0.11013355685601194,0.1030794701135008,0.09667699777064076,0.09164023691056035,0.08807025213908562,0.08575580069527797,0.08428199412687161,0.0831133055525766,0.08184830589586359,0.08036804745155587,0.07860091528779983,0.07630806087114263,0.0733998902158416,0.07033612387216588,0.06786960396942764,0.06632883352058426,0.06528318907250272,0.06394036255923985,0.06187773677165825,0.05944937444590225,0.05747976012304985,0.05648410743548608,0.056208011104657424,0.05601559269559975,0.05564031205518667,0.055304781084961493,0.055149757912477004,0.05490299922305973,0.054258660976444474,0.05334639637973424,0.0526271389670716,0.05243479749702467,0.05273448394989475,0.05317644224112913,0.053256056647129,0.052574332680312426,0.051150159424731244,0.049433169688712614,0.04792372831583832,0.04687366408273908,0.04638089417991968,0.046490656384486795,0.0470693240568811,0.047819184724912776,0.048550573406115106,0.049248089125928186,0.049797843354984474,0.04982491333575025,0.04891441856218768,0.04701406349955578,0.04463953001776406,0.04264944243793859,0.04172976004223748,0.04198660654292341,0.0429436208418999,0.04392626961478468,0.044487987504822926],"n_station_days":1642,"lower":[-0.08216861699727676,-0.08298112183000625,-0.08365616076228659,-0.08310739251684089,-0.08085668784924818,-0.07716469320392573,-0.07273618698968681,-0.06833612800086034,-0.06453111844582866,-0.06162586844239751,-0.059693090193852556,-0.05858481110461072,-0.057977404461379264,-0.057538891128534726,-0.05705912150458261,-0.056357776759132866,-0.055192642538364194,-0.05348551344802002,-0.051573651000743514,-0.05000385522575735,-0.049011835441868615,-0.04828347091071958,-0.04725968792423981,-0.04569274242626804,-0.043934927218243026,-0.04265398047163454,-0.04220128266377292,-0.042286836110517166,-0.04235516288536055,-0.042222046606890516,-0.042143590887161395,-0.04228333590717167,-0.04239159902172787,-0.0421399836910075,-0.0415854753278551,-0.04113113881712352,-0.04111649932835919,-0.0415570837741889,-0.04216130630932103,-0.04247625681927278,-0.04213722409082826,-0.04115177133333349,-0.039898930735719845,-0.03878778343725346,-0.03801992483999524,-0.03769797057654263,-0.037889998651142745,-0.038475152809089565,-0.03916581033476258,-0.039799192285443444,-0.04041317310118612,-0.04096471575657379,-0.04114091256341923,-0.040551145555072214,-0.03910902029347264,-0.03723713198376502,-0.03567468429240314,-0.035011497975358956,-0.03531829297052442,-0.03615911838625723,-0.036961767192107475,-0.037396131428081014],"upper":[0.14877159665477402,0.15254819878380685,0.15657173990120116,0.15683484961321792,0.15184510973500126,0.14310242050809813,0.13342275323731478,0.12501786754042118,0.11874935537529203,0.11451463583577373,0.11181851119670339,0.1099791771491325,0.10824920664377392,0.10615772066319246,0.10367697339852913,0.1008440538164668,0.09742347920392105,0.09331426698366319,0.08909859674358825,0.08573535271309793,0.0836458315992999,0.08228290723428586,0.08062103719423988,0.07806273111704845,0.07496382167356147,0.07230553977446516,0.07076693220719925,0.07012918609879767,0.06967602250583894,0.06905857750348283,0.06846597128276159,0.06801617991778235,0.06741439942439159,0.06637733826188144,0.06510731743161338,0.06412313911701968,0.06375309566569015,0.0639118841256006,0.06419157817293722,0.06403585647498522,0.06301144126979659,0.061148547516129,0.05896740864170538,0.05705967319442318,0.05572740332548293,0.055063817783296734,0.055091314117830845,0.055663495304672635,0.05647255911506297,0.05730195452678677,0.058083005150670254,0.05863097095339516,0.058508914108081275,0.057277691569303145,0.05491910670563892,0.052041928051763095,0.04962420058347404,0.04844802210911601,0.0486549201153224,0.049728123297542566,0.05089077203746188,0.05157984358156484]}