{"bin_centers_hours":[-1.375,-1.125,-0.875,-0.625,-0.375,-0.125,0.125,0.375,0.625,0.875,1.125,1.375,1.625,1.875,2.125,2.375,2.625,2.875,3.125,3.375,3.625,3.875,4.125,4.375,4.625,4.875,5.125,5.375,5.625,5.875,6.125,6.375,6.625,6.875,7.125,7.375,7.625,7.875,8.125,8.375,8.625,8.875,9.125,9.375,9.625,9.875,10.125,10.375,10.625,10.875,11.125,11.375,11.625,11.875,12.125,12.375,12.625,12.875,13.125,13.375,13.625,13.875],"mean":[0.0011250552220141408,0.0016060245348364763,0.0028190692703943215,0.005044124050195352,0.008275926564536575,0.012073968170734585,0.015753928409983544,0.018768190072931446,0.020922876243939067,0.02230581360304839,0.023117791502229,0.023571568151444434,0.023837734577131127,0.0240141303055601,0.024151715510362458,0.02429446950018516,0.024455298701623603,0.024574140133683035,0.02455928857469878,0.024378847474203234,0.02408356621983008,0.023742200359288902,0.023379695957567663,0.022979393881603177,0.02252150179959457,0.022003424567607916,0.02143093451163675,0.02080536484988709,0.020126431316024703,0.019403089048165418,0.018665526210012853,0.017967469571220755,0.017361035212483934,0.01685927388821462,0.016429649957325203,0.016021215307173684,0.015593959677190626,0.015142870849600216,0.014714826430086878,0.014386635934702532,0.014201186372191728,0.014128194493073662,0.014095908431357483,0.014050034527725935,0.01398076015832496,0.013916470581488921,0.013902812218635095,0.013960601123726985,0.014041891990404735,0.014040971894709238,0.013867135944194866,0.013498277232161932,0.012956265745748284,0.012257560133979724,0.011426339234344246,0.010546137060004493,0.009747196275928979,0.009121546572906664,0.008668293229318337,0.008330066774887603,0.008072627584658557,0.0079216962972777],"std":[0.018344192773744872,0.01895777799603184,0.021494240062808822,0.027221379661535323,0.035961674813983026,0.045969160715213994,0.05511991927675727,0.06217284784082113,0.06700880854354363,0.07004923796538612,0.07176776745090957,0.07260419544408704,0.07292518534842375,0.0729269213509644,0.07272254836836384,0.07251212194883895,0.07248111712573539,0.07254910188614971,0.07243198173206528,0.07199231885529907,0.07139349163202027,0.07088687241328337,0.07055492536026473,0.07027207300985229,0.06982772454870192,0.06906683991266085,0.06797307803677378,0.0666474222074943,0.0652109241103109,0.06373140039058642,0.06225771223086921,0.060890791782817456,0.059753227512148815,0.05888505580448126,0.05822028993652595,0.05764575744610682,0.05704297212496023,0.056335355015215374,0.055571797301423184,0.05492160752061651,0.05451570553125139,0.0542996280300535,0.05407605012606985,0.053698586389132066,0.053246015282435825,0.05301960129611752,0.05331759096208111,0.05411835403814062,0.05498163236390245,0.05534478657257877,0.05495257582392589,0.05395835120171935,0.05264350228931416,0.05116676648361943,0.04960749018918225,0.04809452463570956,0.04677116847511968,0.0456955072630754,0.04484133011528041,0.04415951934453126,0.043635812070377374,0.043330835911594666],"n_station_days":4950,"lower":[-0.017219137551730733,-0.017351753461195364,-0.0186751707924145,-0.02217725561133997,-0.027685748249446453,-0.03389519254447941,-0.039365990866773726,-0.04340465776788968,-0.04608593229960456,-0.04774342436233773,-0.04864997594868057,-0.04903262729264261,-0.049087450771292625,-0.0489127910454043,-0.04857083285800138,-0.048217652448653794,-0.048025818424111785,-0.04797496175246668,-0.047872693157366496,-0.04761347138109583,-0.047309925412190194,-0.04714467205399447,-0.04717522940269706,-0.04729267912824911,-0.047306222749107354,-0.04706341534505294,-0.04654214352513704,-0.045842057357607206,-0.045084492794286196,-0.044328311342421,-0.04359218602085636,-0.0429233222115967,-0.042392192299664885,-0.04202578191626664,-0.041790639979200746,-0.04162454213893313,-0.0414490124477696,-0.04119248416561516,-0.04085697087133631,-0.04053497158591398,-0.04031451915905966,-0.040171433536979835,-0.03998014169471237,-0.03964855186140613,-0.039265255124110866,-0.0391031307146286,-0.03941477874344601,-0.04015775291441364,-0.04093974037349772,-0.04130381467786953,-0.041085439879731026,-0.04046007396955742,-0.039687236543565874,-0.03890920634963971,-0.038181150954838004,-0.03754838757570507,-0.0370239721991907,-0.03657396069016873,-0.03617303688596207,-0.035829452569643656,-0.03556318448571882,-0.035409139614316965],"upper":[0.019469247995759012,0.020563802530868314,0.024313309333203144,0.032265503711730675,0.0442376013785196,0.05804312888594858,0.07087384768674082,0.08094103791375258,0.0879316847874827,0.09235505156843452,0.09488555895313858,0.09617576359553148,0.09676291992555489,0.0969410516565245,0.0968742638787263,0.09680659144902411,0.096936415827359,0.09712324201983275,0.09699127030676405,0.0963711663295023,0.09547705785185034,0.09462907277257226,0.0939346213178324,0.09325146689145547,0.0923492263482965,0.09107026448026877,0.08940401254841053,0.08745278705738138,0.08533735542633561,0.08313448943875183,0.08092323844088206,0.07885826135403821,0.07711426272463275,0.07574432969269587,0.07464993989385116,0.0736669727532805,0.07263693180215085,0.07147822586481559,0.07028662373151007,0.06930824345531905,0.06871689190344311,0.06842782252312715,0.06817195855742733,0.067748620916858,0.06722677544076079,0.06693607187760645,0.0672204031807162,0.06807895516186761,0.06902352435430718,0.069385758467288,0.06881971176812075,0.06745662843388128,0.06559976803506244,0.06342432661759916,0.061033829423526496,0.05864066169571405,0.05651836475104866,0.054817053835982066,0.053509623344598745,0.05248958611941886,0.05170843965503593,0.05125253220887237]}