{"bin_centers_hours":[-1.375,-1.125,-0.875,-0.625,-0.375,-0.125,0.125,0.375,0.625,0.875,1.125,1.375,1.625,1.875,2.125,2.375,2.625,2.875,3.125,3.375,3.625,3.875,4.125,4.375,4.625,4.875,5.125,5.375,5.625,5.875,6.125,6.375,6.625,6.875,7.125,7.375,7.625,7.875,8.125,8.375,8.625,8.875,9.125,9.375,9.625,9.875,10.125,10.375,10.625,10.875,11.125,11.375,11.625,11.875,12.125,12.375,12.625,12.875,13.125,13.375,13.625,13.875],"mean":[0.007931121519232122,0.008960068345133848,0.010228361637332237,0.010792397822822836,0.010295768038308556,0.009154555233018122,0.00807775456394289,0.007493057447476264,0.007401007148474696,0.007592625087249883,0.007876064220739833,0.008147164083873792,0.008366430050386415,0.008529925930893805,0.008652521178427262,0.008748054394079302,0.00880854527326197,0.008812936742526496,0.008773806326962423,0.008768328967038613,0.008895517917464122,0.009189929948571507,0.009586832701757439,0.009980646343122746,0.010309277196420318,0.010575243544711557,0.010804131284190176,0.01101487302767465,0.011239627801948242,0.011549508672950739,0.012030987078287893,0.012721437328279841,0.013568181813383819,0.014461624206489932,0.015311794989717194,0.01608790751507428,0.016798692819072696,0.017466200451805722,0.018117767464494536,0.018772654786079278,0.019426739944172843,0.02006343781941034,0.020679452045939222,0.021293083705811074,0.02192908096749093,0.022593099515294198,0.02325992423185819,0.023896903080830874,0.024504130284712985,0.025119733822709694,0.025778304162276246,0.026474030929510232,0.027174617223440257,0.027866101759264055,0.028561163062893028,0.029245916798928608,0.029834081183926563,0.03020630180236463,0.030302451587026727,0.03017123419364617,0.029945852886537342,0.029781028089280917],"std":[0.029491850919850803,0.03129919459137666,0.03341768846222413,0.034104688105084296,0.032762409384460026,0.030222046221775916,0.027816703581542743,0.026341424154803554,0.02581551925015051,0.02588601508735995,0.02622512320468646,0.02664332337569007,0.02704597672931374,0.027392789647729145,0.027683781419443807,0.027927914808277332,0.028100002619849775,0.02815614740820158,0.028123473388865068,0.028150891720579923,0.028418898610495777,0.028981731072968336,0.029715573426032343,0.030434321668035426,0.03103879911932208,0.03153857804824841,0.03196761318855917,0.03234612784398071,0.03273349558731149,0.033259407562610734,0.034055133273005495,0.03515014900084238,0.03644363105246879,0.037780657275392364,0.03905201653835989,0.04021898831613426,0.041277765897687696,0.04224966043315514,0.04318569825809173,0.04412172079220816,0.04503344965194777,0.04587192461070209,0.04662981025877784,0.04735106033807593,0.048083396201287674,0.048820836815844725,0.049495332435466284,0.05004992035192639,0.05052134493410668,0.05101839532334507,0.051621108013554975,0.05232901803353406,0.053093389059722246,0.053865930213666355,0.054613160881171234,0.05529375209802994,0.055825004073984094,0.05609616411496761,0.05605417302198171,0.05577920611566022,0.05545099660871504,0.055241165748901075],"n_station_days":7078,"lower":[-0.02156072940061868,-0.02233912624624281,-0.02318932682489189,-0.02331229028226146,-0.02246664134615147,-0.021067490988757792,-0.01973894901759985,-0.01884836670732729,-0.018414512101675815,-0.018293390000110068,-0.018349058983946627,-0.018496159291816278,-0.018679546678927326,-0.01886286371683534,-0.019031260241016545,-0.01917986041419803,-0.019291457346587805,-0.019343210665675084,-0.019349667061902644,-0.01938256275354131,-0.019523380693031653,-0.01979180112439683,-0.020128740724274903,-0.020453675324912678,-0.020729521922901763,-0.02096333450353685,-0.02116348190436899,-0.02133125481630606,-0.02149386778536325,-0.021709898889659997,-0.0220241461947176,-0.022428711672562537,-0.022875449239084973,-0.023319033068902432,-0.0237402215486427,-0.02413108080105998,-0.024479073078615,-0.024783459981349416,-0.025067930793597194,-0.025349066006128886,-0.025606709707774927,-0.025808486791291746,-0.025950358212838618,-0.026057976632264855,-0.026154315233796743,-0.026227737300550526,-0.026235408203608094,-0.026153017271095515,-0.026017214649393692,-0.025898661500635373,-0.02584280385127873,-0.02585498710402383,-0.02591877183628199,-0.0259998284544023,-0.026051997818278206,-0.026047835299101332,-0.02599092289005753,-0.025889862312602978,-0.02575172143495498,-0.025607971922014052,-0.025505143722177697,-0.025460137659620158],"upper":[0.03742297243908292,0.040259262936510505,0.04364605009955637,0.04489708592790713,0.04305817742276858,0.03937660145479404,0.035894458145485635,0.033834481602279816,0.033216526398625205,0.03347864017460983,0.034101187425426296,0.03479048745956386,0.03541240677970016,0.03592271557862295,0.03633630259787107,0.036675969202356634,0.036908547893111744,0.036969084150728075,0.03689727971582749,0.036919220687618534,0.0373144165279599,0.03817166102153984,0.039302406127789784,0.040414968011158174,0.041348076315742395,0.04211382159295997,0.04277174447274934,0.043361000871655356,0.04397312338925974,0.04480891623556147,0.04608612035129339,0.04787158632912222,0.05001181286585261,0.0522422814818823,0.05436381152807709,0.05630689583120854,0.05807645871676039,0.059715860884960864,0.06130346572258627,0.06289437557828745,0.06446018959612061,0.06593536243011243,0.06730926230471707,0.068644144043887,0.0700124771687786,0.07141393633113892,0.07275525666732448,0.07394682343275727,0.07502547521881966,0.07613812914605476,0.07739941217583123,0.0788030489630443,0.0802680062831625,0.08173203197293041,0.08317432394406427,0.08453966889695855,0.08565908525791066,0.08630246591733223,0.08635662460900843,0.08595044030930639,0.08539684949525238,0.08502219383818199]}