{"bin_centers_hours":[-1.375,-1.125,-0.875,-0.625,-0.375,-0.125,0.125,0.375,0.625,0.875,1.125,1.375,1.625,1.875,2.125,2.375,2.625,2.875,3.125,3.375,3.625,3.875,4.125,4.375,4.625,4.875,5.125,5.375,5.625,5.875,6.125,6.375,6.625,6.875,7.125,7.375,7.625,7.875,8.125,8.375,8.625,8.875,9.125,9.375,9.625,9.875,10.125,10.375,10.625,10.875,11.125,11.375,11.625,11.875,12.125,12.375,12.625,12.875,13.125,13.375,13.625,13.875],"mean":[0.028476236597280005,0.029135326781759917,0.03127173602892863,0.034804917358379296,0.03807012069674989,0.03929074135573097,0.03818416189165124,0.03584294918475404,0.03353534181210702,0.031924786562751814,0.031064091798495994,0.030678162109985006,0.030421424114531997,0.03004983961020403,0.02942530457931647,0.028401651849940784,0.026843824224207405,0.024822554873173253,0.022666163122288027,0.020727026901585538,0.01915110073861732,0.017882600720103874,0.016788260313028488,0.015736224649827494,0.014643754179152957,0.013529076568503507,0.012502022026045537,0.011669145285837441,0.011040975486561773,0.010523246732835894,0.009983873815019735,0.009346846218213488,0.00864960375565347,0.008007959022457689,0.00751972308413976,0.007213122665205947,0.007070196794899341,0.0070479063893477975,0.007064367777832337,0.007023509229807974,0.0069001630181572725,0.006776472552589847,0.006748702816342718,0.0068095623470355165,0.0068620861153512545,0.006850865064367835,0.00683996677146087,0.006945762817992241,0.007212006477935396,0.007561991158117594,0.007859346062469736,0.00801107004006131,0.008025009028896832,0.007970768245466511,0.007892265710140837,0.007787077698041853,0.007667920953223685,0.00758453965247249,0.007548867231721099,0.007494061788088402,0.007370903181611038,0.007250714361542589],"std":[0.10145217539740638,0.09815348239720072,0.09522899347864584,0.09486561791679163,0.09504403833868423,0.09253893716107635,0.08674384750987106,0.07976191950338199,0.07402866054544684,0.07066948404304799,0.06946487755499463,0.06951234473800176,0.06986801097770938,0.06995413301970405,0.06954065990242746,0.06840904901512664,0.06629249931707568,0.06330608478432981,0.06011655278983606,0.05740371702702999,0.05529854556849659,0.05347677450850688,0.051591929338121845,0.04945107099166943,0.04697548596940731,0.04427992497184526,0.04173476983596925,0.0397464062207589,0.038422608824976466,0.03747736955806593,0.03645816072944335,0.03512081096122836,0.033630180033259766,0.03238988876234966,0.031703395549007564,0.031629877904841674,0.03205098228135073,0.03272575009407883,0.03329611522740269,0.03343353012638593,0.03312478839825871,0.0327417162300281,0.03263328969847752,0.03267415805106276,0.032391327146587975,0.03154704011680366,0.030473507116612078,0.02981102314197083,0.029949975044252498,0.030731295882571678,0.031641380517376874,0.03225571848514147,0.03251974720985809,0.032674025280727034,0.03298914898329061,0.03365147037537477,0.034846957581964315,0.03674977988234839,0.0392819180937993,0.04196261861962415,0.04412527646322652,0.045293228333829025],"n_station_days":621,"lower":[-0.07297593880012637,-0.06901815561544081,-0.06395725744971721,-0.06006070055841233,-0.05697391764193434,-0.05324819580534538,-0.04855968561821982,-0.04391897031862795,-0.04049331873333982,-0.03874469748029617,-0.038400785756498634,-0.03883418262801676,-0.03944658686317738,-0.03990429340950001,-0.04011535532311099,-0.04000739716518585,-0.03944867509286827,-0.038483529911156555,-0.03745038966754803,-0.03667669012544445,-0.03614744482987926,-0.035594173788403,-0.03480366902509335,-0.033714846341841936,-0.03233173179025435,-0.030750848403341753,-0.029232747809923715,-0.02807726093492146,-0.027381633338414695,-0.026954122825230034,-0.026474286914423613,-0.025773964743014875,-0.024980576277606296,-0.02438192973989197,-0.024183672464867804,-0.024416755239635726,-0.02498078548645139,-0.025677843704731036,-0.026231747449570353,-0.026410020896577957,-0.02622462538010144,-0.02596524367743825,-0.025884586882134804,-0.025864595704027243,-0.025529241031236723,-0.024696175052435827,-0.023633540345151208,-0.02286526032397859,-0.0227379685663171,-0.02316930472445408,-0.02378203445490714,-0.02424464844508016,-0.02449473818096126,-0.024703257035260523,-0.025096883273149774,-0.025864392677332915,-0.02717903662874063,-0.0291652402298759,-0.0317330508620782,-0.03446855683153575,-0.03675437328161548,-0.03804251397228643],"upper":[0.12992841199468638,0.12728880917896063,0.12650072950757446,0.12967053527517092,0.1331141590354341,0.13182967851680732,0.1249280094015223,0.11560486868813602,0.10756400235755385,0.1025942706057998,0.10052896935349062,0.10019050684798676,0.10028943509224138,0.10000397262990808,0.09896596448174393,0.09681070086506742,0.09313632354128308,0.08812863965750306,0.08278271591212409,0.07813074392861552,0.07444964630711391,0.07135937522861076,0.06838018965115034,0.06518729564149692,0.06161924014856027,0.05780900154034877,0.054236791862014785,0.051415551506596345,0.04946358431153824,0.048000616290901826,0.046442034544463086,0.04446765717944185,0.042279783788913235,0.04039784778480735,0.03922311863314733,0.03884300057004762,0.039121179076250075,0.03977365648342663,0.04036048300523502,0.04045703935619391,0.04002495141641599,0.039518188782617945,0.03938199251482024,0.039483720398098276,0.03925341326193923,0.0383979051811715,0.03731347388807295,0.03675678595996307,0.037161981522187894,0.038293287040689274,0.03950072657984661,0.04026678852520278,0.04054475623875492,0.040644793526193546,0.04088141469343145,0.041438548073416626,0.042514878535188,0.04433431953482088,0.0468307853255204,0.049456680407712554,0.051496179644837554,0.05254394269537162]}