{"bin_centers_hours":[-1.375,-1.125,-0.875,-0.625,-0.375,-0.125,0.125,0.375,0.625,0.875,1.125,1.375,1.625,1.875,2.125,2.375,2.625,2.875,3.125,3.375,3.625,3.875,4.125,4.375,4.625,4.875,5.125,5.375,5.625,5.875,6.125,6.375,6.625,6.875,7.125,7.375,7.625,7.875,8.125,8.375,8.625,8.875,9.125,9.375,9.625,9.875,10.125,10.375,10.625,10.875,11.125,11.375,11.625,11.875,12.125,12.375,12.625,12.875,13.125,13.375,13.625,13.875],"mean":[0.0002392560821700262,0.0006516045685548985,0.0018077543827119539,0.004266661895375011,0.008500495253004838,0.014434878171710347,0.021212305229686774,0.027506488127496072,0.032204452591103744,0.034899581198243414,0.035873015021486473,0.03573727988596038,0.03508719207605111,0.034317367307112,0.033585024809939246,0.03286942320498329,0.032081769538931666,0.031154402454393233,0.03006663903277714,0.02883316563441571,0.027496709557850576,0.026123884147520943,0.024786677471158185,0.023535809883421858,0.02238645971269709,0.021328149914374837,0.020346240113582357,0.019434359240558294,0.018587069351665875,0.017789942309824187,0.017027455932371892,0.016294814991023154,0.015589953846319268,0.014898212718809223,0.014202120757837318,0.013509537240038233,0.012854316270581045,0.012258147389093404,0.011710311072607525,0.011205039462813845,0.010778595615126254,0.010477813998571861,0.010298487861695403,0.010182321005535311,0.010071033862733959,0.009942186756355813,0.009789669351386341,0.009587414769886799,0.00928861899805018,0.008863721192356304,0.008325897079935377,0.007711472163424927,0.0070548218845321465,0.006399509431084507,0.005807008717885684,0.005316436984076637,0.0049017689183276595,0.004496622893722643,0.004062543479581877,0.003626770299927407,0.0032648580038995073,0.003058458881648825],"std":[0.001995745673060105,0.003924832073628722,0.008494655926808726,0.01665425057482322,0.02867325057639911,0.043332330042118714,0.05808979643193742,0.07032197160879052,0.07858329690373189,0.08289421812107954,0.08418495042637082,0.08363826323654235,0.0823034527044144,0.08089260525379849,0.0796962393679771,0.07867654541313115,0.07768371775748227,0.07661169226742592,0.07540880157714476,0.07404341161733285,0.07252779616590724,0.07094316509798938,0.06938513958297451,0.06788574399327438,0.06641264285111513,0.06493938997233319,0.06348757040547529,0.06209971679533541,0.06077345756871502,0.05943701639424085,0.05802741188930278,0.05658437305577564,0.05522844551112347,0.0540744093832199,0.05321236749740146,0.052715144683194236,0.052538791680713855,0.052394529564706895,0.05185964521096415,0.050749776823044046,0.0493341915542715,0.048087190794412926,0.04724983123982833,0.04669210028025902,0.046136297772175115,0.04542299032412051,0.044570368278521205,0.043652149073297085,0.042683871074431966,0.041650404965273946,0.0405665168345464,0.039432130013307504,0.038186553892409804,0.03680410868304822,0.03537982378101427,0.03401846540791864,0.032691157893031404,0.03130117328415061,0.029852406228215857,0.02849589031689381,0.027441569384293193,0.026865377858266863],"n_station_days":4884,"lower":[-0.001756489590890079,-0.003273227505073823,-0.006686901544096771,-0.012387588679448207,-0.02017275532339427,-0.028897451870408368,-0.036877491202250645,-0.04281548348129444,-0.04637884431262815,-0.04799463692283613,-0.04831193540488435,-0.04790098335058197,-0.04721626062836329,-0.04657523794668649,-0.04611121455803785,-0.045807122208147866,-0.045601948218550604,-0.045457289813032695,-0.04534216254436762,-0.04521024598291715,-0.04503108660805666,-0.04481928095046844,-0.044598462111816325,-0.044349934109852523,-0.04402618313841804,-0.04361124005795835,-0.04314133029189293,-0.042665357554777114,-0.04218638821704915,-0.04164707408441666,-0.040999955956930886,-0.040289558064752484,-0.0396384916648042,-0.039176196664410676,-0.03901024673956414,-0.039205607443156,-0.03968447541013281,-0.040136382175613494,-0.04014933413835663,-0.0395447373602302,-0.038555595939145246,-0.03760937679584107,-0.036951343378132925,-0.03650977927472371,-0.036065263909441155,-0.0354808035677647,-0.03478069892713487,-0.03406473430341028,-0.03339525207638179,-0.032786683772917644,-0.032240619754611025,-0.03172065784988258,-0.03113173200787766,-0.03040459925196371,-0.029572815063128588,-0.028702028423842004,-0.027789388974703746,-0.026804550390427964,-0.02578986274863398,-0.024869120016966402,-0.024176711380393685,-0.02380691897661804],"upper":[0.0022350017552301314,0.00457643664218362,0.01030241030952068,0.02092091247019823,0.03717374582940395,0.05776720821382906,0.0793021016616242,0.0978284597362866,0.11078774949483564,0.11779379931932296,0.1200579654478573,0.11937554312250273,0.11739064478046551,0.11520997256091048,0.11328126417791634,0.11154596861811444,0.10976548729641394,0.10776609472181915,0.1054754406099219,0.10287657725174856,0.10002450572375782,0.09706704924551032,0.0941718170541327,0.09142155387669623,0.08879910256381222,0.08626753988670802,0.08383381051905764,0.0815340760358937,0.0793605269203809,0.07722695870406504,0.07505486782167467,0.0728791880467988,0.07081839935744275,0.06897262210202912,0.06741448825523877,0.06622468192323247,0.0653931079512949,0.0646526769538003,0.06356995628357168,0.06195481628585789,0.06011278716939776,0.058565004792984786,0.057548319101523734,0.05687442128579433,0.056207331634909076,0.05536517708047632,0.05436003762990754,0.05323956384318389,0.05197249007248214,0.05051412615763025,0.04889241391448178,0.04714360217673243,0.04524137577694195,0.04320361811413272,0.041186832498899956,0.039334902391995274,0.03759292681135906,0.03579779617787325,0.03391494970779774,0.032122660616821216,0.0307064273881927,0.029923836739915687]}