{"bin_centers_hours":[-1.375,-1.125,-0.875,-0.625,-0.375,-0.125,0.125,0.375,0.625,0.875,1.125,1.375,1.625,1.875,2.125,2.375,2.625,2.875,3.125,3.375,3.625,3.875,4.125,4.375,4.625,4.875,5.125,5.375,5.625,5.875,6.125,6.375,6.625,6.875,7.125,7.375,7.625,7.875,8.125,8.375,8.625,8.875,9.125,9.375,9.625,9.875,10.125,10.375,10.625,10.875,11.125,11.375,11.625,11.875,12.125,12.375,12.625,12.875,13.125,13.375,13.625,13.875],"mean":[0.011520393018287662,0.013419899055052515,0.017032238210915967,0.021818863990257367,0.026828255575611623,0.03094740228105244,0.03333967326908863,0.03374835713526158,0.03249417294087314,0.030236724892315398,0.02766013256251602,0.02523444034770521,0.02315157231348331,0.021424537065261293,0.020027446566006087,0.018950785997671082,0.01815847002566016,0.017542652087504503,0.0169597712948744,0.01631164617223724,0.015572541334093467,0.014746753476659451,0.013841927713808856,0.012897626124270858,0.012001973823530757,0.011245085445936684,0.010657807900336233,0.010202709479458482,0.009813738114907081,0.009440760673608717,0.009071513006043834,0.008734344219098317,0.00848981625917919,0.008408343183585121,0.008536318585582906,0.008878041647822112,0.00940891963536544,0.010089145518677909,0.010850967680342168,0.011594978159587587,0.012237113964337808,0.012757375452649156,0.013179628647713194,0.013524996448721502,0.013816081894264027,0.014092882299228168,0.014374493953887778,0.014621571919066437,0.014775822872950572,0.014828337367536536,0.01482795697860386,0.01484255449217287,0.01493070440754695,0.01512661418604,0.01542354832145936,0.015770480695462007,0.01609505994051832,0.016346218409955798,0.01653216264268464,0.01670524045808154,0.01688572289228701,0.017014684971303068],"std":[0.06436514455387538,0.06891683840168068,0.07737963905592964,0.08828286758483056,0.09936296012018299,0.10817037787998594,0.11298441444016173,0.1133962854346307,0.11022935161448073,0.10496763901804931,0.09906724299588168,0.09349440803903156,0.08864862477152739,0.08458808879829924,0.08130027846686524,0.07877410957916112,0.07688802614122164,0.07537163092751503,0.07395671145998214,0.07249565409241476,0.07085702339757677,0.06878812413861471,0.06605494613406705,0.06275810978179694,0.059390079273558244,0.05648898314846302,0.05424275501823385,0.05244034707161415,0.05077044568505915,0.04914665488582208,0.04776085152682144,0.04689074544432801,0.04672107535743931,0.047317407387807195,0.048657961966406774,0.05065285289881118,0.05317665785838877,0.05607092280388826,0.05905807950833985,0.061717971201544285,0.06372097438807536,0.06509415715454137,0.06612322219511328,0.06702610134600799,0.06786771755141843,0.06870578271838042,0.06959756507515043,0.07046001111415873,0.07107349568379318,0.07127781917953493,0.07112850192555198,0.0708824833540447,0.07086779800643679,0.07132830331612984,0.07231259349393693,0.07366274316025274,0.07512053999288325,0.07651898862766783,0.07792030659351432,0.07947386174157763,0.08104743297863234,0.08210123977250472],"n_station_days":4684,"lower":[-0.052844751535587715,-0.055496939346628166,-0.060347400845013666,-0.06646400359457319,-0.07253470454457137,-0.0772229755989335,-0.0796447411710731,-0.07964792829936912,-0.0777351786736076,-0.07473091412573392,-0.07140711043336566,-0.06825996769132635,-0.06549705245804407,-0.06316355173303795,-0.06127283190085916,-0.059823323581490034,-0.05872955611556148,-0.05782897884001053,-0.05699694016510774,-0.056184007920177526,-0.0552844820634833,-0.05404137066195526,-0.052213018420258196,-0.04986048365752608,-0.04738810545002749,-0.045243897702526334,-0.043584947117897614,-0.042237637592155666,-0.04095670757015207,-0.03970589421221336,-0.038689338520777605,-0.03815640122522969,-0.03823125909826012,-0.03890906420422208,-0.04012164338082387,-0.04177481125098907,-0.04376773822302333,-0.04598177728521035,-0.04820711182799768,-0.0501229930419567,-0.05148386042373755,-0.05233678170189221,-0.05294359354740009,-0.05350110489728649,-0.05405163565715441,-0.05461290041915225,-0.05522307112126265,-0.05583843919509229,-0.0562976728108426,-0.056449481811998395,-0.05630054494694812,-0.05603992886187184,-0.05593709359888984,-0.05620168913008984,-0.056889045172477566,-0.057892262464790734,-0.05902548005236492,-0.06017277021771203,-0.06138814395082967,-0.06276862128349608,-0.06416171008634533,-0.06508655480120165],"upper":[0.07588553757216304,0.0823367374567332,0.0944118772668456,0.11010173157508793,0.1261912156957946,0.13911778016103837,0.14632408770925037,0.1471446425698923,0.14272352455535386,0.13520436391036472,0.1267273755583977,0.11872884838673677,0.11180019708501071,0.10601262586356053,0.10132772503287132,0.0977248955768322,0.09504649616688181,0.09291428301501953,0.09091648275485655,0.088807300264652,0.08642956473167024,0.08353487761527416,0.07989687384787592,0.07565573590606779,0.071392053097089,0.0677340685943997,0.06490056291857008,0.06264305655107263,0.06058418379996623,0.0585874155594308,0.056832364532865276,0.05562508966342633,0.0552108916166185,0.05572575057139231,0.057194280551989676,0.059530894546633295,0.06258557749375421,0.06616006832256617,0.06990904718868202,0.07331294936113188,0.07595808835241318,0.07785153260719052,0.07930285084282648,0.08055109779472949,0.08168379944568246,0.08279866501760859,0.0839720590290382,0.08508158303322516,0.08584931855674374,0.08610615654707147,0.08595645890415583,0.08572503784621757,0.08579850241398373,0.08645491750216984,0.08773614181539628,0.08943322385571476,0.09121559993340157,0.09286520703762363,0.09445246923619896,0.09617910219965917,0.09793315587091936,0.09911592474380779]}