{"bin_centers_hours":[-1.375,-1.125,-0.875,-0.625,-0.375,-0.125,0.125,0.375,0.625,0.875,1.125,1.375,1.625,1.875,2.125,2.375,2.625,2.875,3.125,3.375,3.625,3.875,4.125,4.375,4.625,4.875,5.125,5.375,5.625,5.875,6.125,6.375,6.625,6.875,7.125,7.375,7.625,7.875,8.125,8.375,8.625,8.875,9.125,9.375,9.625,9.875,10.125,10.375,10.625,10.875,11.125,11.375,11.625,11.875,12.125,12.375,12.625,12.875,13.125,13.375,13.625,13.875],"mean":[0.008956676999758937,0.010239268494362401,0.012427421537715744,0.015088814735448363,0.017996170663171246,0.02104211728807037,0.02400154432050448,0.0264966924194814,0.028185728329397346,0.028942267283141282,0.028906667672184132,0.028405799629516903,0.027761353445758457,0.027112653652569714,0.026433354646722074,0.025700931455717616,0.02497106504045295,0.02428631035226556,0.02360405494965734,0.022860362258009498,0.022060769019002172,0.02125994213241523,0.020475813881874163,0.01968338112009259,0.01889002742486529,0.018157490234047776,0.01754367699668074,0.01706600774533316,0.01672229569472314,0.016511275095911566,0.01643015290887414,0.016471922155259854,0.016627802041712443,0.016877637251920936,0.017150881133443145,0.017295594793287333,0.01714991182311088,0.01669536110901566,0.016101462219963496,0.015565306485918319,0.015115900351691483,0.014601527501908329,0.013860729013529567,0.012885798485831266,0.011813944017390107,0.010786829692794035,0.00986584080620102,0.009084286352899132,0.00850833982578212,0.008185004273889634,0.008052513900298411,0.007962667651095533,0.007796077962391951,0.00751994549805976,0.0071497041071949445,0.006708914954485567,0.0062276449743727215,0.005747121322788455,0.005322154083852016,0.005012957086348997,0.004846627926417694,0.004789503769420584],"std":[0.05530844274216411,0.05744155833491789,0.06036312475814459,0.06265837400722696,0.06396951752592255,0.06484772057179518,0.06578984629697887,0.06668007481381041,0.0670596671660174,0.06668860256366661,0.0658436229411441,0.06514396113622335,0.06500221572315486,0.06518215797713336,0.06501165480161211,0.06406315754361017,0.06249589621077486,0.06076920274021145,0.05923923571817805,0.058045632854054126,0.05714128183647951,0.05629433637155658,0.05520698291721907,0.05378758827015733,0.05222637739071922,0.05071349731519559,0.04924558487395553,0.04781916210861928,0.04662610220038858,0.04589276845012098,0.04563615079906372,0.04569311293536563,0.04592921895740626,0.046325603253239214,0.04686206177042562,0.04739793356488091,0.04779664313831886,0.04817430474478338,0.04885613732411525,0.04994827840063491,0.05101124965594523,0.051289324171531266,0.05031229164859433,0.04826410904557338,0.04576155106211477,0.043319288772151535,0.041128063254676515,0.039329085322152894,0.038238691798933334,0.03806060459922969,0.03849748716683453,0.038952955180550544,0.039098031072378,0.03899042658814094,0.03874238585780046,0.038376889006731627,0.03794547682417852,0.03758821665859693,0.037552139458984175,0.038109318062088886,0.039176242420667,0.04007869788082804],"n_station_days":1530,"lower":[-0.04635176574240517,-0.04720228984055549,-0.04793570322042885,-0.0475695592717786,-0.0459733468627513,-0.043805603283724806,-0.04178830197647439,-0.04018338239432902,-0.03887393883662005,-0.03774633528052533,-0.036936955268959966,-0.036738161506706446,-0.0372408622773964,-0.03806950432456365,-0.03857830015489004,-0.038362226087892554,-0.037524831170321904,-0.03648289238794589,-0.03563518076852071,-0.03518527059604463,-0.035080512817477344,-0.03503439423914135,-0.034731169035344914,-0.03410420715006474,-0.033336349965853926,-0.03255600708114781,-0.03170190787727479,-0.030753154363286118,-0.02990380650566544,-0.029381493354209417,-0.02920599789018958,-0.02922119078010578,-0.029301416915693816,-0.029447966001318278,-0.029711180636982477,-0.030102338771593577,-0.030646731315207985,-0.031478943635767725,-0.032754675104151754,-0.03438297191471659,-0.03589534930425375,-0.036687796669622935,-0.036451562635064765,-0.03537831055974211,-0.03394760704472466,-0.0325324590793575,-0.0312622224484755,-0.030244798969253764,-0.029730351973151214,-0.029875600325340056,-0.03044497326653612,-0.030990287529455013,-0.03130195310998605,-0.03147048109008118,-0.03159268175060551,-0.031667974052246056,-0.031717831849805804,-0.03184109533580847,-0.03222998537513216,-0.03309636097573989,-0.03432961449424931,-0.035289194111407456],"upper":[0.06426511974192305,0.06768082682928028,0.07279054629586033,0.07774718874267532,0.08196568818909379,0.08588983785986555,0.08979139061748335,0.09317676723329181,0.09524539549541475,0.0956308698468079,0.09475029061332824,0.09354976076574026,0.09276356916891332,0.09229481162970307,0.09144500944833418,0.08976408899932778,0.08746696125122781,0.08505551309247701,0.0828432906678354,0.08090599511206362,0.07920205085548168,0.07755427850397181,0.07568279679909323,0.07347096939024991,0.07111640481558451,0.06887098754924337,0.06678926187063627,0.06488516985395244,0.06334839789511172,0.062404043546032545,0.06206630370793786,0.06216503509062549,0.0625570209991187,0.06320324050516016,0.06401294290386877,0.06469352835816825,0.06494655496142974,0.06486966585379904,0.06495759954407875,0.06551358488655323,0.06612715000763672,0.0658908516734396,0.0641730206621239,0.061149907531404646,0.05757549507950488,0.05410611846494557,0.05099390406087753,0.048413371675052025,0.046747031624715454,0.04624560887311933,0.04655000106713294,0.046915622831646075,0.04689410903476995,0.0465103720862007,0.04589208996499541,0.0450858039612172,0.04417312179855124,0.043335337981385384,0.042874293542836193,0.04312227514843788,0.04402287034708469,0.04486820165024862]}