{"bin_centers_hours":[-1.375,-1.125,-0.875,-0.625,-0.375,-0.125,0.125,0.375,0.625,0.875,1.125,1.375,1.625,1.875,2.125,2.375,2.625,2.875,3.125,3.375,3.625,3.875,4.125,4.375,4.625,4.875,5.125,5.375,5.625,5.875,6.125,6.375,6.625,6.875,7.125,7.375,7.625,7.875,8.125,8.375,8.625,8.875,9.125,9.375,9.625,9.875,10.125,10.375,10.625,10.875,11.125,11.375,11.625,11.875,12.125,12.375,12.625,12.875,13.125,13.375,13.625,13.875],"mean":[0.0016383227262366151,0.0023058557559592504,0.003870585213311674,0.006595261140512213,0.010443502357544187,0.014863758321381019,0.0189713983476695,0.02204048732284686,0.023863132697541114,0.024696019502536855,0.024954506956854746,0.024960795723693998,0.024863803642284202,0.02468018079402962,0.024383755635583863,0.023983995699348896,0.023545414503785007,0.02314866505334031,0.022842898923298008,0.02262927286774851,0.02247392356553375,0.022331987909143362,0.022168904041791483,0.021971092009762466,0.02174658663148642,0.02152002507337973,0.021320897305556592,0.02116180157997885,0.021018287574851118,0.020840279107332178,0.02059819671569032,0.020307959943522358,0.019993062844044607,0.01963541833405221,0.019189700422738893,0.018641743370300504,0.01803341975040902,0.017425019343014027,0.016840211130827683,0.016252442890014276,0.015623530616705785,0.014948564024379184,0.01426795872951079,0.013649419908872645,0.013150206190326709,0.012771128552763638,0.012442353930891088,0.012070396754982499,0.01160419250796492,0.01105453648133007,0.010465101916038444,0.009880247005734871,0.009332204605197014,0.008837943703823929,0.008396868577889337,0.007992356079528936,0.007602967886265149,0.00722000757245005,0.006858191167390348,0.006548906594027762,0.006324127026127508,0.0062062174388627525],"std":[0.014215788575468746,0.016823623720535,0.022564445810208014,0.03175860130080601,0.04356793316655561,0.055795201404216246,0.06593860594938904,0.07261426387904774,0.07600895526652467,0.07721157645279877,0.07734880600684159,0.07715873702097834,0.07692018409314176,0.07656353832291146,0.07593368029570215,0.0750523025266174,0.0741520865808768,0.07348380649927727,0.07312390963455793,0.07295360883360215,0.07278486400068367,0.07251400641689608,0.0721836644302593,0.07190768085832518,0.07175119867945544,0.0716940920512323,0.0716817469237557,0.07165642864244419,0.07152329040470608,0.07116192553340839,0.07054848118218104,0.06981015458849374,0.06906411260025003,0.06825287185497926,0.06724704551310734,0.06607257011220549,0.06493161693575247,0.06398327441888399,0.06315198581269901,0.06217649262113321,0.06084235902907345,0.059151595530548155,0.05730744842544989,0.055612720553382324,0.05434970675640893,0.05361052921555736,0.05318918940065499,0.05271942804584002,0.05194760857831318,0.050847402874186425,0.04954369142801113,0.048216205310941056,0.047022056715526096,0.04600060707182475,0.04504844487736062,0.04403317282937509,0.042930299441386884,0.04183912416803695,0.04089867394321357,0.04020602651094173,0.0397840414933919,0.03959547051565661],"n_station_days":13430,"lower":[-0.01257746584923213,-0.014517767964575748,-0.01869386059689634,-0.0251633401602938,-0.033124430809011424,-0.04093144308283523,-0.04696720760171953,-0.05057377655620088,-0.05214582256898355,-0.052515556950261916,-0.05239429904998684,-0.052197941297284334,-0.05205638045085756,-0.051883357528881846,-0.05154992466011828,-0.05106830682726851,-0.05060667207709179,-0.05033514144593696,-0.05028101071125993,-0.05032433596585364,-0.050310940435149915,-0.05018201850775272,-0.05001476038846781,-0.04993658884856271,-0.05000461204796902,-0.050174066977852566,-0.05036084961819911,-0.05049462706246534,-0.050505002829854956,-0.050321646426076214,-0.049950284466490726,-0.04950219464497138,-0.04907104975620542,-0.04861745352092705,-0.04805734509036845,-0.04743082674190499,-0.04689819718534345,-0.04655825507586996,-0.04631177468187133,-0.04592404973111893,-0.04521882841236766,-0.04420303150616897,-0.0430394896959391,-0.04196330064450968,-0.04119950056608222,-0.04083940066279372,-0.040746835469763903,-0.04064903129085752,-0.04034341607034826,-0.039792866392856355,-0.03907858951197268,-0.03833595830520618,-0.03768985211032908,-0.03716266336800082,-0.036651576299471286,-0.036040816749846154,-0.03532733155512174,-0.034619116595586905,-0.03404048277582322,-0.03365711991691397,-0.033459914467264394,-0.03338925307679386],"upper":[0.01585411130170536,0.019129479476494248,0.026435031023519687,0.03835386244131822,0.0540114355240998,0.07065895972559727,0.08491000429705854,0.0946547512018946,0.09987208796406578,0.10190759595533563,0.10230331296369634,0.10211953274467234,0.10178398773542596,0.10124371911694108,0.100317435931286,0.0990362982259663,0.0976975010846618,0.09663247155261759,0.09596680855785594,0.09558288170135065,0.09525878756621742,0.09484599432603943,0.09435256847205079,0.09387877286808764,0.09349778531094186,0.09321411712461203,0.09300264422931229,0.09281823022242304,0.0925415779795572,0.09200220464074056,0.09114667789787137,0.0901181145320161,0.08905717544429463,0.08788829018903146,0.08643674593584623,0.08471431348250599,0.0829650366861615,0.08140829376189801,0.07999219694352669,0.07842893551114749,0.07646588964577923,0.07410015955492734,0.07157540715496068,0.06926214046225497,0.06749991294673564,0.066381657768321,0.06563154333154608,0.06478982480082252,0.0635518010862781,0.061901939355516494,0.06000879334404957,0.05809645231667593,0.05635426132072311,0.054838550775648684,0.05344531345524996,0.05202552890890403,0.05053326732765203,0.049059131740487,0.047756865110603924,0.0467549331049695,0.04610816851951941,0.04580168795451936]}