{"bin_centers_hours":[-1.375,-1.125,-0.875,-0.625,-0.375,-0.125,0.125,0.375,0.625,0.875,1.125,1.375,1.625,1.875,2.125,2.375,2.625,2.875,3.125,3.375,3.625,3.875,4.125,4.375,4.625,4.875,5.125,5.375,5.625,5.875,6.125,6.375,6.625,6.875,7.125,7.375,7.625,7.875,8.125,8.375,8.625,8.875,9.125,9.375,9.625,9.875,10.125,10.375,10.625,10.875,11.125,11.375,11.625,11.875,12.125,12.375,12.625,12.875,13.125,13.375,13.625,13.875],"mean":[0.0026764294858852263,0.004939017673714919,0.009783026567494702,0.017078041572061636,0.025537307649085156,0.03301196311143285,0.03773663802719974,0.039353895880349085,0.03877267165070612,0.03722129829222528,0.03550228211904654,0.033889831430775036,0.0323720272085435,0.030858950346745642,0.029289032976699905,0.027691653010267145,0.02617172832216355,0.02479701147580529,0.023521176903686023,0.022251512325709762,0.020968124578427384,0.019742679859026332,0.018659527286264174,0.017739339819617787,0.016927271969479185,0.01615057176266945,0.015395695753592375,0.014720180755490996,0.014180462814543058,0.013765737509505096,0.013418148399934387,0.013102283429779532,0.012830106492716088,0.012622216274872452,0.012470202106787733,0.012346954636813791,0.012235493935117137,0.01212629260220531,0.011986587703587457,0.011755172925119364,0.01138882439331522,0.01091316405015851,0.010414129997594732,0.009977059146032478,0.009644529976369415,0.009423162231121282,0.009294073416224076,0.009197751642792767,0.00903505570192076,0.00871988276922406,0.008246338975557651,0.007699183307323012,0.007188751676354976,0.00677396368807173,0.006447781366906344,0.006182764175849762,0.005967391441630211,0.005797908281725791,0.005662209574588295,0.0055491389882592855,0.005462728728317183,0.005415659825517742],"std":[0.018705189331737714,0.02467910466479617,0.03697496035200389,0.05460938578361377,0.07411764760566245,0.09074894660603375,0.10117576659452349,0.1051446666751837,0.10474290091718738,0.10244915124267807,0.0998444049825198,0.0975118756281692,0.09540580337337187,0.09315696957979679,0.09044673330226494,0.08739924073342016,0.08449602639679511,0.08202604014260974,0.07981166287935018,0.0775262670609846,0.07506321838501002,0.07252263143289472,0.07004534649894269,0.0677643131106446,0.0657974928362255,0.0641990967120163,0.06293897677028525,0.06191540650017621,0.06096081099331748,0.05990580032313418,0.05873060212433993,0.05763651243828631,0.056885682590521645,0.05655788523558096,0.05648572808063039,0.0564148414113854,0.05620980275241532,0.05592422505260258,0.0556644328338894,0.05537346305320945,0.05481076353914302,0.053802227324136025,0.05246460481430909,0.0511291679407774,0.050104656321812616,0.04954964591242382,0.04944347710999705,0.04953199650237108,0.04933414274316008,0.04836640738709362,0.04649986222850612,0.04410996740747237,0.041801622828723656,0.03997536561447918,0.03869561565647583,0.03791029926782145,0.03762957031486432,0.03784640426467412,0.038410616208391986,0.039069297467905495,0.03960272255077237,0.039891019899319896],"n_station_days":4054,"lower":[-0.01602875984585249,-0.01974008699108125,-0.027191933784509188,-0.03753134421155213,-0.04858033995657729,-0.0577369834946009,-0.06343912856732375,-0.06579077079483461,-0.06597022926648126,-0.0652278529504528,-0.06434212286347327,-0.06362204419739416,-0.06303377616482837,-0.062298019233051144,-0.06115770032556503,-0.059707587723153016,-0.05832429807463156,-0.057229028666804446,-0.05629048597566416,-0.055274754735274836,-0.054095093806582645,-0.05277995157386839,-0.05138581921267851,-0.050024973291026814,-0.04887022086674632,-0.04804852494934685,-0.04754328101669287,-0.04719522574468522,-0.046780348178774425,-0.04614006281362908,-0.04531245372440554,-0.04453422900850678,-0.044055576097805554,-0.04393566896070851,-0.04401552597384266,-0.04406788677457161,-0.043974308817298184,-0.04379793245039727,-0.04367784513030194,-0.043618290128090084,-0.0434219391458278,-0.04288906327397751,-0.04205047481671436,-0.041152108794744915,-0.0404601263454432,-0.04012648368130254,-0.04014940369377298,-0.04033424485957831,-0.04029908704123932,-0.039646524617869564,-0.038253523252948465,-0.036410784100149356,-0.03461287115236868,-0.03320140192640745,-0.03224783428956948,-0.03172753509197168,-0.03166217887323411,-0.03204849598294833,-0.03274840663380369,-0.033520158479646206,-0.03413999382245519,-0.034475360073802155],"upper":[0.02138161881762294,0.02961812233851109,0.0467579869194986,0.0716874273556754,0.0996549552547476,0.12376090971746659,0.13891240462172322,0.14449856255553278,0.1435155725678935,0.13967044953490335,0.13534668710156633,0.13140170705894422,0.12777783058191539,0.12401591992654243,0.11973576627896484,0.1150908937436873,0.11066775471895866,0.10682305161841503,0.1033328397830362,0.09977777938669437,0.0960313429634374,0.09226531129192106,0.08870487378520686,0.08550365293026238,0.08272476480570469,0.08034966847468575,0.07833467252387762,0.07663558725566721,0.07514127380786054,0.07367153783263927,0.07214875052427432,0.07073879586806585,0.06971578908323774,0.06918010151045341,0.06895593018741812,0.0687617960481992,0.06844529668753246,0.0680505176548079,0.06765102053747686,0.06712863597832881,0.06619958793245824,0.06471539137429454,0.06287873481190383,0.06110622708680988,0.05974918629818203,0.0589728081435451,0.05873755052622113,0.058729748145163845,0.05836919844508084,0.05708629015631768,0.054746201204063774,0.05180915071479538,0.048990374505078635,0.046749329302550914,0.04514339702338217,0.04409306344367121,0.04359696175649454,0.043644312546399916,0.04407282578298028,0.044618436456164784,0.045065451279089556,0.04530667972483764]}