{"bin_centers_hours":[-1.375,-1.125,-0.875,-0.625,-0.375,-0.125,0.125,0.375,0.625,0.875,1.125,1.375,1.625,1.875,2.125,2.375,2.625,2.875,3.125,3.375,3.625,3.875,4.125,4.375,4.625,4.875,5.125,5.375,5.625,5.875,6.125,6.375,6.625,6.875,7.125,7.375,7.625,7.875,8.125,8.375,8.625,8.875,9.125,9.375,9.625,9.875,10.125,10.375,10.625,10.875,11.125,11.375,11.625,11.875,12.125,12.375,12.625,12.875,13.125,13.375,13.625,13.875],"mean":[0.005238797411486785,0.01024445638357992,0.02124515262088631,0.038068751679763216,0.057010139109836766,0.07140201066574385,0.07592328499946382,0.07058661953777744,0.06005821502102849,0.04948069693374493,0.04141362227233135,0.03588021104302224,0.03190779842970069,0.02865410041949995,0.025703209954261747,0.022966153352626698,0.02052019534401861,0.018467757985081483,0.016819976813785897,0.015475269828386064,0.014298606480200697,0.0132293480580316,0.012318528542900288,0.011646587173775945,0.011207564782357538,0.010898521275717884,0.010601144172202445,0.010265294705951038,0.009958642092648476,0.009858538615778397,0.010140421592926158,0.010846267400394802,0.011864675712819715,0.012997258728537254,0.013986166885627363,0.014519658338637388,0.014350873550141717,0.013484956119098277,0.012179751637106408,0.010705241069787975,0.009158851408014623,0.007541294175028295,0.005920757577568964,0.0044562626956598985,0.0032912267522491848,0.0024655285174544697,0.0019200598490283311,0.0015647239362504388,0.0013358232713700925,0.0011992866488575583,0.001118086754589483,0.0010332399140092457,0.0008883214391676012,0.0006737381199231825,0.0004369895308473479,0.00024032063952385567,0.00011402309187260776,5.099402863137638e-05,3.005033519451862e-05,3.300264653756769e-05,4.607370960496293e-05,5.687821794884102e-05],"std":[0.026599787338270085,0.03865336989098811,0.06235568287516851,0.09457964968317573,0.12757676414055505,0.15117520288469738,0.15887385709680923,0.15208385612850325,0.13801414632303985,0.12389230403155814,0.1131703758238102,0.1056131716664719,0.09937108648420603,0.09289719491778037,0.08577871615624708,0.07857537536653192,0.07219069426926622,0.06719468801989532,0.06343119070978256,0.06024512202817661,0.0571940288333968,0.0545451211316582,0.05294536083112433,0.052570758811295,0.05281595239888856,0.052913985268668584,0.05251728517497226,0.05162530268845579,0.05051188768061774,0.0499285959553064,0.05078328648405885,0.0533255682152985,0.056912705756272816,0.06057579856060129,0.06345942854724293,0.06478016122625473,0.06400126035291151,0.06135882857703587,0.05779626664999665,0.0539849804140594,0.04962143065694867,0.04399912728454052,0.037158384029472684,0.03021691550332963,0.02453742340718043,0.02069618065778334,0.018337998227806677,0.016891406936780706,0.016166645203453622,0.016184398262375648,0.01660080204458259,0.016501074079536347,0.014943249703605086,0.011797444534346467,0.007950406311829347,0.004573146111240996,0.0022999375545298814,0.0011139249933594167,0.000724589081113619,0.0008403755769056195,0.0011849244113312982,0.0014645450835924388],"n_station_days":664,"lower":[-0.0213609899267833,-0.02840891350740819,-0.0411105302542822,-0.05651089800341251,-0.07056662503071828,-0.07977319221895353,-0.08295057209734541,-0.08149723659072582,-0.07795593130201137,-0.0744116070978132,-0.07175675355147886,-0.06973296062344966,-0.06746328805450534,-0.06424309449828042,-0.06007550620198533,-0.055609222013905224,-0.05167049892524761,-0.04872693003481384,-0.046611213895996664,-0.044769852199790544,-0.0428954223531961,-0.0413157730736266,-0.04062683228822404,-0.040924171637519054,-0.041608387616531024,-0.0420154639929507,-0.041916141002769816,-0.04136000798250475,-0.040553245587969265,-0.04007005733952801,-0.040642864891132696,-0.0424793008149037,-0.045048030043453105,-0.04757853983206403,-0.049473261661615565,-0.05026050288761734,-0.04965038680276979,-0.04787387245793759,-0.04561651501289024,-0.04327973934427143,-0.040462579248934046,-0.03645783310951223,-0.03123762645190372,-0.02576065280766973,-0.021246196654931247,-0.01823065214032887,-0.016417938378778345,-0.015326683000530267,-0.01483082193208353,-0.01498511161351809,-0.015482715289993105,-0.015467834165527102,-0.014054928264437485,-0.011123706414423284,-0.007513416780982,-0.00433282547171714,-0.0021859144626572738,-0.0010629309647280404,-0.0006945387459191003,-0.0008073729303680518,-0.0011388507017263353,-0.0014076668656435977],"upper":[0.03183858474975687,0.048897826274568026,0.08360083549605482,0.13264840136293893,0.18458690325039182,0.22257721355044124,0.23479714209627306,0.22267047566628068,0.19807236134406833,0.17337300096530306,0.15458399809614154,0.14149338270949413,0.1312788849139067,0.12155129533728032,0.11148192611050882,0.10154152871915861,0.09271088961328483,0.0856624460049768,0.08025116752356846,0.07572039185656268,0.0714926353135975,0.0677744691896898,0.06526388937402462,0.06421734598507095,0.0640235171812461,0.06381250654438647,0.06311842934717471,0.06189059739440683,0.06047052977326622,0.059787134571084796,0.06092370807698501,0.0641718356156933,0.06877738146909253,0.07357305728913854,0.07744559543287029,0.07929981956489211,0.07835213390305323,0.07484378469613415,0.06997601828710306,0.06469022148384737,0.058780282064963295,0.051540421459568816,0.04307914160704165,0.034673178198989525,0.027828650159429615,0.02316170917523781,0.02025805807683501,0.018456130873031145,0.017502468474823715,0.017383684911233207,0.01771888879917207,0.017534313993545592,0.01583157114277269,0.01247118265426965,0.008387395842676695,0.004813466750764851,0.002413960646402489,0.001164919021990793,0.0007546394163081376,0.0008733782234431872,0.001230998120936261,0.0015214233015412798]}