{"bin_centers_hours":[-1.375,-1.125,-0.875,-0.625,-0.375,-0.125,0.125,0.375,0.625,0.875,1.125,1.375,1.625,1.875,2.125,2.375,2.625,2.875,3.125,3.375,3.625,3.875,4.125,4.375,4.625,4.875,5.125,5.375,5.625,5.875,6.125,6.375,6.625,6.875,7.125,7.375,7.625,7.875,8.125,8.375,8.625,8.875,9.125,9.375,9.625,9.875,10.125,10.375,10.625,10.875,11.125,11.375,11.625,11.875,12.125,12.375,12.625,12.875,13.125,13.375,13.625,13.875],"mean":[0.030092879251539976,0.029925760213672103,0.028600849521886705,0.025323293933259616,0.020514565117265144,0.015572858305797316,0.011777335748773356,0.009536073403414882,0.00848893626268138,0.008039318613556012,0.007760292490228072,0.007503968337444443,0.007304593183303161,0.0072183828264684585,0.007223183229663045,0.007226952301164072,0.007148859241714101,0.006984620416455022,0.0067890329039251495,0.00659913357509225,0.006391366213197071,0.006124338009624432,0.005808480195583227,0.005508281669908809,0.005274703580136149,0.005099611385207569,0.004949679676607561,0.004831352754189104,0.004798985099557651,0.004888238935303395,0.005052833351425707,0.0051837758133740156,0.005196496195725778,0.005096469825851535,0.00496750023043637,0.004922694751328808,0.005106005444659219,0.0057613328056064315,0.00725518880355608,0.009909782100538438,0.013686613177189227,0.01800700619802283,0.021968292383858584,0.024846105844979306,0.026460171262227786,0.027115322521638924,0.027244367882789555,0.02711130135481646,0.026801518692619777,0.026430142446804035,0.02630894404860615,0.026861284465697466,0.028337294838986827,0.03059208850212878,0.03312306580543288,0.03529572525392651,0.03657241622393887,0.03668029201835883,0.03573391455292365,0.03423146467754241,0.03282449313248381,0.032010168995907015],"std":[0.10267523419548401,0.10097752807088539,0.0959396056976116,0.08637803472466872,0.07345934027991127,0.06034322086482812,0.05006542056246517,0.04380465881963954,0.04080145346361366,0.03946522663279015,0.03855788248643101,0.037729029853286834,0.037269275499892306,0.03745750514691444,0.03812961433107124,0.038788199899528954,0.039021649504369184,0.03878812545569861,0.03833185549081591,0.03783481443646374,0.03716124005904132,0.03601727817649411,0.0343732905872789,0.03258139908998386,0.031010261497357167,0.029729454082435335,0.0286681481285901,0.027946225234432468,0.027858337932254073,0.028514197019137,0.029605124998531827,0.03057495679801238,0.03101431414891775,0.030943057600760965,0.03078758146897696,0.031097814375956028,0.032350086629665285,0.035102465740925126,0.040161084602795376,0.04813452678560083,0.0585398773675602,0.06952998392715484,0.07882377887345521,0.08503307390602849,0.08819252889853833,0.08926670562825063,0.08930642176184242,0.08893602709229294,0.08838775480342245,0.08789121115911544,0.08799044584746536,0.08938926688498346,0.09241383309835308,0.09664921449235322,0.1011515064857868,0.10496942406584035,0.10747357465603086,0.10844134824888323,0.10812284868180441,0.10720006721512179,0.10639112461772746,0.1060055946703895],"n_station_days":2914,"lower":[-0.07258235494394404,-0.07105176785721329,-0.0673387561757249,-0.0610547407914091,-0.05294477516264613,-0.0447703625590308,-0.038288084813691815,-0.034268585416224656,-0.032312517200932284,-0.031425908019234144,-0.030797589996202936,-0.03022506151584239,-0.029964682316589143,-0.030239122320445982,-0.030906431101408192,-0.03156124759836488,-0.03187279026265508,-0.03180350503924359,-0.031542822586890756,-0.03123568086137149,-0.03076987384584425,-0.029892940166869678,-0.028564810391695672,-0.02707311742007505,-0.025735557917221017,-0.024629842697227768,-0.02371846845198254,-0.023114872480243364,-0.023059352832696424,-0.023625958083833602,-0.02455229164710612,-0.025391180984638363,-0.025817817953191973,-0.02584658777490943,-0.025820081238540588,-0.02617511962462722,-0.027244081185006066,-0.029341132935318696,-0.0329058957992393,-0.038224744685062394,-0.04485326419037097,-0.051522977729132016,-0.056855486489596624,-0.06018696806104919,-0.06173235763631055,-0.06215138310661171,-0.062062053879052864,-0.06182472573747648,-0.061586236110802675,-0.061461068712311405,-0.061681501798859215,-0.06252798241928599,-0.06407653825936625,-0.06605712599022445,-0.06802844068035392,-0.06967369881191385,-0.07090115843209199,-0.0717610562305244,-0.07238893412888076,-0.07296860253757939,-0.07356663148524364,-0.07399542567448249],"upper":[0.132768113447024,0.1309032882845575,0.1245404552194983,0.11170132865792834,0.09397390539717641,0.07591607917062544,0.06184275631123853,0.053340732223054424,0.04929038972629504,0.04750454524634616,0.04631817497665908,0.045232998190731274,0.04457386868319547,0.0446758879733829,0.045352797560734286,0.04601515220069303,0.046170508746083284,0.04577274587215363,0.04512088839474106,0.04443394801155599,0.04355260627223839,0.042141616186118544,0.04018177078286213,0.03808968075989266,0.03628496507749331,0.0348290654676429,0.03361782780519766,0.032777577988621576,0.03265732303181172,0.033402435954440396,0.03465795834995753,0.035758732611386394,0.03621081034464353,0.0360395274266125,0.03575508169941333,0.036020509127284835,0.0374560920743245,0.040863798546531556,0.047416273406351454,0.05804430888613927,0.07222649054474943,0.08753699012517767,0.10079207125731379,0.10987917975100779,0.11465270016076612,0.11638202814988956,0.11655078964463197,0.1160473284471094,0.11518927349604223,0.11432135360591947,0.11429938989607151,0.11625055135068092,0.1207511279373399,0.127241302994482,0.1342745722912197,0.14026514931976686,0.14404599087996972,0.14512164026724206,0.14385676323472807,0.1414315318926642,0.13921561775021127,0.13801576366629653]}