{"bin_centers_hours":[-1.375,-1.125,-0.875,-0.625,-0.375,-0.125,0.125,0.375,0.625,0.875,1.125,1.375,1.625,1.875,2.125,2.375,2.625,2.875,3.125,3.375,3.625,3.875,4.125,4.375,4.625,4.875,5.125,5.375,5.625,5.875,6.125,6.375,6.625,6.875,7.125,7.375,7.625,7.875,8.125,8.375,8.625,8.875,9.125,9.375,9.625,9.875,10.125,10.375,10.625,10.875,11.125,11.375,11.625,11.875,12.125,12.375,12.625,12.875,13.125,13.375,13.625,13.875],"mean":[0.0020660038309481114,0.0037318408463578373,0.00751632041283635,0.013907098398519266,0.022685341662603713,0.03238315393539968,0.04065509529791231,0.04553980456761333,0.04656683157256061,0.0447573004224077,0.04170267181157306,0.038640939426740725,0.03612232822068784,0.0341852721387102,0.032670707335821725,0.03141021322560726,0.03026833541773577,0.029151924153366877,0.02801744216452555,0.026838855397836398,0.02557785274489274,0.024218591533645657,0.02280464052166449,0.021398575630855007,0.02001887320785077,0.01864893687315792,0.017293753912563083,0.015996072884160953,0.014795125812656367,0.013707479352764729,0.012764055675020949,0.012017408816595574,0.011472096449659465,0.01104317482473533,0.010619571267629292,0.010139143781611513,0.00957923954137021,0.008926485380156453,0.008201249981275782,0.007480094872871431,0.00685159674145531,0.0063611173199882584,0.006009716106516312,0.005778806795129936,0.005635740590557857,0.005533104174467592,0.005429815421651767,0.005321142885097409,0.005236398770066016,0.005196422056832518,0.005180404852035505,0.005141376171445564,0.005043875365340188,0.004887261505287888,0.004711015983695219,0.004574365073949341,0.004512550884258545,0.004515594315517102,0.004554923685691485,0.004612604586166955,0.004674833794308933,0.004717429615639655],"std":[0.013396481554993208,0.01920502947396805,0.030809909091779237,0.04761592417602068,0.06758720275898897,0.0870214928922459,0.10178619096745078,0.10938956432787626,0.11011802035387004,0.10635017788506393,0.10087647745900685,0.09559833093581228,0.09123353467494912,0.08776028428234603,0.08497529543918848,0.0827392640901277,0.08092584667938542,0.07934715863725937,0.07779087622482132,0.07610184205296207,0.07423420539835282,0.07225842765693247,0.07027456248742206,0.06826909594914313,0.06609363155290647,0.06365179543974672,0.061074525589856925,0.05863318113869189,0.05646817817250659,0.0545252034803753,0.05280170704772028,0.05146132415257569,0.0505692625715996,0.04989452291986919,0.04911900283710747,0.04809217352187804,0.04675918851784321,0.0450438847066656,0.04297418490675847,0.04076965974005979,0.0386785455325944,0.03685946663095626,0.03546065106416895,0.034619849043732845,0.034286853427362804,0.0341840854604864,0.03407039331359796,0.03398911813287864,0.03416016617446677,0.03466244055970928,0.0353006009519569,0.03574720223922423,0.03573931128510568,0.035245680351278334,0.03458348578212457,0.03425997924718686,0.03454362096934291,0.035265491995072416,0.0361193670932644,0.03698467459689967,0.03781095757919292,0.03836614135490835],"n_station_days":2364,"lower":[-0.011330477724045097,-0.015473188627610213,-0.023293588678942885,-0.033708825777501415,-0.044901861096385255,-0.054638338956846215,-0.06113109566953848,-0.06384975976026294,-0.06355118878130943,-0.06159287746265623,-0.05917380564743379,-0.05695739150907156,-0.05511120645426128,-0.05357501214363583,-0.05230458810336676,-0.05132905086452044,-0.05065751126164965,-0.050195234483892494,-0.049773434060295774,-0.04926298665512567,-0.04865635265346008,-0.048039836123286814,-0.04746992196575757,-0.04687052031828812,-0.0460747583450557,-0.0450028585665888,-0.04378077167729384,-0.04263710825453094,-0.04167305235985023,-0.040817724127610575,-0.04003765137269934,-0.039443915335980115,-0.039097166121940134,-0.03885134809513386,-0.038499431569478174,-0.03795302974026653,-0.037179948976473004,-0.03611739932650915,-0.03477293492548269,-0.033289564867188357,-0.03182694879113909,-0.030498349310968002,-0.02945093495765264,-0.02884104224860291,-0.028651112836804948,-0.028650981286018812,-0.02864057789194619,-0.028667975247781228,-0.02892376740440076,-0.029466018502876765,-0.030120196099921392,-0.030605826067778667,-0.03069543591976549,-0.030358418845990446,-0.029872469798429353,-0.029685614173237517,-0.030031070085084363,-0.030749897679555313,-0.03156444340757292,-0.032372070010732716,-0.03313612378488399,-0.0336487117392687],"upper":[0.015462485385941319,0.02293687032032589,0.03832622950461559,0.06152302257453995,0.09027254442159269,0.11940464682764557,0.1424412862653631,0.15492936889548958,0.15668485192643067,0.15110747830747162,0.1425791492705799,0.134239270362553,0.12735586289563694,0.12194555642105623,0.11764600277501021,0.11414947731573497,0.11119418209712119,0.10849908279062626,0.10580831838934687,0.10294069745079847,0.09981205814324556,0.09647701919057812,0.09307920300908655,0.08966767157999814,0.08611250476075724,0.08230073231290463,0.07836827950242001,0.07462925402285284,0.07126330398516297,0.06823268283314003,0.06556576272274123,0.06347873296917127,0.06204135902125906,0.06093769774460452,0.059738574104736764,0.05823131730348956,0.05633842805921342,0.05397037008682205,0.051175434888034256,0.048249754612931225,0.04553014227404971,0.04322058395094452,0.041470367170685266,0.04039865583886278,0.039922594017920664,0.03971718963495399,0.039500208735249724,0.03931026101797604,0.03939656494453279,0.0398588626165418,0.0404810058039924,0.04088857841066979,0.04078318665044586,0.040132941856566226,0.03929450176581979,0.0388343443211362,0.039056171853601454,0.03978108631058952,0.04067429077895589,0.041597279183066625,0.042485791373501856,0.043083570970548005]}