{"bin_centers_hours":[-1.375,-1.125,-0.875,-0.625,-0.375,-0.125,0.125,0.375,0.625,0.875,1.125,1.375,1.625,1.875,2.125,2.375,2.625,2.875,3.125,3.375,3.625,3.875,4.125,4.375,4.625,4.875,5.125,5.375,5.625,5.875,6.125,6.375,6.625,6.875,7.125,7.375,7.625,7.875,8.125,8.375,8.625,8.875,9.125,9.375,9.625,9.875,10.125,10.375,10.625,10.875,11.125,11.375,11.625,11.875,12.125,12.375,12.625,12.875,13.125,13.375,13.625,13.875],"mean":[0.0040299993784782134,0.006338707352001919,0.01051206111514804,0.015487262395876208,0.01983351557875097,0.022555956215364544,0.02368227350496929,0.023981998287341096,0.024194830267134503,0.024583161793233718,0.02503453150320179,0.0253505338429548,0.025407963214056,0.025175461680159744,0.02468318979109371,0.02399970047946594,0.023221317913049527,0.02245664128262075,0.021793288604033217,0.021263955881748474,0.02084289082677773,0.020477276785931114,0.02012203747959366,0.019753025571134987,0.01936613180770847,0.018973603655461246,0.01858866105905019,0.01820516796254676,0.01780041823630539,0.017359812267279454,0.016891508926656827,0.016422153082310497,0.015986316713871095,0.01560884954012192,0.015284306712194332,0.014972896196760396,0.01462019608390644,0.014191848578760378,0.01370935867404208,0.013256435460941617,0.012926409835304398,0.012741383159062607,0.012627026725371521,0.012479198238753157,0.01225222558446275,0.011975918380758998,0.011705470728210465,0.011479677446492807,0.011312756846617502,0.011191709030932737,0.011078964019375503,0.010938104553358561,0.010764348523483876,0.010585704934778152,0.010434042430076758,0.010313840853794892,0.010196990015240416,0.010052816169650279,0.00988714027697515,0.00974389377500856,0.009660736255884057,0.009632396514371635],"std":[0.021487959343492107,0.02844517145168608,0.040639976736418226,0.05450087413773158,0.06573591998141093,0.07169320192356286,0.07276250931692561,0.07137651308150625,0.0698533759055797,0.0691692064869471,0.06916536158083483,0.06927634556102824,0.06900501443058508,0.06808013025593561,0.06647853269408552,0.06439620208011453,0.06218839963650885,0.06026443832121291,0.05890887794867596,0.05811955986882267,0.05763553003074641,0.05715846877290626,0.05654724157862646,0.055826813581878375,0.05507688324952037,0.05434014905975847,0.05359639339353306,0.052789687100578866,0.05188416464049988,0.05090428431295124,0.049928292356584233,0.0490540540956797,0.04835697806989457,0.04783386987812565,0.047378101782428385,0.04683905520297982,0.046129972380776735,0.0453005328026644,0.04454647754258261,0.044148519372172026,0.044297927549767135,0.04486668064455449,0.04537547751455888,0.04532037435256607,0.044590386718045154,0.04352575527101472,0.042590756520881394,0.042056813399613355,0.04191924526191226,0.04195608675977036,0.04186809815619278,0.04149747212355286,0.04098025360426262,0.04064810049511107,0.040734450379679564,0.041156790804750966,0.04159592502669717,0.04182453691891265,0.04196340617009488,0.04233656279292603,0.04301337942816242,0.04359259796812404],"n_station_days":8531,"lower":[-0.017457959965013894,-0.02210646409968416,-0.030127915621270186,-0.03901361174185537,-0.045902404402659955,-0.049137245708198315,-0.04908023581195632,-0.04739451479416515,-0.0456585456384452,-0.044586044693713384,-0.04413083007763304,-0.04392581171807344,-0.043597051216529084,-0.042904668575775864,-0.041795342902991806,-0.04039650160064859,-0.03896708172345932,-0.03780779703859216,-0.03711558934464275,-0.036855603987074194,-0.03679263920396868,-0.03668119198697514,-0.0364252040990328,-0.03607378801074339,-0.0357107514418119,-0.03536654540429723,-0.03500773233448287,-0.03458451913803211,-0.03408374640419449,-0.03354447204567179,-0.033036783429927406,-0.0326319010133692,-0.03237066135602348,-0.03222502033800373,-0.03209379507023405,-0.03186615900621942,-0.031509776296870295,-0.031108684223904018,-0.03083711886854053,-0.03089208391123041,-0.03137151771446274,-0.03212529748549189,-0.03274845078918736,-0.03284117611381292,-0.032338161133582406,-0.03154983689025572,-0.030885285792670927,-0.030577135953120546,-0.030606488415294755,-0.030764377728837625,-0.030789134136817276,-0.030559367570194302,-0.030215905080778746,-0.030062395560332918,-0.030300407949602808,-0.030842949950956072,-0.031398935011456755,-0.03177172074926237,-0.032076265893119724,-0.03259266901791747,-0.03335264317227836,-0.033960201453752406],"upper":[0.02551795872197032,0.034783878803687995,0.051152037851566266,0.06998813653360779,0.0855694355601619,0.09424915813892741,0.0964447828218949,0.09535851136884735,0.0940482061727142,0.09375236828018083,0.09419989308403662,0.09462687940398304,0.09441297764464109,0.09325559193609535,0.09116172248517923,0.08839590255958046,0.08540971754955838,0.08272107960383365,0.08070216655270918,0.07938351575057115,0.07847842085752414,0.07763574555883737,0.07666927905822012,0.07557983915301336,0.07444301505722883,0.07331375271521973,0.07218505445258325,0.07099485506312563,0.06968458287680526,0.0682640965802307,0.06681980128324105,0.0654762071779902,0.06434329478376566,0.06344271941824757,0.06266240849462272,0.06181195139974022,0.060750168464683174,0.05949238138142478,0.058255836216624696,0.05740495483311364,0.05722433738507153,0.0576080638036171,0.0580025042399304,0.05779957259131922,0.0568426123025079,0.05550167365177371,0.05429622724909186,0.05353649084610616,0.053232002108529755,0.0531477957907031,0.052947062175568285,0.05243557667691143,0.051744602127746495,0.05123380542988922,0.05116849280975632,0.05147063165854586,0.05179291504193759,0.05187735308856293,0.05185054644707003,0.05208045656793459,0.05267411568404648,0.05322499448249568]}