{"bin_centers_hours":[-1.375,-1.125,-0.875,-0.625,-0.375,-0.125,0.125,0.375,0.625,0.875,1.125,1.375,1.625,1.875,2.125,2.375,2.625,2.875,3.125,3.375,3.625,3.875,4.125,4.375,4.625,4.875,5.125,5.375,5.625,5.875,6.125,6.375,6.625,6.875,7.125,7.375,7.625,7.875,8.125,8.375,8.625,8.875,9.125,9.375,9.625,9.875,10.125,10.375,10.625,10.875,11.125,11.375,11.625,11.875,12.125,12.375,12.625,12.875,13.125,13.375,13.625,13.875],"mean":[0.019490372952258042,0.021402607065969394,0.02463324226067137,0.02780984501664641,0.029062219127237582,0.027138350113516424,0.022491917271495892,0.017039232851944135,0.012727764779894601,0.010398981622317826,0.009788777877981408,0.010172241721183214,0.010910073652409964,0.011665193177327593,0.012373871914878105,0.013086392391928067,0.013817150851099629,0.014514869731208647,0.015126167006127587,0.015658326331826938,0.016184027781772668,0.016791991352787233,0.01750373154087447,0.01819731622067239,0.018612962932912782,0.018543495525263225,0.018128344902842826,0.01787646311397963,0.018227934842635924,0.019100518108456283,0.019961856482922175,0.020318737058631797,0.020083132766994766,0.019510466074687368,0.018875592143682857,0.018282688356757656,0.017764877659692254,0.017428644825535314,0.017384481788090413,0.01758459562384261,0.0178440943002596,0.018053495090254758,0.01829713947170665,0.018744042223775178,0.019481940285671944,0.02043800717958632,0.021405673785355395,0.02218304139084353,0.022651339192501275,0.022607305608480135,0.021630621904968388,0.019380538963897076,0.01602839491543869,0.012224536984305924,0.0086469286466335,0.005685392325905304,0.0034677509269559897,0.0019900484490764296,0.0011645077608644036,0.0008273830783655798,0.0007725992887192837,0.0008057614054771826],"std":[0.06439028515203217,0.06724530011301393,0.07223068490532829,0.0771144206673234,0.07840698994438006,0.07368658298440883,0.06395371244174713,0.0531128104805457,0.04503379025331237,0.04134798446829381,0.04152566165701159,0.04407978931243153,0.04749865625051138,0.05068878315727893,0.053183912594217765,0.055105268052708184,0.05681406579449629,0.05852327465192065,0.060190617899725796,0.061681197987776,0.06299537410382595,0.06438040138657683,0.06613124127903508,0.06809508503076896,0.06938603358978887,0.06905404081192242,0.06739096260734698,0.06616705339242922,0.06699113321704973,0.06965151589349165,0.07251644133110904,0.07427769109527872,0.0747828931606348,0.0744312880805247,0.0734244524135808,0.07173230629976206,0.06943145947663755,0.06692940140584666,0.06488576612995711,0.06382447544655093,0.06380916309449947,0.06462638921758215,0.06607288487194495,0.06788885780610818,0.06970333870291873,0.07119232686777524,0.07210248064110492,0.07227400155523883,0.07175654649254588,0.07053162132562162,0.06801222104682485,0.06329184438716576,0.05604446237450302,0.046905612874544436,0.037007535205013785,0.027475175997235913,0.01930654147527133,0.013294761922034158,0.00978645571290761,0.008519246857030802,0.008676306597254893,0.00916429812468965],"n_station_days":257,"lower":[-0.04489991219977413,-0.04584269304704453,-0.047597442644656915,-0.04930457565067699,-0.049344770817142475,-0.04654823287089241,-0.04146179517025124,-0.03607357762860156,-0.032306025473417765,-0.030949002845975987,-0.03173688377903018,-0.03390754759124832,-0.03658858259810142,-0.03902358997995133,-0.04081004067933966,-0.042018875660780115,-0.042996914943396664,-0.044008404920712,-0.04506445089359821,-0.046022871655949066,-0.04681134632205329,-0.047588410033789594,-0.048627509738160615,-0.04989776881009657,-0.050773070656876085,-0.050510545286659186,-0.04926261770450415,-0.04829059027844959,-0.04876319837441381,-0.05055099778503537,-0.05255458484818687,-0.053958954036646925,-0.05469976039364004,-0.054920822005837325,-0.05454886026989794,-0.0534496179430044,-0.05166658181694529,-0.04950075658031135,-0.0475012843418667,-0.046239879822708316,-0.045965068794239866,-0.046572894127327395,-0.047775745400238295,-0.049144815582332996,-0.05022139841724678,-0.05075431968818892,-0.050696806855749524,-0.0500909601643953,-0.04910520730004461,-0.04792431571714148,-0.04638159914185646,-0.04391130542326868,-0.04001606745906433,-0.034681075890238514,-0.028360606558380283,-0.02178978367133061,-0.01583879054831534,-0.011304713472957728,-0.008621947952043206,-0.007691863778665222,-0.00790370730853561,-0.008358536719212467],"upper":[0.08388065810429021,0.08864790717898333,0.09686392716599966,0.1049242656839698,0.10746920907161764,0.10082493309792526,0.08644562971324303,0.07015204333248984,0.05776155503320697,0.051746966090611635,0.051314439534993,0.05425203103361475,0.05840872990292135,0.06235397633460652,0.06555778450909587,0.06819166044463625,0.07063121664559592,0.07303814438312929,0.07531678490585339,0.07733952431960293,0.07917940188559862,0.08117239273936407,0.08363497281990954,0.08629240125144134,0.08799899652270166,0.08759753633718564,0.0855193075101898,0.08404351650640884,0.08521906805968565,0.08875203400194794,0.09247829781403122,0.09459642815391052,0.09486602592762956,0.09394175415521207,0.09230004455726365,0.09001499465651971,0.08719633713632981,0.08435804623138198,0.08227024791804752,0.08140907107039354,0.08165325739475907,0.0826798843078369,0.0843700243436516,0.08663290002988336,0.08918527898859067,0.09163033404736157,0.09350815442646031,0.09445704294608237,0.09440788568504715,0.09313892693410175,0.08964284295179323,0.08267238335106283,0.07207285728994171,0.05913014985885036,0.04565446385164729,0.03316056832314122,0.02277429240222732,0.015284810371110588,0.010950963473772012,0.00934662993539638,0.009448905885974176,0.009970059530166834]}