{"bin_centers_hours":[-1.375,-1.125,-0.875,-0.625,-0.375,-0.125,0.125,0.375,0.625,0.875,1.125,1.375,1.625,1.875,2.125,2.375,2.625,2.875,3.125,3.375,3.625,3.875,4.125,4.375,4.625,4.875,5.125,5.375,5.625,5.875,6.125,6.375,6.625,6.875,7.125,7.375,7.625,7.875,8.125,8.375,8.625,8.875,9.125,9.375,9.625,9.875,10.125,10.375,10.625,10.875,11.125,11.375,11.625,11.875,12.125,12.375,12.625,12.875,13.125,13.375,13.625,13.875],"mean":[0.030562553628068714,0.030025536755261054,0.02896534148349133,0.02745754035294402,0.025703307432168622,0.024011367942927846,0.022662486284632636,0.02177656218293164,0.02132124195435547,0.0212383805091468,0.02148511952011311,0.021916771053549736,0.022205305937531946,0.02199233101171921,0.021165574933792845,0.019940290470203455,0.01865675915525385,0.017539074255719694,0.01664843272472263,0.015972356397330963,0.01547482937713345,0.01508374128178771,0.014692648304143519,0.014194344526995301,0.013532022602959546,0.012766071533858791,0.012085821430055023,0.011692708771001713,0.011646651225024033,0.011860483859853796,0.0122459443204996,0.012814827371258828,0.013601806214830061,0.01450356647116916,0.015252033139012746,0.015603072357133358,0.015543884029697277,0.015246372930841834,0.014829790615309552,0.01425449664959914,0.013456007050256902,0.01252152506328796,0.011701802273899395,0.011235819798277548,0.01114946103044054,0.011255666142354183,0.011398248913534763,0.011650481416269108,0.01220013782583948,0.013068228759139051,0.013999179123028012,0.014606714750317903,0.014612091474228721,0.013990799205283276,0.012952330664018082,0.011819273279055749,0.010924914609064324,0.01055122708581106,0.010842052159056658,0.01169674036512281,0.012740663767797866,0.0134551842458866],"std":[0.09250385074004036,0.08881688896636226,0.0826745702224262,0.075738269790659,0.06937806124140891,0.06441068015832398,0.06100448399163357,0.05875061938783852,0.057130981612568944,0.056062463486631284,0.055849973767890256,0.05660258419692181,0.05780223104976019,0.05852485986533018,0.05815844794756162,0.056894756991535324,0.055482504431214934,0.054553920559763686,0.05424607777655427,0.054355511222974745,0.054692838982447076,0.055187452872205126,0.05563123239029342,0.055446895341938286,0.0539800828429139,0.05122261526753624,0.04813944048750144,0.046048016906744864,0.04561742138042425,0.046541715124414636,0.04814465976700284,0.05012306932244826,0.05254283993188377,0.05513236730765929,0.05695663039420327,0.05719869069974501,0.05615360176958953,0.05492884014315209,0.05415879972326844,0.05340303610549379,0.05184542099144596,0.04936496553967676,0.04686389815490698,0.04553388567885632,0.045805147477185504,0.04710738749870113,0.048662573765209084,0.050226213032706905,0.05198114703229795,0.05403545946690115,0.05614028497383502,0.0576578636973711,0.05786948249580168,0.05655781749869857,0.05425627623785279,0.05187476278203563,0.050247136661422116,0.05002858954731576,0.051663674228951476,0.05505724238429849,0.0591359033392358,0.06198198504860284],"n_station_days":263,"lower":[-0.06194129711197165,-0.05879135221110121,-0.053709228738934876,-0.04828072943771497,-0.04367475380924029,-0.04039931221539613,-0.03834199770700093,-0.03697405720490688,-0.03580973965821348,-0.03482408297748449,-0.034364854247777146,-0.034685813143372074,-0.03559692511222824,-0.03653252885361097,-0.03699287301376877,-0.03695446652133187,-0.03682574527596108,-0.03701484630404399,-0.037597645051831635,-0.03838315482564378,-0.039218009605313624,-0.04010371159041742,-0.0409385840861499,-0.04125255081494299,-0.04044806023995435,-0.03845654373367745,-0.03605361905744642,-0.034355308135743154,-0.03397077015540022,-0.03468123126456084,-0.03589871544650324,-0.03730824195118943,-0.03894103371705371,-0.04062880083649013,-0.041704597255190524,-0.04159561834261165,-0.04060971773989225,-0.03968246721231025,-0.03932900910795889,-0.03914853945589465,-0.03838941394118906,-0.036843440476388795,-0.035162095881007584,-0.03429806588057877,-0.034655686446744965,-0.03585172135634695,-0.03726432485167432,-0.0385757316164378,-0.03978100920645847,-0.0409672307077621,-0.042141105850807006,-0.0430511489470532,-0.04325739102157296,-0.0425670182934153,-0.04130394557383471,-0.04005548950297988,-0.03932222205235779,-0.0394773624615047,-0.040821622069894814,-0.04336050201917568,-0.046395239571437936,-0.04852680080271624],"upper":[0.12306640436810908,0.11884242572162332,0.11163991170591753,0.10319581014360302,0.09508136867357753,0.08842204810125182,0.08366697027626621,0.08052718157077016,0.07845222356692441,0.07730084399577808,0.07733509328800336,0.07851935525047155,0.08000753698729214,0.0805171908770494,0.07932402288135447,0.07683504746173878,0.07413926358646879,0.07209299481548338,0.0708945105012769,0.07032786762030571,0.07016766835958052,0.07027119415399284,0.07032388069443693,0.06964123986893359,0.06751210544587344,0.06398868680139504,0.060225261917556464,0.057740725677746574,0.05726407260544829,0.05840219898426843,0.06039060408750244,0.06293789669370708,0.06614464614671384,0.06963593377882844,0.07220866353321602,0.07280176305687837,0.07169748579928681,0.07017521307399392,0.06898859033857799,0.06765753275509293,0.06530142804170286,0.06188649060296472,0.05856570042880637,0.05676970547713387,0.05695460850762604,0.05836305364105531,0.060060822678743846,0.06187669444897601,0.06418128485813743,0.06710368822604021,0.07013946409686303,0.072264578447689,0.0724815739700304,0.07054861670398185,0.06720860690187087,0.06369403606109138,0.061172051270486444,0.06057981663312682,0.06250572638800814,0.06675398274942129,0.07187656710703366,0.07543716929448945]}