{"bin_centers_hours":[-1.375,-1.125,-0.875,-0.625,-0.375,-0.125,0.125,0.375,0.625,0.875,1.125,1.375,1.625,1.875,2.125,2.375,2.625,2.875,3.125,3.375,3.625,3.875,4.125,4.375,4.625,4.875,5.125,5.375,5.625,5.875,6.125,6.375,6.625,6.875,7.125,7.375,7.625,7.875,8.125,8.375,8.625,8.875,9.125,9.375,9.625,9.875,10.125,10.375,10.625,10.875,11.125,11.375,11.625,11.875,12.125,12.375,12.625,12.875,13.125,13.375,13.625,13.875],"mean":[0.00029074037002972913,0.0007599385832459072,0.002045248490433827,0.004753075137784305,0.009489696824300843,0.016435500059436225,0.02498082018515627,0.03374845578451162,0.04110308640950235,0.045850685135308156,0.04766307374108125,0.04700852922390772,0.04474621676044079,0.04169380065792796,0.0383877517657244,0.035084085810492584,0.03188590263152662,0.028839363926868453,0.025953904075883317,0.023215651631255142,0.020634678733018254,0.018282589755063885,0.01626811527908717,0.014668483084880148,0.013482362401708754,0.012641308940770727,0.01205868086660695,0.011673283530700813,0.01146240462226272,0.011427555143662435,0.01157214764175639,0.011886180348992664,0.012343514221479739,0.012906460795335306,0.013517083973910786,0.01407128785383728,0.014420718660559556,0.01443949794450577,0.014106819759113865,0.013517650645080287,0.012812118183739429,0.012099423252656777,0.011434029146609473,0.010830569156609477,0.010283669402763691,0.009785473282830975,0.009340289183974568,0.008961059711319275,0.008645887342354643,0.008363061028802993,0.008066064435190467,0.007721825721402179,0.007325376835644484,0.006902106923109623,0.006504987235385177,0.006193709937599537,0.005997060477509897,0.005897269955861973,0.005858232918903964,0.005858778207446457,0.00588679602438865,0.005915860228745745],"std":[0.002224377191442415,0.004392070795274689,0.009510797897197935,0.018517788792457125,0.03157805523397722,0.047482981088979366,0.06385991030880103,0.07808419146389341,0.08829322421463169,0.09392438594221737,0.09558358538844207,0.09447230929381337,0.0917823291220919,0.08833872926473067,0.08455085049183417,0.08058570720392068,0.07656907151614649,0.07261905143889594,0.06874575993786476,0.06484891670196616,0.060895053037424506,0.05707280256352291,0.0537188511587209,0.05108161879120617,0.04916005703364408,0.0477422083369448,0.046581095200568905,0.045578860164015675,0.044863088940436474,0.04469177390720888,0.045248871844687205,0.04649038957475715,0.04816268020113684,0.04996094407132595,0.05165345855934096,0.05305102529115638,0.05393394239151879,0.05411284738199024,0.05356794438310246,0.05246707680681763,0.05104851142825462,0.049521012917613565,0.04802778734811947,0.04661151853707035,0.04521158197194117,0.04376929912785374,0.042367270512197186,0.041222456271035615,0.04049635698986916,0.040115739756298695,0.039811710671418234,0.039325514878617567,0.03854659033883879,0.037516174484832264,0.036405083832986636,0.03546160564082235,0.034867279723193104,0.034631931970971995,0.034679462832442415,0.03496793446426577,0.035414643162341476,0.035772057288694516],"n_station_days":10806,"lower":[-0.0019336368214126858,-0.0036321322120287814,-0.007465549406764109,-0.01376471365467282,-0.02208835840967638,-0.03104748102954314,-0.038879090123644766,-0.04433573567938179,-0.04719013780512934,-0.04807370080690922,-0.04792051164736082,-0.04746378006990565,-0.04703611236165111,-0.046644928606802714,-0.04616309872610977,-0.045501621393428095,-0.044683168884619866,-0.04377968751202749,-0.04279185586198145,-0.041633265070711016,-0.04026037430440625,-0.038790212808459026,-0.03745073587963373,-0.036413135706326025,-0.035677694631935326,-0.03510089939617407,-0.03452241433396196,-0.033905576633314866,-0.03340068431817375,-0.033264218763546446,-0.033676724202930816,-0.03460420922576449,-0.035819165979657105,-0.037054483275990646,-0.03813637458543018,-0.0389797374373191,-0.03951322373095923,-0.03967334943748447,-0.0394611246239886,-0.03894942616173734,-0.038236393244515186,-0.03742158966495679,-0.03659375820151,-0.03578094938046088,-0.034927912569177474,-0.03398382584502276,-0.03302698132822262,-0.03226139655971634,-0.03185046964751452,-0.0317526787274957,-0.03174564623622777,-0.031603689157215384,-0.031221213503194303,-0.030614067561722642,-0.02990009659760146,-0.02926789570322281,-0.028870219245683205,-0.028734662015110022,-0.02882122991353845,-0.029109156256819313,-0.029527847137952826,-0.02985619705994877],"upper":[0.002515117561472144,0.005152009378520596,0.011556046387631762,0.02327086393024143,0.04106775205827806,0.06391848114841558,0.0888407304939573,0.11183264724840503,0.12939631062413404,0.13977507107752551,0.14324665912952333,0.14148083851772109,0.1365285458825327,0.13003252992265862,0.12293860225755857,0.11566979301441327,0.1084549741476731,0.10145841536576439,0.09469966401374807,0.0880645683332213,0.08152973177044276,0.07535539231858679,0.06998696643780808,0.06575010187608632,0.06264241943535284,0.06038351727771553,0.05863977606717585,0.057252143694716484,0.0563254935626992,0.05611932905087132,0.056821019486443594,0.058376569923749816,0.06050619442261658,0.06286740486666126,0.06517054253325175,0.06712231314499366,0.06835466105207834,0.06855234532649601,0.06767476414221632,0.06598472745189791,0.06386062961199404,0.06162043617027034,0.059461816494728946,0.057442087693679825,0.05549525137470486,0.053554772410684716,0.05170755969617175,0.05018351598235489,0.049142244332223806,0.04847880078510169,0.0478777751066087,0.04704734060001975,0.045871967174483275,0.044418281407941886,0.042910071068371816,0.041655315578421885,0.040864340200703,0.04052920192683397,0.04053769575134638,0.04082671267171223,0.04130143918673013,0.04168791751744026]}