{"bin_centers_hours":[-1.375,-1.125,-0.875,-0.625,-0.375,-0.125,0.125,0.375,0.625,0.875,1.125,1.375,1.625,1.875,2.125,2.375,2.625,2.875,3.125,3.375,3.625,3.875,4.125,4.375,4.625,4.875,5.125,5.375,5.625,5.875,6.125,6.375,6.625,6.875,7.125,7.375,7.625,7.875,8.125,8.375,8.625,8.875,9.125,9.375,9.625,9.875,10.125,10.375,10.625,10.875,11.125,11.375,11.625,11.875,12.125,12.375,12.625,12.875,13.125,13.375,13.625,13.875],"mean":[0.0026264746104444434,0.004768272457556547,0.00936062912553278,0.016265728019696148,0.02420010006638065,0.03104239815195022,0.03507825014235146,0.03597453812910266,0.03464148190214976,0.03238560187006679,0.030165053484287083,0.02833034258844898,0.026815590161667253,0.02548940149027971,0.024333503033859748,0.0233673133260427,0.022504843636056728,0.021561832432258007,0.02042225507005313,0.019158863580073987,0.017947781696543093,0.01689582234987983,0.01598824425174074,0.01517854538745171,0.01446830598471843,0.013887541200995208,0.013427466625822027,0.01302886750135345,0.01266278827113402,0.012398843274248911,0.012334845326995327,0.012458170502553975,0.012627986996331693,0.012710847744577876,0.012716086260613197,0.012786258873055987,0.013068594081936346,0.013600831587391527,0.014288039720139449,0.014951575722691955,0.015413009758284742,0.015571635946408096,0.01542508904742127,0.015031607455315754,0.014467690811289442,0.013814932685263327,0.013171150779088602,0.01265425297573826,0.012351206057655226,0.012232390825361605,0.012140247041078401,0.011894196740512333,0.011411763543442355,0.010734458192866444,0.009963147523226934,0.00919631383887472,0.008526581649665311,0.008049341737371011,0.007833552758856976,0.007875904890523346,0.008073748627019374,0.008247860476303012],"std":[0.019498414344397617,0.026614252092713994,0.04109515716443379,0.061548666183217055,0.08358866272967315,0.10129186483648929,0.11058367737205728,0.11131175966396564,0.106456589023408,0.09983318156687605,0.09412291050128473,0.09015978882105502,0.08753633417773878,0.08564606310641874,0.08414605692772997,0.08276413089312197,0.08104895685269034,0.07848496547787837,0.07494999609351395,0.07105091051223482,0.06778363024190934,0.06569502809436072,0.06447491436057629,0.06347672356161961,0.06246393578228286,0.06163663875973213,0.06103268767503471,0.06026481742344215,0.05906338570174483,0.057832998383536345,0.05731671054025992,0.05778988693725165,0.05885257067768085,0.059969436184135416,0.061028438929028865,0.06235380573662592,0.06430616614817133,0.06690367705617377,0.06973346458625496,0.07214667979987621,0.07360243694023501,0.07390579740938222,0.07318959971239439,0.07176532315490179,0.06998622923325548,0.06813095282474167,0.06642884061092738,0.06524953946794924,0.0650317726384805,0.06578794841452897,0.06679084130861496,0.06696157598168913,0.06559420788087332,0.0627141420232023,0.05888665000076766,0.054838730804070125,0.05125999641444773,0.04876848003652662,0.047860321624093725,0.048680889408973534,0.050616081731942514,0.05224068510868139],"n_station_days":1097,"lower":[-0.01687193973395317,-0.02184597963515745,-0.03173452803890101,-0.04528293816352091,-0.059388562663292496,-0.07024946668453907,-0.07550542722970582,-0.07533722153486298,-0.07181510712125824,-0.06744757969680926,-0.06395785701699765,-0.06182944623260604,-0.060720744016071526,-0.06015666161613903,-0.059812553893870225,-0.05939681756707927,-0.05854411321663361,-0.056923133045620355,-0.05452774102346082,-0.05189204693216083,-0.04983584854536624,-0.048799205744480885,-0.04848667010883555,-0.0482981781741679,-0.04799562979756443,-0.04774909755873692,-0.047605221049212686,-0.047235949922088696,-0.04640059743061081,-0.04543415510928743,-0.044981865213264596,-0.045331716434697675,-0.04622458368134916,-0.04725858843955754,-0.048312352668415666,-0.04956754686356993,-0.051237572066234985,-0.053302845468782244,-0.055445424866115506,-0.057195104077184256,-0.05818942718195026,-0.05833416146297412,-0.057764510664973116,-0.05673371569958604,-0.05551853842196604,-0.054316020139478345,-0.053257689831838775,-0.052595286492210985,-0.05268056658082528,-0.05355555758916736,-0.05465059426753656,-0.05506737924117679,-0.05418244433743097,-0.051979683830335854,-0.04892350247754073,-0.0456424169651954,-0.042733414764782415,-0.040719138299155605,-0.04002676886523675,-0.04080498451845019,-0.04254233310492314,-0.04399282463237838],"upper":[0.022124888954842062,0.03138252455027054,0.050455786289966574,0.0778143942029132,0.1077887627960538,0.1323342629884395,0.14566192751440873,0.1472862977930683,0.14109807092555776,0.13221878343694285,0.1242879639855718,0.118490131409504,0.11435192433940602,0.11113546459669846,0.10847955996158973,0.10613144421916468,0.10355380048874707,0.10004679791013638,0.09537225116356708,0.0902097740923088,0.08573141193845243,0.08259085044424055,0.08046315861231702,0.07865526894907132,0.0769322417670013,0.07552417996072734,0.07446015430085674,0.0732936849247956,0.07172617397287885,0.07023184165778526,0.06965155586725524,0.07024805743980563,0.07148055767401254,0.07268028392871329,0.07374452518964206,0.07514006460968191,0.07737476023010768,0.0805045086435653,0.0840215043063944,0.08709825552256817,0.08901544669851975,0.08947743335579031,0.08861468875981565,0.08679693061021755,0.08445392004454493,0.081945885510005,0.07959999139001599,0.0779037924436875,0.07738297869613574,0.07802033923989057,0.07893108834969335,0.07885577272220146,0.07700597142431567,0.07344860021606875,0.0688497975239946,0.06403504464294485,0.05978657806411304,0.05681782177389763,0.0556938743829507,0.05655679429949688,0.058689830358961886,0.060488545584984406]}