{"bin_centers_hours":[-1.375,-1.125,-0.875,-0.625,-0.375,-0.125,0.125,0.375,0.625,0.875,1.125,1.375,1.625,1.875,2.125,2.375,2.625,2.875,3.125,3.375,3.625,3.875,4.125,4.375,4.625,4.875,5.125,5.375,5.625,5.875,6.125,6.375,6.625,6.875,7.125,7.375,7.625,7.875,8.125,8.375,8.625,8.875,9.125,9.375,9.625,9.875,10.125,10.375,10.625,10.875,11.125,11.375,11.625,11.875,12.125,12.375,12.625,12.875,13.125,13.375,13.625,13.875],"mean":[0.004105731484348564,0.005290827223039739,0.007618410621083774,0.010811282465524577,0.014267061933417941,0.017309146311591354,0.019588175882265524,0.02118198762379103,0.022309662546686617,0.02307903645224703,0.023544475952812293,0.023857433205645522,0.024235521882523228,0.024778640978494273,0.025336980332196325,0.02558529212028718,0.025292862283450096,0.02454194190049577,0.023648990425377034,0.022881687072961544,0.022310919885188876,0.021908354527458346,0.02166757330456541,0.021550381009929613,0.021373978977141578,0.020885392141278096,0.02000192038075773,0.018925758051934003,0.017988500034016548,0.017404048541359414,0.017155271800529257,0.017050633871627755,0.016869005922359334,0.01650025768600005,0.016016245293896225,0.01562859377557269,0.015528587118523807,0.015680845158447882,0.015766255170330826,0.01542471347174901,0.014612740474987326,0.013668170901548187,0.013005057540799113,0.012803779370851531,0.012977907270387445,0.013329212900621343,0.013675179319271528,0.013863811441963643,0.01373718253138953,0.013163209812415923,0.012163018550670075,0.010979034160717084,0.009942299693879046,0.009257095996900052,0.008924344592870092,0.00882939227892917,0.008836601268222551,0.008807295218011033,0.008627222265508475,0.008289188574568222,0.007919985133419927,0.007685885881162637],"std":[0.03273478316506881,0.03605147462068126,0.04221711553751685,0.050011269627569646,0.05753772053718518,0.06308741835552907,0.06612804726461488,0.0673459867435245,0.06773966668713845,0.06791985834127372,0.06827020137063264,0.06933476900808659,0.07162172325039164,0.07490568505609041,0.07790749846592655,0.07898826572404628,0.07745014453333249,0.07413648483043946,0.07063451553131195,0.06796045030144757,0.06619424387051381,0.0651930326369736,0.06515222824054442,0.06617048259622933,0.06750606422164894,0.06777953558640756,0.06611428961185149,0.06293352303764999,0.059616706521221675,0.05750711599031883,0.05713396863014163,0.058058970594304475,0.059322578993871715,0.06010414412342313,0.06015267916350536,0.0598549682344211,0.05996466754748609,0.0609181196061616,0.06216089162853491,0.06245282962675673,0.06111558660775113,0.05874340785480025,0.0566244708059689,0.05579238848202926,0.056557371891075736,0.05845155061021148,0.060434719978793724,0.061338655214211446,0.06032000822598127,0.057167828641174284,0.05252040906236185,0.04779096305098039,0.04452769698160474,0.04358456703712415,0.044781836779127955,0.04720769547005497,0.049735955201284814,0.05139591155782604,0.051656980938958846,0.05069270232297256,0.04930397864197951,0.048370565712983635],"n_station_days":472,"lower":[-0.028629051680720247,-0.030760647397641526,-0.034598704916433076,-0.03919998716204507,-0.043270658603767234,-0.045778272043937716,-0.04653987138234936,-0.04616399911973347,-0.04543000414045183,-0.04484082188902669,-0.04472572541782034,-0.045477335802441066,-0.047386201367868405,-0.05012704407759613,-0.05257051813373023,-0.053402973603759105,-0.05215728224988239,-0.04959454292994368,-0.046985525105934914,-0.04507876322848602,-0.043883323985324935,-0.04328467810951525,-0.043484654935979014,-0.04462010158629972,-0.04613208524450736,-0.04689414344512947,-0.04611236923109376,-0.044007764985715986,-0.041628206487205124,-0.04010306744895942,-0.03997869682961237,-0.041008336722676716,-0.04245357307151238,-0.04360388643742308,-0.04413643386960914,-0.044226374458848416,-0.044436080428962285,-0.04523727444771372,-0.04639463645820408,-0.047028116155007724,-0.0465028461327638,-0.045075236953252065,-0.043619413265169785,-0.04298860911117773,-0.04357946462068829,-0.04512233770959014,-0.046759540659522196,-0.0474748437722478,-0.04658282569459174,-0.04400461882875836,-0.04035739051169177,-0.03681192889026331,-0.034585397287725694,-0.0343274710402241,-0.03585749218625786,-0.0383783031911258,-0.040899353933062266,-0.042588616339815005,-0.04302975867345037,-0.042403513748404335,-0.041383993508559584,-0.040684679831820995],"upper":[0.03684051464941737,0.041342301843721,0.049835526158600624,0.06082255209309422,0.07180478247060312,0.08039656466712042,0.0857162231468804,0.08852797436731553,0.09004932923382507,0.09099889479352075,0.09181467732344493,0.09319220221373212,0.09585724513291487,0.09968432603458469,0.10324447879812287,0.10457355784433346,0.10274300681678258,0.09867842673093523,0.09428350595668898,0.0908421373744091,0.08850516375570269,0.08710138716443194,0.08681980154510983,0.08772086360615894,0.08888004319879052,0.08866492772768567,0.08611620999260922,0.08185928108958399,0.07760520655523823,0.07491116453167825,0.07428924043067088,0.07510960446593223,0.07619158491623104,0.07660440180942318,0.07616892445740159,0.07548356200999379,0.0754932546660099,0.07659896476460948,0.07792714679886573,0.07787754309850574,0.07572832708273845,0.07241157875634843,0.06962952834676801,0.0685961678528808,0.06953527916146318,0.07178076351083283,0.07410989929806525,0.07520246665617508,0.0740571907573708,0.0703310384535902,0.06468342761303192,0.058769997211697476,0.05446999667548379,0.0528416630340242,0.05370618137199805,0.05603708774898414,0.05857255646950736,0.06020320677583707,0.06028420320446732,0.05898189089754078,0.057223963775399435,0.056056451594146274]}