{"bin_centers_hours":[-1.375,-1.125,-0.875,-0.625,-0.375,-0.125,0.125,0.375,0.625,0.875,1.125,1.375,1.625,1.875,2.125,2.375,2.625,2.875,3.125,3.375,3.625,3.875,4.125,4.375,4.625,4.875,5.125,5.375,5.625,5.875,6.125,6.375,6.625,6.875,7.125,7.375,7.625,7.875,8.125,8.375,8.625,8.875,9.125,9.375,9.625,9.875,10.125,10.375,10.625,10.875,11.125,11.375,11.625,11.875,12.125,12.375,12.625,12.875,13.125,13.375,13.625,13.875],"mean":[0.009275587706295836,0.010456294855108806,0.013156103813828354,0.017474108137603608,0.02273578623911478,0.02764150781633797,0.031027661724179197,0.032503853644738574,0.032430344854531196,0.031436922610420893,0.030011074681751782,0.02840815141634746,0.02676421285513587,0.025193337248313977,0.02379000357180732,0.02259877262460394,0.02161412737804029,0.020800478078738586,0.02011071113756138,0.019506226407057424,0.018969421992889632,0.01849078760006012,0.018050993297294874,0.017631649802583967,0.01723819765408931,0.016896249277710426,0.01662834037761377,0.016448527474087194,0.016378580776204823,0.016452892566773288,0.016694114961349486,0.017092553051946725,0.01763386101658523,0.018351245971453288,0.019300910629221235,0.02041330321152952,0.021363463488054152,0.021680345466624246,0.021073316133742546,0.019654675472509226,0.017822585819411554,0.015954342538470504,0.014224626148902936,0.012647550439888335,0.011198787740301282,0.009879786413954945,0.008715488332125945,0.007730140202373019,0.006925862508856843,0.006278398839440855,0.005752879706997025,0.0053217833381183615,0.0049686012259399625,0.00468405762155817,0.0044658950487444235,0.004316931076045483,0.004236482091103976,0.004215277051550246,0.004239374634196335,0.004292990836517717,0.004354208871075782,0.004395252490585675],"std":[0.051070750590379535,0.052121918357900754,0.05554289941477432,0.062184276324961846,0.07088879975144825,0.07897175527428414,0.08416235958761444,0.08592949810751085,0.08517820261302524,0.08314137790670945,0.08062811584785029,0.07795360382534594,0.07522666336746836,0.07259027412303913,0.07024313894174679,0.06832943325000487,0.06685355242845076,0.06567177572170325,0.06455675029717663,0.06332551670249552,0.061951658941862435,0.060543149242539826,0.059212002969480676,0.0580011383550502,0.056925115902817264,0.05601581684409503,0.05530044296256418,0.054780770136846006,0.054492774387691637,0.05457269889300247,0.05516145795335892,0.05621325372572988,0.05752410633967138,0.059046976725438856,0.061038874179234676,0.06365128752872173,0.06635293226266718,0.06799216988173916,0.06762180010181786,0.06524601370662905,0.06170869018204843,0.05794422171418499,0.05441510027472199,0.05112775579918116,0.04792899571619204,0.044726429802618185,0.041574466710473754,0.038647741624562124,0.03610965132220084,0.03400821661687494,0.03229864477689359,0.03090838737459888,0.029752314803936523,0.028748089619325436,0.02787749868474532,0.027212511277436645,0.026850504622410478,0.026843147367182952,0.027187888317441566,0.027818134465275104,0.028539500975262578,0.029032766735691527],"n_station_days":12593,"lower":[-0.0417951628840837,-0.041665623502791946,-0.042386795600945965,-0.044710168187358235,-0.048153013512333476,-0.051330247457946176,-0.053134697863435235,-0.05342564446277228,-0.05274785775849404,-0.05170445529628855,-0.05061704116609851,-0.04954545240899848,-0.048462450512332486,-0.047396936874725154,-0.04645313536993947,-0.04573066062540093,-0.04523942505041047,-0.04487129764296467,-0.044446039159615244,-0.043819290295438094,-0.0429822369489728,-0.042052361642479705,-0.041161009672185805,-0.040369488552466234,-0.039686918248727956,-0.03911956756638461,-0.03867210258495041,-0.03833224266275881,-0.03811419361148681,-0.03811980632622919,-0.038467342992009435,-0.03912070067378315,-0.039890245323086146,-0.04069573075398557,-0.04173796355001344,-0.04323798431719221,-0.04498946877461303,-0.046311824415114916,-0.04654848396807531,-0.04559133823411983,-0.043886104362636874,-0.04198987917571449,-0.04019047412581905,-0.03848020535929283,-0.03673020797589076,-0.03484664338866324,-0.03285897837834781,-0.030917601422189106,-0.029183788813344,-0.027729817777434086,-0.026545765069896567,-0.02558660403648052,-0.02478371357799656,-0.024064031997767264,-0.023411603636000897,-0.022895580201391163,-0.022614022531306503,-0.022627870315632705,-0.02294851368324523,-0.023525143628757388,-0.024185292104186795,-0.02463751424510585],"upper":[0.06034633829667537,0.06257821321300956,0.06869900322860267,0.07965838446256546,0.09362458599056303,0.1066132630906221,0.11519002131179364,0.11843335175224942,0.11760854746755643,0.11457830051713033,0.11063919052960207,0.1063617552416934,0.10199087622260423,0.09778361137135311,0.0940331425135541,0.09092820587460881,0.08846767980649105,0.08647225380044184,0.08466746143473801,0.08283174310955294,0.08092108093475206,0.07903393684259995,0.07726299626677555,0.07563278815763416,0.07416331355690657,0.07291206612180545,0.07192878334017795,0.0712292976109332,0.07087135516389646,0.07102559145977576,0.0718555729147084,0.0733058067776766,0.07515796735625661,0.07739822269689214,0.08033978480845591,0.08406459074025126,0.08771639575072133,0.0896725153483634,0.0886951162355604,0.08490068917913828,0.07953127600145998,0.0738985642526555,0.06863972642362492,0.06377530623906949,0.05912778345649332,0.054606216216573134,0.0502899550425997,0.04637788182693514,0.043035513831057685,0.040286615456315795,0.03805152448389062,0.03623017071271724,0.03472091602987649,0.03343214724088361,0.032343393733489746,0.03152944235348213,0.031086986713514453,0.0310584244187332,0.031427262951637905,0.032111125301792824,0.03289370984633836,0.0334280192262772]}