{"bin_centers_hours":[-1.375,-1.125,-0.875,-0.625,-0.375,-0.125,0.125,0.375,0.625,0.875,1.125,1.375,1.625,1.875,2.125,2.375,2.625,2.875,3.125,3.375,3.625,3.875,4.125,4.375,4.625,4.875,5.125,5.375,5.625,5.875,6.125,6.375,6.625,6.875,7.125,7.375,7.625,7.875,8.125,8.375,8.625,8.875,9.125,9.375,9.625,9.875,10.125,10.375,10.625,10.875,11.125,11.375,11.625,11.875,12.125,12.375,12.625,12.875,13.125,13.375,13.625,13.875],"mean":[0.006943987994674833,0.00789201424197965,0.010039288795386412,0.013557485063092118,0.01814452380146181,0.022961331434277404,0.027026791263778688,0.029739422500251796,0.03109212174981566,0.03148725165756016,0.03138192664358335,0.031033667142174683,0.030478848917709724,0.029696771507025946,0.028768852041277118,0.027861456768874065,0.02707532340541736,0.026368469577845825,0.025646601383553957,0.02488006646222776,0.02409923264398907,0.023316331784624993,0.02250584033198323,0.02164804242027708,0.020743076870796386,0.01978381966360977,0.018774871755678157,0.017791921159239103,0.016962534819054895,0.016366493082203545,0.015981208098633685,0.015713609137999147,0.015457687552590318,0.015135904004092067,0.014728114824704491,0.014281742844595867,0.01386376824308751,0.013477197475343495,0.013049657486659278,0.012519222182977434,0.011898259423649443,0.011248327802232571,0.01063777248618574,0.010123843595529473,0.00974585855816143,0.009524635769294628,0.009445948103058443,0.00941892215389068,0.009286796936387133,0.008929756672480468,0.008360769575325097,0.007711515280012267,0.0071363565230547705,0.006719433177691709,0.006434677470571821,0.006176565885228838,0.0058432130972915245,0.005409663334776736,0.004934363012576306,0.004506588926943552,0.004195450776798863,0.004034802704750654],"std":[0.042880822249923865,0.044774169306372,0.04950997131474922,0.05761753957863207,0.06794135994645276,0.07792746792569705,0.08522632843129246,0.08899884953434434,0.08988363436846794,0.08911132255871743,0.08771915215852513,0.08624076426911054,0.08473690606012468,0.0830161766135322,0.08099280222290196,0.07894998677502846,0.07737939140128283,0.07651865426422533,0.07615821044043962,0.07590034406710643,0.07546522509646753,0.07472701679989986,0.07361982428724607,0.07212353326018903,0.07029195710449539,0.06821152769725575,0.06595704370202073,0.06363540457098066,0.0614360226943297,0.05961239788677301,0.058394040095361914,0.05781914528272615,0.05757567493436598,0.05707664504390202,0.055865477305525414,0.0540685994620444,0.05234984798872916,0.051296349891762766,0.050893632904979405,0.05060167216717273,0.04980129223708434,0.048195613094659945,0.04598394270630462,0.04367794302870985,0.04176621486337701,0.04058746594084296,0.04026757458425287,0.04046653196409227,0.040368549208993194,0.03928424184322635,0.037298987253858905,0.03522142045287161,0.03392862062559923,0.033741996834245835,0.03426317614033014,0.03470661891304677,0.03444229664232857,0.03334111922918631,0.031726396904438944,0.03008731172236446,0.02883013082839156,0.028170592673918787],"n_station_days":1113,"lower":[-0.03593683425524903,-0.03688215506439235,-0.03947068251936281,-0.04406005451553995,-0.04979683614499095,-0.05496613649141964,-0.058199537167513776,-0.05925942703409254,-0.05879151261865228,-0.057624070901157266,-0.05633722551494178,-0.055207097126935854,-0.05425805714241496,-0.05331940510650625,-0.052223950181624845,-0.05108853000615439,-0.05030406799586547,-0.0501501846863795,-0.05051160905688566,-0.051020277604878664,-0.05136599245247846,-0.05141068501527487,-0.05111398395526284,-0.05047549083991194,-0.049548880233699,-0.048427708033645975,-0.04718217194634257,-0.045843483411741555,-0.0444734878752748,-0.04324590480456946,-0.042412831996728226,-0.04210553614472701,-0.04211798738177566,-0.04194074103980996,-0.04113736248082092,-0.03978685661744853,-0.03848607974564165,-0.03781915241641927,-0.03784397541832013,-0.03808244998419529,-0.0379030328134349,-0.03694728529242737,-0.03534617022011888,-0.03355409943318038,-0.03202035630521558,-0.031062830171548334,-0.030821626481194426,-0.03104760981020159,-0.03108175227260606,-0.03035448517074588,-0.028938217678533808,-0.027509905172859346,-0.026792264102544462,-0.027022563656554126,-0.027828498669758322,-0.028530053027817935,-0.028599083545037044,-0.027931455894409575,-0.02679203389186264,-0.025580722795420906,-0.024634680051592694,-0.024135789969168132],"upper":[0.0498248102445987,0.05266618354835165,0.05954926011013563,0.07117502464172419,0.08608588374791457,0.10088879935997445,0.11225311969507115,0.11873827203459614,0.1209757561182836,0.1205985742162776,0.11910107880210849,0.11727443141128521,0.1152157549778344,0.11271294812055814,0.10976165426417908,0.10681144354390253,0.1044547148067002,0.10288712384207116,0.10180481182399358,0.10078041052933419,0.0995644577404566,0.09804334858452485,0.0961256646192293,0.09377157568046611,0.09103503397529178,0.08799534736086552,0.08473191545769888,0.08142732573021977,0.07839855751338459,0.07597889096897656,0.0743752481939956,0.0735327544207253,0.0730333624869563,0.0722125490479941,0.0705935921302299,0.06835034230664026,0.06621361623181667,0.06477354736710626,0.06394329039163868,0.06312089435015016,0.061699551660733785,0.05944394089689252,0.05662171519249036,0.053801786624239324,0.05151207342153844,0.050112101710137594,0.049713522687311315,0.04988545411798295,0.04965534614538033,0.04821399851570682,0.045659756829184,0.04293293573288388,0.041064977148654,0.04046143001193754,0.04069785361090196,0.04088318479827561,0.04028550973962009,0.03875078256396305,0.03666075991701525,0.03459390064930801,0.033025581605190424,0.03220539537866944]}