{"bin_centers_hours":[-1.375,-1.125,-0.875,-0.625,-0.375,-0.125,0.125,0.375,0.625,0.875,1.125,1.375,1.625,1.875,2.125,2.375,2.625,2.875,3.125,3.375,3.625,3.875,4.125,4.375,4.625,4.875,5.125,5.375,5.625,5.875,6.125,6.375,6.625,6.875,7.125,7.375,7.625,7.875,8.125,8.375,8.625,8.875,9.125,9.375,9.625,9.875,10.125,10.375,10.625,10.875,11.125,11.375,11.625,11.875,12.125,12.375,12.625,12.875,13.125,13.375,13.625,13.875],"mean":[0.03777012229560518,0.03467701536648163,0.030108846517538878,0.026394907666199043,0.025228634300342497,0.026749393844791487,0.029720002069725172,0.03255840977414368,0.03427812289848865,0.03468281902399193,0.03400090738203984,0.0325155627674244,0.03045203925713595,0.02802138750069607,0.02545497733566536,0.022971513305971823,0.020712161866661603,0.018715930657217373,0.016958747260522544,0.015406895812963742,0.014035957249306705,0.012824644750684672,0.011754360223938321,0.010816855439449108,0.010009853488260279,0.009322665613636136,0.008737336732266624,0.008245435120902233,0.007847950895237418,0.00753528971734759,0.0072859966949274145,0.007092403594520217,0.006965384957201412,0.006898402366892349,0.0068469087805466755,0.0067679676047635775,0.006671853853871949,0.006613080692147031,0.006629692864117427,0.0067049567319841935,0.006795857534931094,0.006891797687514112,0.007031885881438108,0.007262138376441618,0.007588671290682884,0.007978521057373506,0.008393421358343077,0.008820117070294224,0.009289999292977358,0.009884174803033831,0.010702919025968887,0.011803997428602771,0.01315305816082163,0.01461524619786345,0.01599046678569338,0.0170942062011137,0.017844838636559078,0.018274322281366683,0.018458636698803137,0.01846716339508388,0.01837862735303707,0.018294539206448752],"std":[0.1258053641273555,0.11815976001544096,0.10666769275005292,0.09686732158626035,0.09291841126663487,0.09540750433813662,0.10168712448840098,0.1082312281600159,0.11278028901465326,0.1147565641352138,0.11444909900918233,0.11226125545304153,0.10854387048897988,0.10372167319217375,0.09833533348001057,0.09290310057618326,0.08774095508106486,0.08294539709111842,0.07852831688989659,0.07450326751467903,0.07084636483168412,0.06746334461789462,0.06424935086109583,0.061179967983253175,0.05832939012333917,0.05580159160391803,0.053672719510279104,0.05198473993581323,0.05071408430154679,0.049731583717539336,0.04889298672435994,0.048211207563411566,0.04783222973536301,0.04776489201838474,0.047742276027705866,0.047482401657529566,0.04702751620143216,0.046682426939286856,0.04661306602720119,0.04663151036886795,0.0464675125318075,0.04619122376437067,0.046228619266156824,0.04693665598705074,0.04828321727393571,0.0499642668987156,0.05170316053580359,0.05341491043244955,0.055246380298171346,0.057544350332030966,0.06067134592375022,0.06474225576870801,0.06953405832189105,0.07459564793926411,0.07937190034846728,0.08333917038851975,0.08620098676594963,0.08794048134479972,0.0886555597344042,0.08849357174606437,0.08781716410649376,0.08723005388948175],"n_station_days":10589,"lower":[-0.08803524183175031,-0.08348274464895933,-0.07655884623251404,-0.07047241392006132,-0.06768977696629237,-0.06865811049334514,-0.07196712241867581,-0.07567281838587223,-0.0785021661161646,-0.08007374511122187,-0.08044819162714249,-0.07974569268561713,-0.07809183123184393,-0.07570028569147769,-0.07288035614434521,-0.06993158727021143,-0.06702879321440325,-0.06422946643390105,-0.061569569629374044,-0.05909637170171529,-0.05681040758237742,-0.05463869986720995,-0.05249499063715751,-0.050363112543804066,-0.04831953663507889,-0.046478925990281895,-0.044935382778012484,-0.04373930481491099,-0.04286613340630937,-0.042196294000191745,-0.04160699002943252,-0.04111880396889135,-0.0408668447781616,-0.040866489651492394,-0.04089536724715919,-0.04071443405276599,-0.04035566234756021,-0.04006934624713983,-0.03998337316308376,-0.03992655363688376,-0.03967165499687641,-0.039299426076856554,-0.03919673338471871,-0.039674517610609125,-0.040694545983252825,-0.0419857458413421,-0.04330973917746051,-0.04459479336215533,-0.04595638100519399,-0.04766017552899714,-0.04996842689778133,-0.05293825834010524,-0.05638100016106942,-0.059980401741400666,-0.0633814335627739,-0.06624496418740605,-0.06835614812939056,-0.06966615906343304,-0.07019692303560106,-0.07002640835098049,-0.0694385367534567,-0.068935514683033],"upper":[0.16357548642296066,0.15283677538192258,0.13677653926759178,0.12326222925245939,0.11814704556697737,0.1221568981829281,0.13140712655812614,0.14078963793415958,0.1470584119131419,0.14943938315920574,0.1484500063912222,0.14477681822046592,0.13899590974611584,0.1317430606928698,0.12379031081567593,0.11587461388215509,0.10845311694772647,0.10166132774833579,0.09548706415041913,0.08991016332764278,0.08488232208099082,0.0802879893685793,0.07600371108503415,0.07199682342270228,0.06833924361159945,0.06512425721755416,0.062410056242545725,0.06023017505671546,0.058562035196784205,0.05726687343488693,0.05617898341928736,0.05530361115793178,0.054797614692564424,0.05466329438527709,0.05458918480825254,0.054250369262293145,0.05369937005530411,0.05329550763143388,0.05324275889131862,0.053336467100852145,0.0532633700667386,0.05308302145188478,0.053260505147594936,0.054198794363492356,0.055871888564618596,0.057942787956089106,0.06009658189414666,0.062235027502743775,0.0645363795911487,0.0674285251350648,0.0713742649497191,0.07654625319731079,0.08268711648271268,0.08921089413712756,0.09536236713416066,0.10043337658963344,0.1040458254025087,0.10621480362616639,0.10711419643320734,0.10696073514114825,0.10619579145953083,0.10552459309593051]}