{"bin_centers_hours":[-1.375,-1.125,-0.875,-0.625,-0.375,-0.125,0.125,0.375,0.625,0.875,1.125,1.375,1.625,1.875,2.125,2.375,2.625,2.875,3.125,3.375,3.625,3.875,4.125,4.375,4.625,4.875,5.125,5.375,5.625,5.875,6.125,6.375,6.625,6.875,7.125,7.375,7.625,7.875,8.125,8.375,8.625,8.875,9.125,9.375,9.625,9.875,10.125,10.375,10.625,10.875,11.125,11.375,11.625,11.875,12.125,12.375,12.625,12.875,13.125,13.375,13.625,13.875],"mean":[0.0896894473513433,0.0771482813696034,0.0576583632538782,0.038377224360243385,0.023877254297591962,0.015018630255908062,0.010427928781787506,0.008354429781177664,0.007566343130950664,0.007384732310166678,0.007448250655230059,0.0075626363681453755,0.007652575612618666,0.007720926045722952,0.00778419676213569,0.00782385610184546,0.0077975060950497225,0.00768978614124188,0.007538082459205221,0.00740684001624516,0.007338013737837413,0.007321382105898381,0.007314348097764702,0.007291378212405641,0.007273130543010629,0.007315338984463056,0.007464686555795553,0.007703818190578261,0.007934835709196453,0.008046038556252416,0.008011560371453237,0.007912299526668979,0.007854887414349523,0.007888183186349849,0.007991221708739338,0.008114541566721712,0.008228619024756457,0.008344193304034785,0.008490773614160655,0.00868820880491788,0.008960879388173353,0.009369469126326156,0.009979497619853393,0.010776827506271385,0.011646670033563757,0.012467916919848181,0.0132247521212525,0.014014662889902966,0.014947438693668982,0.016052033069900794,0.017289279419081878,0.01863707159214365,0.020128893384885205,0.021788319381563077,0.023540155865899665,0.02524149542467401,0.026830901027647208,0.028391741587427886,0.03001257358978716,0.0316132456604989,0.032938076193144684,0.033693349139039784],"std":[0.1908389153973944,0.17019831894757398,0.1372955219115228,0.10339383271853811,0.07652405195304031,0.05909989357974935,0.049470058825641566,0.044771525412504974,0.04273628824694005,0.041983063042605226,0.041704349703151185,0.041531594128469775,0.04146330931680569,0.04159068284576413,0.04185746184030579,0.04208354684595499,0.042106519599073,0.04186717703055227,0.04145906753954998,0.04116192713001318,0.041308127825888066,0.041968736763639616,0.04283188005267266,0.04350360792921468,0.04390044757235728,0.04430279770593862,0.045044501958831064,0.04615904697336239,0.04727307017105792,0.04788249279093546,0.04783175418892163,0.047472575236709426,0.04726752545640451,0.04735368468010588,0.04753134981292602,0.04750400966347765,0.04708288269439761,0.04632059674156754,0.04552418712072679,0.04509546526197789,0.045387058455923814,0.046684447366893984,0.04907902685064649,0.05218185060969439,0.05515650929811159,0.05733039414762967,0.058793688555597606,0.06026384920495106,0.06236421057927075,0.0651807214555881,0.06850217348639093,0.07227503486585718,0.07667730356502958,0.08176106734289043,0.08711480191904028,0.09207098530035494,0.0963408503996445,0.10026036494914783,0.10429860023881256,0.10844597802284689,0.1120744931389767,0.11424271612527635],"n_station_days":1774,"lower":[-0.1011494680460511,-0.09305003757797058,-0.0796371586576446,-0.06501660835829473,-0.052646797655448344,-0.04408126332384129,-0.03904213004385406,-0.036417095631327306,-0.035169945115989386,-0.03459833073243855,-0.034256099047921124,-0.0339689577603244,-0.033810733704187024,-0.03386975680004118,-0.0340732650781701,-0.03425969074410953,-0.03430901350402328,-0.03417739088931039,-0.03392098508034476,-0.03375508711376802,-0.03397011408805065,-0.034647354657741235,-0.035517531954907956,-0.036212229716809034,-0.03662731702934666,-0.03698745872147556,-0.03757981540303551,-0.03845522878278413,-0.039338234461861465,-0.039836454234683044,-0.039820193817468395,-0.03956027571004045,-0.039412638042054984,-0.039465501493756036,-0.03954012810418668,-0.039389468096755934,-0.03885426366964115,-0.03797640343753276,-0.03703341350656614,-0.036407256457060014,-0.03642617906775046,-0.03731497824056783,-0.039099529230793094,-0.041405023103423005,-0.04350983926454784,-0.04486247722778149,-0.045568936434345106,-0.04624918631504809,-0.04741677188560177,-0.04912868838568731,-0.05121289406730905,-0.05363796327371353,-0.05654841018014438,-0.05997274796132736,-0.06357464605314062,-0.06682948987568094,-0.0695099493719973,-0.07186862336171995,-0.0742860266490254,-0.076832732362348,-0.07913641694583201,-0.08054936698623658],"upper":[0.2805283627487377,0.24734660031717737,0.19495388516540102,0.1417710570787815,0.10040130625063227,0.07411852383565741,0.05989798760742907,0.05312595519368264,0.05030263137789071,0.0493677953527719,0.049152600358381246,0.04909423049661515,0.049115884929424355,0.04931160889148708,0.04964165860244148,0.04990740294780045,0.04990402569412272,0.049556963171794144,0.04899714999875521,0.048568767146258345,0.04864614156372548,0.049290118869538,0.050146228150437365,0.05079498614162032,0.05117357811536791,0.051618136690401675,0.05250918851462662,0.053862865163940656,0.05520790588025437,0.05592853134718788,0.05584331456037487,0.0553848747633784,0.055122412870754034,0.05524186786645573,0.055522571521665356,0.05561855123019936,0.05531150171915407,0.054664790045602325,0.05401496073488744,0.05378367406689577,0.054347937844097166,0.05605391649322014,0.05905852447049988,0.06295867811596577,0.06680317933167534,0.06979831106747786,0.0720184406768501,0.07427851209485402,0.07731164927293974,0.08123275452548889,0.0857914529054728,0.09091210645800082,0.09680619694991478,0.1035493867244535,0.11065495778493994,0.11731248072502895,0.12317175142729171,0.12865210653657572,0.13431117382859972,0.14005922368334578,0.1450125693321214,0.14793606526431613]}