{"bin_centers_hours":[-1.375,-1.125,-0.875,-0.625,-0.375,-0.125,0.125,0.375,0.625,0.875,1.125,1.375,1.625,1.875,2.125,2.375,2.625,2.875,3.125,3.375,3.625,3.875,4.125,4.375,4.625,4.875,5.125,5.375,5.625,5.875,6.125,6.375,6.625,6.875,7.125,7.375,7.625,7.875,8.125,8.375,8.625,8.875,9.125,9.375,9.625,9.875,10.125,10.375,10.625,10.875,11.125,11.375,11.625,11.875,12.125,12.375,12.625,12.875,13.125,13.375,13.625,13.875],"mean":[0.01835652161636423,0.017254143821876924,0.015329981685250463,0.013007283081077506,0.010675882407411113,0.0086103777515496,0.007012912298070736,0.006037812892203663,0.005683704458765882,0.005692937273035727,0.005681950795391742,0.005420043915559328,0.004944789011438843,0.004431595573657468,0.004027205686353481,0.003804356412268583,0.003792532889692559,0.003993907062871913,0.004356784678018585,0.004750776046033865,0.005013555074879032,0.005067104542329863,0.0049941925943331154,0.004977409540197793,0.0051590905112291014,0.005561266749610252,0.006109478576442288,0.006688450107120077,0.00718444517095922,0.007542017342608156,0.007809170790741888,0.008101314271699814,0.008505719185491716,0.00903122816226073,0.009637195873727328,0.010266025677833189,0.01083856265156788,0.01127492418124194,0.011566301425727744,0.011804743592154871,0.012131955366043274,0.01268526694150488,0.013573945971787576,0.014824019443666087,0.016305846184607842,0.017772880556289002,0.019043314706574672,0.020163447586463615,0.021390012140030373,0.023037670739146643,0.025342155141510038,0.02835814364899737,0.03191021233984501,0.03568764235689714,0.039453478249253625,0.043153794507893695,0.04679117765687197,0.0501875527927935,0.05292566916874686,0.054618071275946374,0.05527797181678794,0.05536807602929432],"std":[0.0782544909980373,0.0744817477688984,0.06811652906463093,0.06058666324832635,0.05279945738156083,0.04534341068974022,0.039204942652456,0.03571646126522415,0.03535970238998031,0.03683414889804923,0.037837163439187804,0.0367987908435402,0.0336781949875214,0.02946012553861059,0.02538111088158657,0.02247022152705134,0.02128867558953276,0.021797633805380988,0.02337586600034762,0.025033743174707475,0.02587973451492752,0.025649994402575184,0.024880647217809703,0.02453046110693265,0.025367481419436608,0.027524781096094228,0.030415592748084724,0.03304217649936318,0.03461684035605787,0.0351565590894387,0.03549471768988267,0.036604427401889836,0.0388724144573839,0.04203755062274766,0.04562708701224209,0.04905892973440939,0.05137900379564933,0.05162410564144914,0.049883129419485084,0.04756597973159578,0.046287987379475544,0.04671180586731226,0.04852216374626855,0.05106626652706446,0.053717016872750795,0.055897909261817084,0.05723530408636195,0.05787761692268688,0.0585604156760488,0.06032954603954976,0.06417034424680133,0.07049381903097397,0.07860376282364008,0.08684203869614882,0.0937402625424082,0.09921971525452457,0.1045111994840005,0.11075710831307835,0.11777253638672507,0.1242092961427255,0.12875227260757183,0.13095747241737965],"n_station_days":414,"lower":[-0.05989796938167307,-0.05722760394702148,-0.052786547379380475,-0.047579380167248844,-0.042123574974149716,-0.03673303293819062,-0.03219203035438526,-0.02967864837302049,-0.029675997931214428,-0.0311412116250135,-0.03215521264379606,-0.03137874692798087,-0.02873340597608256,-0.02502852996495312,-0.02135390519523309,-0.018665865114782756,-0.0174961426998402,-0.017803726742509074,-0.019019081322329035,-0.02028296712867361,-0.020866179440048486,-0.02058288986024532,-0.019886454623476588,-0.019553051566734855,-0.020208390908207505,-0.021963514346483977,-0.024306114171642437,-0.026353726392243107,-0.027432395185098647,-0.027614541746830548,-0.02768554689914078,-0.028503113130190022,-0.03036669527189219,-0.03300632246048693,-0.035989891138514765,-0.0387929040565762,-0.04054044114408145,-0.040349181460207204,-0.03831682799375734,-0.035761236139440905,-0.03415603201343227,-0.03402653892580738,-0.03494821777448097,-0.03624224708339838,-0.03741117068814295,-0.038125028705528086,-0.03819198937978728,-0.03771416933622326,-0.03717040353601843,-0.037291875300403114,-0.038828189105291296,-0.0421356753819766,-0.046693550483795074,-0.05115439633925167,-0.05428678429315458,-0.05606592074663087,-0.057720021827128536,-0.06056955552028485,-0.06484686721797821,-0.06959122486677913,-0.07347430079078389,-0.07558939638808533],"upper":[0.09661101261440153,0.09173589159077533,0.0834465107498814,0.07359394632940386,0.06347533978897195,0.05395378844128981,0.046217854950526736,0.041754274157427815,0.041043406848746196,0.04252708617108496,0.04351911423457955,0.04221883475909953,0.03862298399896024,0.033891721112268056,0.02940831656794005,0.02627457793931992,0.02508120847922532,0.025791540868252902,0.027732650678366205,0.02978451922074134,0.03089328958980655,0.03071709894490505,0.02987483981214282,0.029507870647130445,0.03052657193066571,0.03308604784570448,0.03652507132452701,0.03973062660648326,0.04180128552701709,0.04269857643204686,0.04330388848062455,0.04470574167358965,0.04737813364287562,0.05106877878500839,0.05526428288596942,0.05932495541224258,0.06221756644721721,0.06289902982269108,0.06144943084521283,0.05937072332375065,0.058419942745518816,0.05939707280881714,0.062096109718056125,0.06589028597073054,0.07002286305735864,0.07367078981810608,0.07627861879293663,0.07804106450915049,0.07995042781607917,0.0833672167786964,0.08951249938831138,0.09885196267997134,0.11051397516348509,0.12252968105304596,0.13319374079166182,0.14237350976241825,0.15130237714087247,0.16094466110587186,0.17069820555547194,0.17882736741867186,0.18403024442435978,0.18632554844667398]}