{"bin_centers_hours":[-1.375,-1.125,-0.875,-0.625,-0.375,-0.125,0.125,0.375,0.625,0.875,1.125,1.375,1.625,1.875,2.125,2.375,2.625,2.875,3.125,3.375,3.625,3.875,4.125,4.375,4.625,4.875,5.125,5.375,5.625,5.875,6.125,6.375,6.625,6.875,7.125,7.375,7.625,7.875,8.125,8.375,8.625,8.875,9.125,9.375,9.625,9.875,10.125,10.375,10.625,10.875,11.125,11.375,11.625,11.875,12.125,12.375,12.625,12.875,13.125,13.375,13.625,13.875],"mean":[0.0726523073630627,0.06726128598659858,0.0568962950306461,0.04321771072560606,0.029185396760540157,0.017696533257834546,0.010118891549642618,0.006092985674348522,0.004410686939782543,0.003915781215077687,0.0038639681120060583,0.0038789675373669262,0.00380821329164298,0.003626147478090926,0.003387534367625672,0.003184084280062525,0.0030831244416029404,0.0030835304503222484,0.003136752170940433,0.0032084661391253494,0.0033008002008897354,0.0034283001677892474,0.003601619926073089,0.0038282836020039623,0.004093669556794093,0.004328038819711053,0.004417793866518029,0.004281999681118366,0.003947291972336601,0.0035457109168183618,0.003238275853350779,0.0031314982011171645,0.0032398827084573773,0.0035070676136706148,0.0038773971652728127,0.004381818336075849,0.005160134211584014,0.00637838813560484,0.008100160768066137,0.01021901235866192,0.012486164504229715,0.014578852368465432,0.016159266775865135,0.016990483776418673,0.017128724019346418,0.01698543082414851,0.017102995663442155,0.017830371159821234,0.019172685940471133,0.0208748003120684,0.02264208951772746,0.0243483300911075,0.026075307716592132,0.027968493173418412,0.030066135077795896,0.032251443203758196,0.03434794260428027,0.03626490108008857,0.03804327676187796,0.03972867741909823,0.041180525042952616,0.04205729613318653],"std":[0.20042046857319976,0.19052054565349175,0.17073339223293535,0.1429645178550192,0.11202146759438296,0.08392242375421204,0.06295579086498618,0.050147583916833195,0.043950356620651505,0.04188065047604999,0.04169999149853432,0.04180858378848258,0.04128845778929265,0.03993573119781199,0.038174245667232244,0.0366842279066699,0.03587832716986677,0.03561439553078417,0.03549241114818783,0.03545266493108255,0.03583588778835134,0.036835116586270915,0.038177952460206686,0.03943073475687328,0.04034925672245244,0.04077872328328765,0.04041014828387902,0.03889976654735865,0.03630370201676998,0.033357838818120496,0.031218092335162147,0.030777831899159964,0.03214051907286485,0.03471947145861158,0.037910022220267896,0.04176161373887394,0.0469380818515194,0.05393700415245122,0.06242083601037413,0.07140015781610365,0.07991884273798108,0.08736501947421174,0.09316734153820297,0.09669051248285657,0.0978522583431163,0.09760329115482667,0.09738857387648385,0.09818104093511272,0.10009024463072412,0.10266147474873723,0.1054427439180064,0.1083768040349858,0.11171722864516997,0.1156273468376889,0.11994010474727625,0.12427444908250991,0.12833866570733707,0.13216961504921831,0.13604954854824636,0.1400722974506702,0.14371910825701456,0.1459645520657828],"n_station_days":1422,"lower":[-0.12776816121013707,-0.12325925966689316,-0.11383709720228924,-0.09974680712941314,-0.0828360708338428,-0.06622589049637749,-0.05283689931534356,-0.04405459824248467,-0.039539669680868965,-0.037964869260972305,-0.03783602338652826,-0.037929616251115655,-0.037480244497649674,-0.03630958371972107,-0.034786711299606574,-0.03350014362660737,-0.03279520272826383,-0.03253086508046192,-0.0323556589772474,-0.0322441987919572,-0.032535087587461604,-0.033406816418481665,-0.0345763325341336,-0.03560245115486932,-0.03625558716565835,-0.0364506844635766,-0.03599235441736099,-0.03461776686624028,-0.03235641004443338,-0.029812127901302134,-0.02797981648181137,-0.0276463336980428,-0.028900636364407477,-0.031212403844940968,-0.03403262505499508,-0.03737979540279809,-0.04177794763993539,-0.04755861601684638,-0.05432067524230799,-0.06118114545744173,-0.06743267823375138,-0.07278616710574631,-0.07700807476233784,-0.07970002870643789,-0.08072353432376989,-0.08061786033067816,-0.08028557821304169,-0.08035066977529148,-0.080917558690253,-0.08178667443666883,-0.08280065440027894,-0.0840284739438783,-0.08564192092857784,-0.08765885366427048,-0.08987396966948036,-0.09202300587875172,-0.0939907231030568,-0.09590471396912975,-0.09800627178636839,-0.10034362003157198,-0.10253858321406195,-0.10390725593259625],"upper":[0.27307277593626245,0.25778183164009033,0.22762968726358146,0.18618222858062528,0.1412068643549231,0.10161895701204658,0.07307468241462879,0.05624056959118172,0.048361043560434046,0.045796431691127674,0.045563959610540376,0.04568755132584951,0.04509667108093563,0.043561878675902915,0.041561780034857915,0.039868312186732424,0.03896145161146971,0.03869792598110641,0.03862916331912827,0.0386611310702079,0.039136687989241074,0.040263416754060165,0.04177957238627977,0.043259018358877244,0.04444292627924653,0.04510676210299871,0.044827942150397045,0.04318176622847701,0.04025099398910658,0.03690354973493886,0.03445636818851293,0.03390933010027713,0.03538040178132223,0.0382265390722822,0.04178741938554071,0.04614343207494979,0.052098216063103414,0.06031539228805606,0.07052099677844027,0.08161917017476557,0.09240500724221079,0.10194387184267717,0.1093266083140681,0.11368099625927525,0.11498098236246271,0.11458872197897518,0.11449156953992601,0.11601141209493396,0.11926293057119525,0.12353627506080563,0.12808483343573385,0.1327251341260933,0.1377925363617621,0.1435958400111073,0.15000623982507214,0.15652589228626812,0.16268660831161735,0.16843451612930688,0.17409282531012432,0.17980097486976843,0.18489963329996717,0.18802184819896933]}