{"bin_centers_hours":[-1.375,-1.125,-0.875,-0.625,-0.375,-0.125,0.125,0.375,0.625,0.875,1.125,1.375,1.625,1.875,2.125,2.375,2.625,2.875,3.125,3.375,3.625,3.875,4.125,4.375,4.625,4.875,5.125,5.375,5.625,5.875,6.125,6.375,6.625,6.875,7.125,7.375,7.625,7.875,8.125,8.375,8.625,8.875,9.125,9.375,9.625,9.875,10.125,10.375,10.625,10.875,11.125,11.375,11.625,11.875,12.125,12.375,12.625,12.875,13.125,13.375,13.625,13.875],"mean":[0.0032440437538961892,0.004304344157398866,0.006613223085877548,0.010454586911173975,0.015895308776519332,0.02241995335167867,0.02894799114660237,0.03433361927941153,0.0379069665982066,0.0396317650230818,0.03990937824120312,0.03929123989118684,0.03824417916792636,0.03701002177072906,0.03562061969905381,0.03405459362211518,0.03237188410616303,0.03069246368489937,0.02909100967826602,0.027567728945072287,0.026109913715741544,0.02472718327633244,0.023430793194872564,0.022234677735688265,0.02117780507539827,0.020294532045432495,0.019553658144594734,0.018859851494130973,0.0181176921183924,0.017278251930198118,0.01634564919041202,0.015368430436031519,0.014411877773327543,0.013513629810064626,0.012666887411560919,0.011852912012650272,0.011078145494868059,0.010367362664449683,0.009730194885005166,0.009150796565285323,0.008610285732462008,0.008109662395709785,0.007664319926326632,0.007278819072309424,0.006936072860634228,0.006614111923447509,0.006301530786487705,0.0059905136802816126,0.005668977620223155,0.0053346838489910274,0.005007275650690911,0.004710716573608378,0.004450012836031499,0.0042160836961408045,0.004005916349696266,0.003827489453274597,0.003689912145672397,0.0035966862180776722,0.0035446575340329634,0.0035241041222309746,0.003520785618464158,0.00352221609030833],"std":[0.028669563253047387,0.03179181176247207,0.038073154921034996,0.04770522198106888,0.06051670224193464,0.07512731649741039,0.08909392971363479,0.10020579764830145,0.10754071926186691,0.11140918127152825,0.11272195168994092,0.11249680013713582,0.11153532757446954,0.1101579669603593,0.10823726584564122,0.10562380953000855,0.10250447005797364,0.09925639852516935,0.0960628017957618,0.09286643307407647,0.08964745555564764,0.08652264938311105,0.08360080745911938,0.0809719202936493,0.07881595633743041,0.07728535118429743,0.0762561165103288,0.07534948764357444,0.07420291566814748,0.07264731711372974,0.0707258977524493,0.06864556149392,0.06660582757657814,0.06458962262900686,0.062402872327633155,0.05995856716056885,0.05742013693547838,0.055019959187735855,0.05284649577902434,0.05088159068308939,0.049143992261842004,0.04767558812383887,0.046394379797082386,0.04505252079237954,0.04341525347226339,0.04149542753795872,0.03956901782125413,0.03792796166193677,0.03664286198569939,0.0355967397649616,0.03466758204437626,0.03378654497226296,0.03289496789629357,0.03196282268718715,0.031034046517092472,0.030205649014160552,0.02959183127543353,0.029315487224477035,0.029455172337103437,0.02994771197692511,0.030553981639642118,0.030963340707298236],"n_station_days":6205,"lower":[-0.025425519499151197,-0.0274874676050732,-0.03145993183515745,-0.0372506350698949,-0.044621393465415306,-0.05270736314573172,-0.060145938567032424,-0.06587217836888992,-0.06963375266366031,-0.07177741624844645,-0.0728125734487378,-0.07320556024594899,-0.07329114840654319,-0.07314794518963025,-0.07261664614658742,-0.07156921590789336,-0.0701325859518106,-0.06856393484026999,-0.0669717921174958,-0.06529870412900418,-0.06353754183990609,-0.06179546610677861,-0.06017001426424681,-0.058737242557961034,-0.057638151262032145,-0.05699081913886493,-0.05670245836573407,-0.05648963614944347,-0.05608522354975508,-0.055369065183531616,-0.05438024856203727,-0.05327713105788848,-0.052193949803250594,-0.051075992818942234,-0.049735984916072236,-0.04810565514791858,-0.04634199144061032,-0.044652596523286174,-0.043116300894019174,-0.04173079411780407,-0.040533706529379994,-0.03956592572812909,-0.038730059870755756,-0.03777370172007012,-0.036479180611629164,-0.03488131561451121,-0.033267487034766424,-0.03193744798165516,-0.030973884365476233,-0.030262055915970577,-0.029660306393685353,-0.02907582839865458,-0.028444955060262074,-0.027746738991046346,-0.027028130167396205,-0.026378159560885954,-0.02590191912976113,-0.025718801006399363,-0.025910514803070474,-0.026423607854694133,-0.02703319602117796,-0.027441124616989908],"upper":[0.031913607006943574,0.036096155919870934,0.044686378006912546,0.058159808892242856,0.07641201101845396,0.09754726984908907,0.11804192086023715,0.13453941692771298,0.1454476858600735,0.15104094629461007,0.15263132993114403,0.15178804002832266,0.1497795067423959,0.14716798873108836,0.14385788554469503,0.13967840315212374,0.13487635416413668,0.1299488622100687,0.12515381147402782,0.12043416201914875,0.11575736927138919,0.11124983265944349,0.10703160065399195,0.10320659802933757,0.09999376141282867,0.09757988322972992,0.09580977465492355,0.0942093391377054,0.09232060778653987,0.08992556904392786,0.08707154694286132,0.08401399192995151,0.08101770534990568,0.07810325243907149,0.07506975973919408,0.07181147917321912,0.06849828243034643,0.06538732185218554,0.0625766906640295,0.06003238724837471,0.057754277994304014,0.05578525051954865,0.054058699723409015,0.052331339864688964,0.050351326332897614,0.04810953946140623,0.04587054860774184,0.043918475342218384,0.042311839605922545,0.04093142361395263,0.03967485769506717,0.03849726154587134,0.03734498073232507,0.036178906383327956,0.03503996286678874,0.03403313846743515,0.033281743421105923,0.032912173442554704,0.0329998298711364,0.03347181609915608,0.03407476725810628,0.034485556797606565]}