{"bin_centers_hours":[-1.375,-1.125,-0.875,-0.625,-0.375,-0.125,0.125,0.375,0.625,0.875,1.125,1.375,1.625,1.875,2.125,2.375,2.625,2.875,3.125,3.375,3.625,3.875,4.125,4.375,4.625,4.875,5.125,5.375,5.625,5.875,6.125,6.375,6.625,6.875,7.125,7.375,7.625,7.875,8.125,8.375,8.625,8.875,9.125,9.375,9.625,9.875,10.125,10.375,10.625,10.875,11.125,11.375,11.625,11.875,12.125,12.375,12.625,12.875,13.125,13.375,13.625,13.875],"mean":[0.0004227609724648045,0.0011951403982348111,0.0032585875477616363,0.007255964559239887,0.013183169905893192,0.019782481795086695,0.024977052477093177,0.027293342433855557,0.026893284885043247,0.02510671189019607,0.023159898972342496,0.02158329535415145,0.02055884107916949,0.020235668674881892,0.020500802163401475,0.020778144141497423,0.02041254903197417,0.019269579626929392,0.017797318124222656,0.01650242343732427,0.015531905973790552,0.014806294626024057,0.014338253680896508,0.014271402457671497,0.01475001990162559,0.015824622417093766,0.017308296671636483,0.018674011308808948,0.019307941056230366,0.018993808086891956,0.018091127719137203,0.01721261274384619,0.016770227114218387,0.016881276514383804,0.01766128057960431,0.019322064920289893,0.021698427031789144,0.02389151645948711,0.02484304086535244,0.024324923645921467,0.02316252599195266,0.022576146070016633,0.023373474822181568,0.025464944120477704,0.02786016364841456,0.029249037144304362,0.02882751432712292,0.026636875062550455,0.023176699396690186,0.018912983637566327,0.014246246931909266,0.009711295313863066,0.0059082445814086955,0.003195788545247422,0.001542550171874638,0.0006683846781845612,0.00026279661443995446,0.0001037347097076504,6.613600701337159e-05,8.787522534978924e-05,0.00013158518994395272,0.0001649265643168159],"std":[0.0015394869737036213,0.00422845015179613,0.011196428346730729,0.02417910481392894,0.04260991305344681,0.06222587899273089,0.07709283682529895,0.08383498615799843,0.08366043351145733,0.08013280825262781,0.07587055684905127,0.07192596090919902,0.0692227374637722,0.068920197810985,0.07095863613411299,0.073157982800158,0.07273548668302161,0.06883442192101452,0.06304372974857927,0.05748742110256422,0.05308885292441079,0.04977441401047325,0.04740286830917624,0.04603304667519455,0.046047203812138345,0.04836701247798794,0.05374702288682072,0.06133896607937491,0.06840501249973598,0.0720047744823134,0.07111419292610227,0.06710578126436655,0.06232216580870892,0.05864483045337667,0.05747118372577999,0.05988425873645387,0.06548720605402708,0.07156736719049506,0.0748833436345695,0.07452999391568609,0.07243938261021535,0.07142645035759221,0.07315625166534151,0.07727357855982628,0.0816064465384978,0.08338327277748826,0.08090267278501974,0.07435374210653542,0.06508689214982034,0.05434957654423668,0.042908396008456307,0.031554799345657004,0.021350983410233726,0.013205831034933281,0.0074263617360172595,0.0037642230527967983,0.0017199192852485944,0.0007949466822827841,0.0005978395507376194,0.0008451607855787528,0.00127494116029869,0.0015990223675830136],"n_station_days":95,"lower":[-0.0011167260012388167,-0.003033309753561319,-0.007937840798969092,-0.016923140254689054,-0.029426743147553617,-0.04244339719764419,-0.052115784348205775,-0.05654164372414287,-0.05676714862641408,-0.055026096362431734,-0.05271065787670877,-0.05034266555504757,-0.0486638963846027,-0.04868452913610311,-0.05045783397071152,-0.05237983865866058,-0.052322937651047445,-0.04956484229408513,-0.04524641162435662,-0.04098499766523995,-0.037556946950620236,-0.034968119384449194,-0.03306461462827973,-0.03176164421752305,-0.031297183910512755,-0.032542390060894176,-0.036438726215184236,-0.04266495477056596,-0.04909707144350561,-0.05301096639542145,-0.053023065206965064,-0.04989316852052035,-0.045551938694490535,-0.041763553938992865,-0.039809903146175676,-0.04056219381616398,-0.043788779022237934,-0.04767585073100795,-0.05004030276921706,-0.05020507026976462,-0.049276856618262685,-0.04885030428757557,-0.049782776843159945,-0.05180863443934858,-0.05374628289008324,-0.0541342356331839,-0.052075158457896814,-0.047716867043984965,-0.041910192753130154,-0.03543659290667035,-0.02866214907654704,-0.02184350403179394,-0.01544273882882503,-0.01001004248968586,-0.005883811564142622,-0.003095838374612237,-0.00145712267080864,-0.0006912119725751338,-0.0005317035437242478,-0.0007572855602289636,-0.0011433559703547373,-0.0014340958032661977],"upper":[0.0019622479461684256,0.005423590550030942,0.014455015894492365,0.031435069373168825,0.055793082959340004,0.08200836078781759,0.10206988930239214,0.111128328591854,0.11055371839650058,0.10523952014282388,0.09903045582139376,0.09350925626335047,0.08978157854294169,0.0891558664858669,0.09145943829751446,0.09393612694165543,0.09314803571499577,0.08810400154794391,0.08084104787280193,0.0739898445398885,0.06862075889820134,0.06458070863649731,0.06174112199007275,0.06030444913286605,0.060797223713763934,0.0641916348950817,0.0710553195584572,0.08001297738818386,0.08771295355596634,0.09099858256920536,0.08920532064523948,0.08431839400821274,0.0790923929229273,0.07552610696776048,0.0751324643053843,0.07920632365674377,0.08718563308581623,0.09545888364998217,0.09972638449992194,0.09885491756160755,0.09560190860216801,0.09400259642760884,0.09652972648752307,0.10273852268030398,0.10946661018691237,0.11263230992179263,0.10973018711214266,0.10099061716908588,0.08826359154651053,0.07326256018180301,0.05715464294036557,0.04126609465952007,0.02725922799164242,0.016401619580180705,0.008968911907891897,0.0044326077309813595,0.001982715899688549,0.0008986813919904345,0.000663975557750991,0.0009330360109285421,0.0014065263502426428,0.0017639489318998294]}