{"bin_centers_hours":[-1.375,-1.125,-0.875,-0.625,-0.375,-0.125,0.125,0.375,0.625,0.875,1.125,1.375,1.625,1.875,2.125,2.375,2.625,2.875,3.125,3.375,3.625,3.875,4.125,4.375,4.625,4.875,5.125,5.375,5.625,5.875,6.125,6.375,6.625,6.875,7.125,7.375,7.625,7.875,8.125,8.375,8.625,8.875,9.125,9.375,9.625,9.875,10.125,10.375,10.625,10.875,11.125,11.375,11.625,11.875,12.125,12.375,12.625,12.875,13.125,13.375,13.625,13.875],"mean":[0.0005487845296733982,0.0012010203903308522,0.0029366517653100447,0.00638273783008562,0.01184257144645893,0.018749644725209878,0.025669483832461707,0.031061603605363756,0.03417272992024799,0.035251681020785644,0.03505366161566173,0.03425810496058846,0.0332411965842655,0.032141777928404364,0.030987457258715698,0.02977223661403736,0.028489303113600255,0.02713892010761659,0.02572569980514435,0.02426487731027187,0.02280552265234954,0.021436382032529133,0.020240832676515358,0.019243083981010413,0.018417619246587632,0.017746305395516557,0.017241016182890083,0.016910957163399572,0.016730271700388585,0.016648142014633337,0.016625472584333768,0.016657828337527037,0.016758619982237648,0.016910609381987633,0.017026588006259395,0.016962959465816125,0.016586743382503197,0.015852489571891636,0.014837028875536016,0.013705059169973503,0.012624554287080097,0.01169124829797037,0.010914310361901545,0.010262651947717489,0.009720439762695264,0.009295836568582322,0.00898250479889316,0.008732367243024248,0.008479361464283486,0.008188014352438855,0.007874506763479542,0.007583381520941214,0.007345485508915183,0.007155514912857771,0.0069849798684810515,0.006811574401504918,0.006637625179282005,0.006491395458166832,0.006415091702397552,0.006435708949116918,0.006527978770099574,0.006611791712048941],"std":[0.008543927141665342,0.011263535366337674,0.018181133230628147,0.03093138344968033,0.04940521725599163,0.07073185761247157,0.09035036749740893,0.1045863836632694,0.11250650702295961,0.11557705917779586,0.11594812606814964,0.11512930771711129,0.11377929380313634,0.11211083136989686,0.11023141422714376,0.10821282239140095,0.1060445088966733,0.10363547405340766,0.10088378232488206,0.09778041158519703,0.09449889566725096,0.09135725729976896,0.08861820230705252,0.08633770495607246,0.08445844664380577,0.08300590625899598,0.08211093018230006,0.08184665699870995,0.08209326614548858,0.0825896612146629,0.08313269422790238,0.08372646104621077,0.0845087969123042,0.08550694982650342,0.08645328551004357,0.08683998101904086,0.086179184450614,0.08428537863559032,0.08139226412163113,0.07802359417689346,0.07469892728828768,0.07168358141796437,0.0689627461294082,0.06643678999602684,0.06414384570803795,0.06227495349432925,0.060961740794101056,0.060094647140724204,0.05938235872988983,0.058572288473566554,0.05760792719106411,0.05660981409277177,0.055720767958193994,0.054959459262611705,0.054223486751339305,0.05342737049517576,0.052623218127740456,0.05200645870130096,0.051821028727576435,0.05218787002313636,0.052915999338858336,0.053507421030457046],"n_station_days":21044,"lower":[-0.007995142611991943,-0.010062514976006822,-0.015244481465318102,-0.02454864561959471,-0.0375626458095327,-0.051982212887261695,-0.06468088366494723,-0.07352478005790565,-0.07833377710271162,-0.08032537815701021,-0.08089446445248791,-0.08087120275652282,-0.08053809721887084,-0.0799690534414925,-0.07924395696842806,-0.0784405857773636,-0.07755520578307304,-0.07649655394579107,-0.07515808251973771,-0.07351553427492516,-0.07169337301490142,-0.06992087526723982,-0.06837736963053716,-0.06709462097506205,-0.06604082739721813,-0.06525960086347943,-0.06486991399940997,-0.06493569983531038,-0.06536299444509999,-0.06594151920002955,-0.06650722164356862,-0.06706863270868374,-0.06775017693006655,-0.06859634044451579,-0.06942669750378418,-0.06987702155322474,-0.0695924410681108,-0.06843288906369868,-0.0665552352460951,-0.06431853500691996,-0.062074373001207585,-0.059992333119993996,-0.05804843576750665,-0.056174138048309355,-0.05442340594534269,-0.05297911692574693,-0.051979235995207894,-0.05136227989769995,-0.05090299726560635,-0.0503842741211277,-0.04973342042758457,-0.04902643257183056,-0.048375282449278814,-0.047803944349753935,-0.04723850688285825,-0.04661579609367084,-0.04598559294845845,-0.045515063243134125,-0.04540593702517888,-0.04575216107401944,-0.046388020568758764,-0.04689562931840811],"upper":[0.009092711671338741,0.012464555756668525,0.021117784995938194,0.03731412127976595,0.06124778870245056,0.08948150233768144,0.11601985132987064,0.13564798726863317,0.1466792369432076,0.1508287401985815,0.15100178768381137,0.14938741267769975,0.14702049038740184,0.14425260929830122,0.14121887148585946,0.1379850590054383,0.13453381201027356,0.13077439416102424,0.1266094821300264,0.1220452888954689,0.1173044183196005,0.11279363933229809,0.10885903498356787,0.10558078893708286,0.1028760658903934,0.10075221165451254,0.09935194636519015,0.09875761416210953,0.09882353784587716,0.09923780322929623,0.09975816681223615,0.10038428938373781,0.10126741689454186,0.10241755920849105,0.10347987351630296,0.10380294048485698,0.1027659278331172,0.10013786820748197,0.09622929299716715,0.09172865334686696,0.08732348157536778,0.08337482971593474,0.07987705649130974,0.07669944194374433,0.07386428547073322,0.07157079006291157,0.06994424559299421,0.06882701438374846,0.06786172019417332,0.06676030282600541,0.06548243395454366,0.06419319561371298,0.06306625346710917,0.062114974175469476,0.06120846661982036,0.060238944896680684,0.059260843307022464,0.058497854159467795,0.05823612042997399,0.058623578972253274,0.05944397810895791,0.060119212742505986]}