{"bin_centers_hours":[-1.375,-1.125,-0.875,-0.625,-0.375,-0.125,0.125,0.375,0.625,0.875,1.125,1.375,1.625,1.875,2.125,2.375,2.625,2.875,3.125,3.375,3.625,3.875,4.125,4.375,4.625,4.875,5.125,5.375,5.625,5.875,6.125,6.375,6.625,6.875,7.125,7.375,7.625,7.875,8.125,8.375,8.625,8.875,9.125,9.375,9.625,9.875,10.125,10.375,10.625,10.875,11.125,11.375,11.625,11.875,12.125,12.375,12.625,12.875,13.125,13.375,13.625,13.875],"mean":[0.00038827532255485245,0.0008709730907488895,0.0021172330030860198,0.004567327598355861,0.008539685311501687,0.01388935804224634,0.019864868210362558,0.02534154627211541,0.029311930734724854,0.03131312544293466,0.03152854881205019,0.030539634311177677,0.028959731754513877,0.027204320904105104,0.025471086954308234,0.023865598864927673,0.0225286445370448,0.021619159784593427,0.021194928723577318,0.021146077943163276,0.021209524052726567,0.021038398687365678,0.020379274061418592,0.01928413587673859,0.018110107337414486,0.01724588163042,0.016835890572240834,0.016747378318219642,0.016741932978565615,0.016645628490092528,0.016389273023563168,0.015970566998227204,0.01545130917486783,0.01496982844139888,0.014681545423539513,0.01467210789816105,0.014925240097438728,0.015326831566871401,0.015686006038470625,0.015825280945337993,0.01571357823528666,0.015472530608195815,0.015203371057517616,0.01485972855004379,0.014350891512289325,0.01370180408784568,0.013040071185035335,0.012491724320890449,0.012139429049912939,0.012010126361660578,0.012049427160296531,0.012144855759055845,0.01219765336996791,0.012147144299658161,0.011940011487054945,0.011546767824958433,0.011024261375983708,0.010503843619813451,0.010091438550708718,0.009807979928241653,0.009628063896411188,0.009537100527999564],"std":[0.002665299223131886,0.004739927730494307,0.009853704880699941,0.01936864107655139,0.03374931258958125,0.05130901035751484,0.06841172443637929,0.08131675447200179,0.08805846426286414,0.08894967291960333,0.08584051861081526,0.08098823307629648,0.07612091568705376,0.07191097363170584,0.06803209019683562,0.06396426540118004,0.06004865002999509,0.05761117946551156,0.05783227897516309,0.060489276200119284,0.0637411762583639,0.06511941169344386,0.06309308078317862,0.05813437340002496,0.052356057218209115,0.0479637616533895,0.04590371320005737,0.04575218378949054,0.04650944089893368,0.0472934087391901,0.04751180987184139,0.046902309436294046,0.04572264575318818,0.04466840405556136,0.04429067631561622,0.04465025426088738,0.0456264744882364,0.04713234398106377,0.04878331186708656,0.04986612186697098,0.050088102210748046,0.0499686928266687,0.050040628730160915,0.05001369006301151,0.04917955526733873,0.04730580634833219,0.044763385351705806,0.04220563737879174,0.04042068259605894,0.04006447647324786,0.04119026458899449,0.04318964692395544,0.045259150385243536,0.04673986141277839,0.04708369230261023,0.04594537127780115,0.0435169219602887,0.04058001379090153,0.038079677631358125,0.03660070812904619,0.036117060571839305,0.03612587136928602],"n_station_days":390,"lower":[-0.0022770239005770335,-0.0038689546397454176,-0.007736471877613922,-0.014801313478195528,-0.02520962727807956,-0.0374196523152685,-0.04854685622601673,-0.055975208199886384,-0.058746533528139286,-0.05763654747666867,-0.054311969798765077,-0.0504485987651188,-0.04716118393253988,-0.04470665272760074,-0.04256100324252739,-0.04009866653625237,-0.03752000549295029,-0.03599201968091813,-0.03663735025158577,-0.03934319825695601,-0.04253165220563733,-0.04408101300607818,-0.04271380672176002,-0.03885023752328637,-0.03424594988079463,-0.030717880022969504,-0.02906782262781654,-0.029004805471270895,-0.02976750792036806,-0.030647780249097572,-0.031122536848278225,-0.03093174243806684,-0.030271336578320346,-0.029698575614162483,-0.02960913089207671,-0.029978146362726332,-0.030701234390797673,-0.03180551241419237,-0.03309730582861593,-0.03404084092163299,-0.03437452397546138,-0.03449616221847289,-0.0348372576726433,-0.03515396151296772,-0.0348286637550494,-0.03360400226048651,-0.03172331416667047,-0.02971391305790129,-0.028281253546146,-0.02805435011158728,-0.02914083742869796,-0.031044791164899593,-0.03306149701527562,-0.03459271711312023,-0.03514368081555529,-0.034398603452842715,-0.03249266058430499,-0.03007617017108808,-0.02798823908064941,-0.02679272820080454,-0.026488996675428117,-0.02658877084128646],"upper":[0.0030535745456867387,0.005610900821243197,0.011970937883785962,0.02393596867490725,0.04228899790108294,0.06519836839976118,0.08827659264674184,0.1066583007441172,0.11737039499758899,0.12026279836253799,0.11736906742286546,0.11152786738747415,0.10508064744156764,0.09911529453581094,0.09350317715114385,0.08782986426610771,0.0825772945670399,0.07923033925010499,0.07902720769874041,0.08163535414328256,0.08495070031109046,0.08615781038080954,0.08347235484459721,0.07741850927676355,0.0704661645556236,0.0652096432838095,0.0627396037722982,0.06249956210771018,0.0632513738774993,0.06393903722928262,0.06390108289540455,0.06287287643452125,0.06117395492805601,0.05963823249696024,0.058972221739155735,0.05932236215904843,0.06055171458567513,0.062459175547935175,0.06446931790555718,0.06569140281230898,0.06580168044603471,0.06544122343486451,0.06524399978767853,0.0648734186130553,0.06353044677962805,0.06100761043617787,0.05780345653674114,0.05469736169968219,0.05256011164597188,0.05207460283490844,0.053239691749291024,0.05533450268301128,0.05745680375521145,0.058887005712436546,0.05902370378966518,0.05749213910275958,0.05454118333627241,0.05108385741071498,0.04817111618206684,0.046408688057287845,0.04574512446825049,0.04566297189728559]}