{"bin_centers_hours":[-1.375,-1.125,-0.875,-0.625,-0.375,-0.125,0.125,0.375,0.625,0.875,1.125,1.375,1.625,1.875,2.125,2.375,2.625,2.875,3.125,3.375,3.625,3.875,4.125,4.375,4.625,4.875,5.125,5.375,5.625,5.875,6.125,6.375,6.625,6.875,7.125,7.375,7.625,7.875,8.125,8.375,8.625,8.875,9.125,9.375,9.625,9.875,10.125,10.375,10.625,10.875,11.125,11.375,11.625,11.875,12.125,12.375,12.625,12.875,13.125,13.375,13.625,13.875],"mean":[0.007198220235243077,0.007989188050280227,0.010022359535608432,0.013859532642071876,0.019578696671167406,0.026325528356732984,0.03248028238045447,0.03639192312686068,0.03714237020111409,0.034882519089641476,0.030696779349713883,0.026174391821938207,0.022872128111378058,0.021798372279986895,0.02303989918678179,0.025657031691981802,0.02805815031801466,0.028897773481954575,0.027940568975848252,0.026131934302106388,0.024738744892567704,0.024223625596563315,0.023876675786364668,0.02260489393166317,0.020108140496974444,0.01724023168418154,0.015222823805199449,0.014572227845015532,0.01484173779773471,0.015311233752589196,0.01571200095350632,0.01614335770291279,0.016499958416924077,0.016367524966784064,0.015580498783160273,0.014624891568939457,0.01425315232126229,0.014708393906874161,0.01546238936072936,0.015737694543709598,0.015173321300296415,0.013987387987055754,0.01271447516016538,0.011886707785019041,0.011767044041570994,0.012185379936749029,0.01262616293151209,0.012517311960735165,0.011503356953543023,0.009631217017340599,0.007389346990981298,0.0054301944532915225,0.004145363420829177,0.0035210478383698343,0.0033207345432514582,0.003269313559890925,0.0031347851360517863,0.0028208136486561823,0.0024112544203799212,0.002054596815976955,0.0018246470521850362,0.0017176891236130945],"std":[0.0472602534676768,0.0480472419162787,0.05136692130677014,0.05960862907162652,0.0737140795780905,0.09154361364075979,0.1085005308180619,0.11995464820155452,0.12327282027834854,0.11840448810066269,0.10769660783091117,0.09531238740464454,0.08585285100664085,0.08240323833061632,0.08516934008854105,0.0915252554840518,0.09751267667702228,0.1001777490839191,0.09926828007759521,0.09698354994410575,0.09583863131387582,0.09612401404450596,0.09527877638427115,0.09027948949087723,0.08106293606546004,0.07132746626675163,0.06550487331871406,0.06494384211545051,0.06746965315327873,0.07050116754081455,0.07351556814562156,0.07684808783939565,0.07937825446096791,0.07908136393529744,0.07574009419964949,0.07188633412825009,0.07059329478611896,0.07259313401916466,0.07569551663212268,0.07683716726894367,0.07454298210046074,0.06970470199925338,0.06469412562765299,0.06192120054655999,0.0625906399598227,0.06607794585001187,0.0701821816981084,0.07194115278256172,0.06872517573099245,0.05982902785586186,0.04766147975203848,0.0365018704024951,0.029536439698648737,0.027313447820454837,0.028399593738477016,0.030370512321244117,0.03073049623423682,0.028397166883096764,0.02445016429897646,0.020813155350060175,0.0185067072705769,0.017490044970563223],"n_station_days":117,"lower":[-0.04006203323243372,-0.04005805386599848,-0.041344561771161706,-0.045749096429554645,-0.05413538290692309,-0.06521808528402681,-0.07602024843760742,-0.08356272507469384,-0.08613045007723445,-0.08352196901102121,-0.0769998284811973,-0.06913799558270634,-0.0629807228952628,-0.060604866050629425,-0.06212944090175926,-0.06586822379207,-0.06945452635900762,-0.07127997560196453,-0.07132771110174696,-0.07085161564199936,-0.07109988642130811,-0.07190038844794265,-0.07140210059790648,-0.06767459555921407,-0.0609547955684856,-0.05408723458257009,-0.050282049513514615,-0.05037161427043498,-0.052627915355544015,-0.05518993378822536,-0.05780356719211524,-0.06070473013648285,-0.06287829604404384,-0.06271383896851337,-0.060159595416489214,-0.05726144255931063,-0.05634014246485668,-0.0578847401122905,-0.06023312727139332,-0.06109947272523407,-0.05936966080016433,-0.05571731401219763,-0.051979650467487606,-0.05003449276154095,-0.0508235959182517,-0.05389256591326284,-0.057556018766596315,-0.05942384082182656,-0.057221818777449425,-0.05019781083852126,-0.040272132761057185,-0.031071675949203577,-0.02539107627781956,-0.023792399982085002,-0.02507885919522556,-0.027101198761353192,-0.027595711098185035,-0.02557635323444058,-0.02203890987859654,-0.01875855853408322,-0.016682060218391862,-0.01577235584695013],"upper":[0.05445847370291988,0.05603642996655893,0.061389280842378574,0.0734681617136984,0.0932927762492579,0.11786914199749277,0.14098081319851635,0.1563465713284152,0.16041519047946262,0.15328700719030416,0.13839338718062505,0.12148677922658274,0.1087249791180189,0.10420161061060321,0.10820923927532283,0.1171822871760336,0.12557082699503694,0.12907552256587368,0.12720884905344346,0.12311548424621215,0.12057737620644353,0.12034763964106927,0.11915545217063582,0.1128843834225404,0.10117107656243449,0.08856769795093317,0.0807276971239135,0.07951606996046605,0.08231139095101343,0.08581240129340374,0.08922756909912788,0.09299144554230844,0.09587821287789199,0.0954488889020815,0.09132059298280976,0.08651122569718954,0.08484644710738125,0.08730152792603882,0.09115790599285203,0.09257486181265327,0.08971630340075716,0.08369208998630914,0.07740860078781837,0.07380790833157903,0.0743576840013937,0.0782633257867609,0.08280834462962049,0.08445846474329688,0.08022853268453548,0.06946024487320246,0.055050826743019775,0.04193206485578662,0.03368180311947792,0.030834495658824672,0.03172032828172847,0.033639825881135045,0.03386528137028861,0.031217980531752947,0.02686141871935638,0.02286775216603713,0.020331354322761935,0.019207734094176317]}