{"bin_centers_hours":[-1.375,-1.125,-0.875,-0.625,-0.375,-0.125,0.125,0.375,0.625,0.875,1.125,1.375,1.625,1.875,2.125,2.375,2.625,2.875,3.125,3.375,3.625,3.875,4.125,4.375,4.625,4.875,5.125,5.375,5.625,5.875,6.125,6.375,6.625,6.875,7.125,7.375,7.625,7.875,8.125,8.375,8.625,8.875,9.125,9.375,9.625,9.875,10.125,10.375,10.625,10.875,11.125,11.375,11.625,11.875,12.125,12.375,12.625,12.875,13.125,13.375,13.625,13.875],"mean":[0.003568196033900414,0.004365188173523365,0.005792677062786582,0.007592759315255915,0.009487960756017669,0.011212085899037296,0.0125531113831343,0.01343282013175028,0.013941335567620118,0.014271724369215416,0.014618382065742109,0.015112646997249842,0.015794056306920125,0.016603824765327162,0.01741846078477309,0.018122495749208788,0.01865607750502706,0.018995622599025323,0.01912745178598313,0.019072146716071443,0.018905429643840642,0.018711930089773485,0.018519953695706342,0.01829579373065475,0.017994490087738912,0.01761847537543481,0.017231743978424904,0.016904591594234818,0.016645826395682448,0.01641160435997407,0.016176044643855515,0.015974159811612803,0.01587507970407746,0.015917895850721123,0.01606559608696789,0.016222838631403926,0.016312291833865483,0.016337642281115353,0.01636908384754286,0.01646527742936921,0.016602646000348335,0.01668309025761284,0.016630510559969763,0.016485870893079305,0.016386904521661548,0.016441293976029718,0.016632761470283742,0.016862438346173847,0.017069882796954275,0.017286354935985886,0.017562364245919997,0.017877971936429142,0.018159007092278242,0.018362252070083754,0.018506911114419707,0.01863277969039801,0.018761920437052087,0.01890303903613421,0.019070015322656432,0.01927335509431079,0.01948537443799792,0.01962848272465566],"std":[0.03329112085509375,0.03597568014255217,0.040620872621701706,0.04592277097401021,0.05044099538419175,0.05321052666473049,0.054121279013450624,0.0538141681435297,0.05317817591400741,0.05283587812551904,0.053005160308750146,0.053712663652983425,0.05495773265782129,0.05661229417338374,0.05831173712337475,0.05963748778268966,0.060416278616418004,0.06074077633613172,0.060736694833175835,0.060423750252485434,0.059779864922637795,0.05883908712344681,0.05770784233075294,0.056526367302440504,0.05543356840906499,0.054572269494054124,0.054056434331315954,0.05382557638927143,0.05358122545504974,0.05301916357278406,0.052138889365642774,0.05127874968839678,0.05087796498006547,0.05119236938288688,0.052123644676944275,0.05326837818476762,0.05419051912225007,0.05469226318195773,0.0548644956973463,0.05493521478146726,0.05503948355191336,0.05507735990051966,0.05485029312564659,0.05439519810486049,0.05410151793011412,0.054381785283427464,0.05524826112256359,0.05630236086809226,0.05715673853380195,0.05777565451979291,0.058338528907327825,0.05889581818187286,0.05934695367483267,0.059711455270558926,0.060203951314991073,0.06098253222215365,0.061955850513581226,0.06292700830832176,0.06387404615072532,0.06494890609428096,0.06612269625643173,0.06695788042317355],"n_station_days":2701,"lower":[-0.02972292482119334,-0.031610491969028806,-0.03482819555891512,-0.03833001165875429,-0.04095303462817408,-0.04199844076569319,-0.04156816763031632,-0.040381348011779415,-0.039236840346387296,-0.03856415375630363,-0.03838677824300804,-0.03860001665573358,-0.039163676350901164,-0.04000846940805658,-0.04089327633860166,-0.04151499203348087,-0.04176020111139095,-0.0417451537371064,-0.041609243047192705,-0.04135160353641399,-0.04087443527879715,-0.040127157033673325,-0.0391878886350466,-0.038230573571785754,-0.03743907832132608,-0.036953794118619314,-0.03682469035289105,-0.03692098479503661,-0.03693539905936729,-0.03660755921280999,-0.03596284472178726,-0.035304589876783976,-0.03500288527598801,-0.03527447353216576,-0.03605804858997638,-0.0370455395533637,-0.03787822728838459,-0.03835462090084238,-0.03849541184980344,-0.038469937352098055,-0.03843683755156503,-0.03839426964290682,-0.03821978256567683,-0.03790932721178118,-0.03771461340845257,-0.037940491307397746,-0.03861549965227985,-0.039439922521918414,-0.04008685573684768,-0.04048929958380702,-0.04077616466140783,-0.04101784624544372,-0.041187946582554424,-0.04134920320047517,-0.04169704020057137,-0.04234975253175564,-0.043193930076529136,-0.04402396927218755,-0.04480403082806889,-0.04567555099997017,-0.046637321818433816,-0.04732939769851789],"upper":[0.036859316888994166,0.04034086831607553,0.04641354968448829,0.053515530289266124,0.05992895614020942,0.06442261256376779,0.06667439039658493,0.06724698827527997,0.06711951148162754,0.06710760249473446,0.06762354237449225,0.06882531065023327,0.07075178896474142,0.0732161189387109,0.07573019790814783,0.07775998353189845,0.07907235612144506,0.07973639893515705,0.07986414661915897,0.07949589696855688,0.07868529456647844,0.07755101721322029,0.07622779602645928,0.07482216103309525,0.07342805849680391,0.07219074486948893,0.07128817830974085,0.07073016798350625,0.07022705185073219,0.06943076793275813,0.06831493400949828,0.06725290950000959,0.06675304468414293,0.06711026523360801,0.06818924076391217,0.06949121681617154,0.07050281095611555,0.07102990546307308,0.07123357954488915,0.07140049221083647,0.0716421295522617,0.0717604501581325,0.07148080368561635,0.07088106899793979,0.07048842245177567,0.07082307925945719,0.07188102259284733,0.07316479921426611,0.07422662133075622,0.0750620094557788,0.07590089315324783,0.076773790118302,0.07750596076711092,0.07807370734064267,0.07871086242941078,0.07961531191255167,0.08071777095063332,0.08183004734445598,0.08294406147338176,0.08422226118859175,0.08560807069442965,0.0865863631478292]}