{"bin_centers_hours":[-1.375,-1.125,-0.875,-0.625,-0.375,-0.125,0.125,0.375,0.625,0.875,1.125,1.375,1.625,1.875,2.125,2.375,2.625,2.875,3.125,3.375,3.625,3.875,4.125,4.375,4.625,4.875,5.125,5.375,5.625,5.875,6.125,6.375,6.625,6.875,7.125,7.375,7.625,7.875,8.125,8.375,8.625,8.875,9.125,9.375,9.625,9.875,10.125,10.375,10.625,10.875,11.125,11.375,11.625,11.875,12.125,12.375,12.625,12.875,13.125,13.375,13.625,13.875],"mean":[0.03200807515113043,0.03257822817617231,0.0325771501836923,0.030942306834039663,0.027820042840951492,0.024432249422088267,0.021959937948569666,0.02070808359871852,0.020239637250060116,0.020020943199881538,0.01981231365426097,0.01961382832566064,0.019475246320868063,0.019393284562328927,0.019278966434674583,0.018989934126301865,0.018436141579105933,0.017655213595802504,0.016771399458434352,0.01590070137657875,0.015098808192043858,0.014366431889829133,0.013680616142449394,0.013028609219273603,0.012422628393384299,0.011867612660747245,0.011312348599162053,0.010676552183283351,0.009964882060953315,0.00934030360646788,0.009039354165438777,0.009190665981790065,0.009701887431703835,0.010307848523230722,0.01073226523569125,0.010846435847008791,0.010720942145386122,0.01054746717451499,0.010502978411097555,0.010656428114920556,0.01096156999734398,0.01132855283654763,0.011719981592443536,0.012182085050254823,0.01277070002989501,0.013455900339309946,0.014124764223654176,0.014694775800355797,0.01521987050224685,0.015838460090384185,0.016567556359165157,0.017172637072535572,0.01732203078909961,0.016906180483605423,0.016179930020833892,0.015562617872957641,0.01531003887164474,0.015395647349692296,0.01566551401419863,0.01601477062973551,0.01637261883000403,0.016615047226393845],"std":[0.12158228464061191,0.12110903699262884,0.11841672064459205,0.11213735600859696,0.10319680573609326,0.09437668007480583,0.08806217466955796,0.084671979427656,0.0831017133482823,0.0821479881171098,0.08129900461723892,0.08057135097092699,0.08009717126384525,0.07990305702129993,0.07980221115526723,0.07942531330056651,0.07845628396425036,0.07684610253692532,0.07477635360593092,0.0724969535846174,0.0702376692994256,0.06815183663588723,0.06621942155439813,0.0642720575009195,0.062178324067933076,0.059901698889518816,0.057355762779405114,0.054450656528568446,0.05142034180317482,0.04899839283239156,0.04807713694708573,0.04906420090900689,0.05145792045086138,0.054025916506898766,0.05552700976816022,0.055515510747603275,0.05462955832838314,0.05410033042824578,0.05483457523994961,0.05680927561355537,0.05921702750736841,0.061191814894013596,0.06250421560970429,0.0636681153318054,0.0654322301105482,0.06818774815842552,0.07175135458325538,0.07560132715949311,0.07933512566534849,0.08285382971812894,0.08594894422616604,0.08785395403105797,0.08765660689275735,0.08534332962512786,0.08221561442457574,0.08003500529764937,0.07975270197292533,0.08110853600511168,0.0833152673266114,0.08581220819892006,0.08817750495922995,0.08971032005305218],"n_station_days":1023,"lower":[-0.08957420948948147,-0.08853080881645653,-0.08583957046089975,-0.0811950491745573,-0.07537676289514177,-0.06994443065271756,-0.06610223672098829,-0.06396389582893748,-0.06286207609822218,-0.06212704491722826,-0.06148669096297795,-0.060957522645266354,-0.06062192494297718,-0.060509772458971,-0.060523244720592645,-0.06043537917426465,-0.06002014238514443,-0.059190888941122816,-0.05800495414749657,-0.05659625220803865,-0.05513886110738174,-0.05378540474605809,-0.05253880541194873,-0.05124344828164589,-0.04975569567454878,-0.048034086228771575,-0.04604341418024306,-0.04377410434528509,-0.04145545974222151,-0.039658089225923676,-0.03903778278164695,-0.039873534927216826,-0.04175603301915755,-0.04371806798366804,-0.04479474453246897,-0.044669074900594484,-0.04390861618299702,-0.04355286325373079,-0.04433159682885206,-0.04615284749863482,-0.04825545751002443,-0.04986326205746597,-0.05078423401726075,-0.05148603028155058,-0.05266153008065319,-0.05473184781911557,-0.0576265903596012,-0.06090655135913731,-0.06411525516310164,-0.06701536962774475,-0.06938138786700089,-0.0706813169585224,-0.07033457610365774,-0.06843714914152244,-0.06603568440374186,-0.06447238742469173,-0.06444266310128059,-0.06571288865541938,-0.06764975331241277,-0.06979743756918455,-0.07180488612922592,-0.07309527282665834],"upper":[0.15359035979174235,0.15368726516880116,0.15099387082828436,0.14307966284263662,0.13101684857704476,0.1188089294968941,0.11002211261812762,0.10538006302637452,0.10334135059834242,0.10216893131699134,0.10111131827149988,0.10018517929658763,0.0995724175847133,0.09929634158362886,0.09908117758994181,0.09841524742686839,0.0968924255433563,0.09450131613272783,0.09154775306436527,0.08839765496119614,0.08533647749146946,0.08251826852571637,0.07990003769684752,0.07730066672019309,0.07460095246131737,0.07176931155026606,0.06866811137856717,0.06512720871185179,0.06138522386412813,0.058338696438859444,0.05711649111252451,0.05825486689079696,0.06115980788256521,0.06433376503012948,0.06625927500385147,0.06636194659461206,0.06535050047376927,0.06464779760276076,0.06533755365104717,0.06746570372847593,0.07017859750471239,0.07252036773056122,0.07422419720214782,0.07585020038206022,0.07820293014044322,0.08164364849773546,0.08587611880690955,0.09029610295984891,0.09455499616759534,0.09869228980851312,0.1025165005853312,0.10502659110359355,0.10497863768185696,0.10224951010873329,0.09839554444540963,0.09559762317060701,0.09506274084457007,0.09650418335480399,0.09898078134081004,0.10182697882865557,0.10455012378923398,0.10632536727944603]}