{"bin_centers_hours":[-1.375,-1.125,-0.875,-0.625,-0.375,-0.125,0.125,0.375,0.625,0.875,1.125,1.375,1.625,1.875,2.125,2.375,2.625,2.875,3.125,3.375,3.625,3.875,4.125,4.375,4.625,4.875,5.125,5.375,5.625,5.875,6.125,6.375,6.625,6.875,7.125,7.375,7.625,7.875,8.125,8.375,8.625,8.875,9.125,9.375,9.625,9.875,10.125,10.375,10.625,10.875,11.125,11.375,11.625,11.875,12.125,12.375,12.625,12.875,13.125,13.375,13.625,13.875],"mean":[0.0005348632218190095,0.0008023570278711289,0.00138435814794331,0.0023792922673867467,0.003917652587753864,0.006086545092632983,0.008822054348962646,0.011870832609008262,0.014885449288428249,0.017577239037847067,0.019786035128843603,0.021439478592617574,0.022526771432038704,0.02315099588466542,0.023553401355829052,0.02400239292398346,0.024632748893680122,0.025406863515208745,0.026198795447210207,0.026837162269128842,0.02708285421075134,0.02672326148937125,0.025773669184459894,0.024509365537495796,0.023225633383776242,0.02203382317942291,0.02097735922838905,0.020263631302630418,0.020192554083093235,0.020810415777587746,0.02176153379483709,0.02254979268167159,0.02289053830190066,0.022782743052255326,0.022350906841196172,0.02171125398915819,0.020943998642394074,0.020105128979452193,0.01924546856627229,0.018429940964939846,0.01770363484425311,0.017019584051827363,0.016247452059621005,0.015288791092713975,0.01418173220136634,0.01311613494197492,0.012355417830303915,0.012069170326488653,0.012163909200676727,0.012281408137220775,0.012031126970302952,0.011277531479798838,0.010209326086333199,0.009141602503601541,0.008291459924216572,0.007732181433685198,0.007480458358702516,0.007549918650834788,0.007891782170642746,0.008332010987086084,0.008664375190827023,0.008811829293607392],"std":[0.005408159748750063,0.00684173674311945,0.009739291602548529,0.014059833290539097,0.01959647156320979,0.02598798737723733,0.03284060771659103,0.03981975133416726,0.04655796848466785,0.052522607772687004,0.057116983125585524,0.05997971156457501,0.061301197104522254,0.06196917178316215,0.0632528866596712,0.06596484199094556,0.06976268455198766,0.07345800540879123,0.07611181892343033,0.07756836933617715,0.0778422150567863,0.07658910222784483,0.07362723738997894,0.0695669927488872,0.06533865712450725,0.061359333098145404,0.05778412276585006,0.05539999641928567,0.05544073466888343,0.05822040288629474,0.062402446971729475,0.06597101943701753,0.06777578159744158,0.06799232795243187,0.06744585946324522,0.06685058541042228,0.06649147748592012,0.06621792347347223,0.06562120840429762,0.06433325931220074,0.06220356377099611,0.05930021623304451,0.055959040439350044,0.0527912957288146,0.05043075845494492,0.04931684565146341,0.049718957884739436,0.051556277582001174,0.053939895972428695,0.05522611177748211,0.054011091244786376,0.05022144819415486,0.0450662722403128,0.03997085863617524,0.03587108326315218,0.03343105953813133,0.03334143570367047,0.03597714258267382,0.040676646748015806,0.04563522873287749,0.04907465073025741,0.050546952666693644],"n_station_days":412,"lower":[-0.0048732965269310535,-0.006039379715248321,-0.00835493345460522,-0.01168054102315235,-0.015678818975455925,-0.019901442284604345,-0.024018553367628384,-0.027948918725158995,-0.031672519196239604,-0.034945368734839936,-0.03733094799674192,-0.03854023297195744,-0.03877442567248355,-0.03881817589849673,-0.03969948530384215,-0.0419624490669621,-0.04512993565830753,-0.048051141893582484,-0.04991302347622012,-0.05073120706704831,-0.05075936084603497,-0.04986584073847358,-0.047853568205519045,-0.0450576272113914,-0.042113023740731004,-0.039325509918722495,-0.036806763537461006,-0.03513636511665525,-0.0352481805857902,-0.037409987108706994,-0.04064091317689238,-0.04342122675534593,-0.044885243295540916,-0.04520958490017655,-0.045094952622049045,-0.0451393314212641,-0.04554747884352604,-0.04611279449402004,-0.04637573983802533,-0.0459033183472609,-0.044499928926742996,-0.04228063218121715,-0.03971158837972904,-0.03750250463610062,-0.03624902625357858,-0.03620071070948849,-0.03736354005443552,-0.03948710725551252,-0.04177598677175197,-0.04294470364026133,-0.041979964274483424,-0.03894391671435602,-0.03485694615397961,-0.0308292561325737,-0.027579623338935606,-0.025698878104446134,-0.025860977344967957,-0.028427223931839034,-0.03278486457737306,-0.0373032177457914,-0.040410275539430385,-0.041735123373086255],"upper":[0.005943022970569072,0.007644093770990579,0.011123649750491838,0.016439125557925843,0.023514124150963652,0.03207453246987031,0.04166266206555368,0.05169058394317552,0.0614434177730961,0.07009984681053408,0.07690301825442913,0.08141919015719258,0.08382796853656097,0.08512016766782757,0.08680628801550025,0.08996723491492901,0.09439543344566778,0.09886486892399998,0.10231061437064054,0.104405531605306,0.10492506926753764,0.10331236371721608,0.09940090657443883,0.094076358286383,0.08856429050828349,0.08339315627756831,0.0787614819942391,0.0756636277219161,0.07563328875197667,0.0790308186638825,0.08416398076656656,0.08852081211868912,0.09066631989934223,0.09077507100468721,0.08979676630444139,0.08856183939958047,0.08743547612831419,0.08632305245292443,0.08486667697056992,0.08276320027714058,0.07990719861524923,0.07631980028487187,0.07220649249897104,0.06808008682152858,0.06461249065631126,0.062432980593438325,0.06207437571504335,0.06362544790848983,0.06610380517310542,0.06750751991470288,0.06604221821508932,0.0614989796739537,0.055275598326646,0.049112461139776784,0.04416254318736875,0.04116324097181653,0.040821894062372986,0.04352706123350861,0.04856842891865855,0.053967239719963575,0.05773902592108443,0.05935878196030103]}