{"bin_centers_hours":[-1.375,-1.125,-0.875,-0.625,-0.375,-0.125,0.125,0.375,0.625,0.875,1.125,1.375,1.625,1.875,2.125,2.375,2.625,2.875,3.125,3.375,3.625,3.875,4.125,4.375,4.625,4.875,5.125,5.375,5.625,5.875,6.125,6.375,6.625,6.875,7.125,7.375,7.625,7.875,8.125,8.375,8.625,8.875,9.125,9.375,9.625,9.875,10.125,10.375,10.625,10.875,11.125,11.375,11.625,11.875,12.125,12.375,12.625,12.875,13.125,13.375,13.625,13.875],"mean":[0.001715094673779214,0.003153536238373223,0.006213409691609483,0.010837500867378773,0.016352022278560065,0.021629966915825114,0.025718775896611215,0.028320548071679948,0.029717129556524016,0.030358662349701047,0.030555057142973827,0.03043735609354619,0.030063128296197342,0.029497472866429827,0.028816938943722517,0.02808226198271168,0.027326245141379775,0.02655539223745901,0.025760448003521712,0.024943714195315096,0.024140600466370666,0.023397424240660745,0.02272305378531907,0.022076166811528235,0.021406406734533704,0.02070290017143772,0.02000553502520128,0.01937213274534007,0.01882658549452637,0.01833683350079782,0.017849186019267792,0.01734183735924452,0.016838983821877464,0.016382341285815224,0.01599803937783805,0.015676654067332187,0.015368159832989045,0.015002364221220482,0.01452935516853443,0.013945290760601258,0.013284850871196897,0.012599068950354104,0.011939346213437537,0.011344075647740159,0.01082403758428917,0.010358997040257273,0.009913600236900957,0.009458982128288067,0.008980923864177821,0.008472813611363731,0.007929208036419347,0.007353481856226482,0.006770926827499856,0.006225722353883822,0.005759669128390671,0.005390298708963455,0.005102929102427824,0.004861559228125355,0.004635248384238651,0.004421763086177005,0.004248104082208143,0.004149880723695481],"std":[0.013080446639560936,0.01833366723337064,0.02871231328537662,0.042897062702794746,0.05792044269981518,0.07046993467078776,0.07884051943643057,0.08349659991656139,0.08592910892010992,0.08730735608002677,0.08806331412976307,0.08822335371813175,0.08781093086998319,0.08699106229715893,0.0860039662630616,0.08503845805520102,0.08415232851912964,0.08326942844714735,0.08225298259304278,0.08102202634177381,0.07962978078181816,0.07823254271026676,0.07696255639759535,0.07580949410151831,0.07463250661612303,0.07331289485048387,0.07189969812322054,0.0705734655789852,0.06945364566973566,0.06848054691384733,0.06750435075936291,0.0664542472410184,0.06540033139003536,0.0644827838874958,0.06379259289366378,0.06327661811254233,0.06273395298407215,0.06193922845904198,0.060800389738815255,0.05939166835385569,0.05784916417154485,0.05627895761667302,0.054763233997757,0.05337553554028415,0.0521379364020471,0.05098927107409162,0.04982461636112552,0.04856045727668442,0.04716345130481048,0.04563472718436552,0.04397658091493724,0.04219035285812096,0.04032345640062628,0.03850387418336707,0.036902906485989664,0.03564405492305285,0.034722340976084044,0.03401128230203215,0.03338488798380435,0.03283485722161866,0.03243999687837031,0.032247470134420926],"n_station_days":22990,"lower":[-0.011365351965781723,-0.015180130994997418,-0.02249890359376714,-0.03205956183541597,-0.041568420421255116,-0.048839967754962646,-0.053121743539819355,-0.05517605184488144,-0.05621197936358591,-0.05694869373032572,-0.05750825698678924,-0.05778599762458556,-0.05774780257378585,-0.0574935894307291,-0.057187027319339084,-0.05695619607248934,-0.056826083377749866,-0.056714036209688345,-0.05649253458952107,-0.05607831214645872,-0.0554891803154475,-0.05483511846960602,-0.05423950261227628,-0.05373332728999008,-0.05322609988158933,-0.052609994679046146,-0.051894163098019266,-0.05120133283364513,-0.05062706017520929,-0.05014371341304952,-0.04965516474009512,-0.04911240988177387,-0.048561347568157893,-0.048100442601680574,-0.047794553515825726,-0.04759996404521014,-0.04736579315108311,-0.04693686423782149,-0.046271034570280825,-0.04544637759325443,-0.04456431330034795,-0.04367988866631892,-0.04282388778431947,-0.04203145989254399,-0.04131389881775793,-0.040630274033834346,-0.03991101612422456,-0.039101475148396354,-0.038182527440632656,-0.03716191357300179,-0.03604737287851789,-0.034836871001894476,-0.033552529573126426,-0.03227815182948325,-0.031143237357598993,-0.030253756214089395,-0.029619411873656222,-0.0291497230739068,-0.028749639599565703,-0.028413094135441658,-0.02819189279616217,-0.028097589410725446],"upper":[0.01479554131334015,0.021487203471743863,0.0349257229769861,0.05373456357017352,0.07427246497837525,0.09209990158661287,0.10455929533304179,0.11181714798824133,0.11564623847663394,0.11766601842972782,0.11861837127273689,0.11866070981167795,0.11787405916618053,0.11648853516358876,0.11482090520678412,0.11312072003791271,0.11147857366050942,0.10982482068460636,0.1080134305965645,0.1059657405370889,0.10377038124818883,0.1016299669509275,0.09968561018291441,0.09788566091304654,0.09603891335065673,0.09401579502192159,0.09190523314842182,0.08994559832432526,0.08828023116426204,0.08681738041464515,0.0853535367786307,0.08379608460026292,0.08223931521191283,0.08086512517331103,0.07979063227150182,0.07895327217987452,0.0781021128170612,0.07694159268026246,0.07532974490734969,0.07333695911445695,0.07113401504274175,0.06887802656702713,0.06670258021119455,0.06471961118802431,0.06296197398633627,0.06134826811434889,0.05973821659802648,0.058019439404972485,0.0561443751689883,0.054107540795729256,0.051905788951356585,0.04954383471434744,0.04709438322812614,0.04472959653725089,0.04266257561438033,0.0410343536320163,0.03982527007851187,0.038872841530157506,0.038020136368043,0.03725662030779567,0.03668810096057846,0.036397350858116406]}