{"bin_centers_hours":[-1.375,-1.125,-0.875,-0.625,-0.375,-0.125,0.125,0.375,0.625,0.875,1.125,1.375,1.625,1.875,2.125,2.375,2.625,2.875,3.125,3.375,3.625,3.875,4.125,4.375,4.625,4.875,5.125,5.375,5.625,5.875,6.125,6.375,6.625,6.875,7.125,7.375,7.625,7.875,8.125,8.375,8.625,8.875,9.125,9.375,9.625,9.875,10.125,10.375,10.625,10.875,11.125,11.375,11.625,11.875,12.125,12.375,12.625,12.875,13.125,13.375,13.625,13.875],"mean":[0.10497900000496038,0.10116826803982303,0.09045711495715832,0.07196236778222682,0.05006245479527782,0.03126632560931297,0.01927594299321573,0.013611764428236096,0.011696400031314535,0.011177459255397409,0.01079555339828715,0.010242450656336572,0.009747106064284378,0.00965770620518925,0.010136538663482722,0.011014684348123017,0.011824088689160862,0.012015578510100454,0.011297494682441546,0.009829530142226539,0.008063903100541314,0.006466613149893906,0.0053937027792216735,0.0050124492990225025,0.00518119116553219,0.005535716776376616,0.005837516649452112,0.006209667074097318,0.006995238851693944,0.008369985640535756,0.00999932604806815,0.011047439331351576,0.010718746196245759,0.008956014094238846,0.006565526803931412,0.004602026525772048,0.003678176290643122,0.003811430077689879,0.004707606130119081,0.006008272581850275,0.007363895083628735,0.008521234499494592,0.009406048719015079,0.01001832229455313,0.01029469982812775,0.010185531461297335,0.009736940997501132,0.00900764903240825,0.008116366304749927,0.007479807796632087,0.007780259646796738,0.00949053811622782,0.012399791254647276,0.015585651281473155,0.017871914463458045,0.01843697063051001,0.01719612258126793,0.014875831873024041,0.012767464721575585,0.01199201450203871,0.01260208639805093,0.01349248069068866],"std":[0.21641336108389642,0.20812341454295613,0.18914933980923856,0.15930783256921513,0.12398032496884766,0.09202741518603162,0.07034611919675092,0.06019557421267295,0.05782763915403025,0.05792617049170037,0.05703378211727474,0.054945687103998775,0.05351547023404512,0.054311297175020624,0.057384530270840756,0.06155718126800159,0.06492497992959603,0.06516688135540931,0.06064427726928666,0.05190549055797713,0.04159203976178586,0.032732778883929885,0.027328250571610285,0.02584544917418594,0.027171141815364595,0.029413913934865466,0.03151260289476677,0.03408175574499972,0.03861577827937204,0.045819641239116075,0.05417128719125961,0.059792127434454334,0.058674710054258575,0.050095630425051677,0.03774911162686792,0.027069859685048138,0.02164595547895924,0.02212012739540568,0.027349486401394025,0.035380863251208955,0.04368794444472809,0.04995858269299461,0.0532618482005317,0.054002690299636814,0.05291311369955599,0.05065587758279698,0.04788051241312819,0.045021336962207656,0.042559423032635914,0.04182339082361674,0.044702071304810936,0.051946138491474156,0.061934873955824074,0.07113234611894162,0.07585504280431841,0.07426589675208166,0.06741651827364067,0.058829727736736795,0.05288476783828229,0.05230927871572006,0.05606416470721711,0.05989471232147665],"n_station_days":64,"lower":[-0.11143436107893603,-0.1069551465031331,-0.09869222485208025,-0.0873454647869883,-0.07391787017356984,-0.06076108957671865,-0.05107017620353519,-0.04658380978443685,-0.04613123912271571,-0.04674871123630296,-0.046238228718987584,-0.044703236447662206,-0.04376836416976074,-0.044653590969831375,-0.047247991607358035,-0.05054249691987857,-0.05310089124043517,-0.053151302845308855,-0.04934678258684511,-0.04207596041575059,-0.033528136661244545,-0.02626616573403598,-0.021934547792388612,-0.020832999875163436,-0.021989950649832404,-0.02387819715848885,-0.025675086245314657,-0.027872088670902403,-0.0316205394276781,-0.03744965559858032,-0.04417196114319146,-0.04874468810310276,-0.04795596385801282,-0.04113961633081283,-0.031183584822936507,-0.022467833159276092,-0.017967779188316116,-0.0183086973177158,-0.022641880271274943,-0.02937259066935868,-0.036324049361099356,-0.041437348193500013,-0.043855799481516626,-0.043984368005083686,-0.042618413871428236,-0.04047034612149965,-0.03814357141562706,-0.03601368792979941,-0.03444305672788599,-0.034343583026984655,-0.0369218116580142,-0.04245560037524634,-0.0495350827011768,-0.05554669483746846,-0.05798312834086037,-0.05582892612157165,-0.050220395692372743,-0.043953895863712754,-0.04011730311670671,-0.04031726421368135,-0.04346207830916618,-0.046402231630787986],"upper":[0.3213923610888568,0.30929168258277917,0.2796064547663969,0.23127020035144197,0.17404277976412547,0.1232937407953446,0.08962206218996666,0.07380733864090905,0.06952403918534478,0.06910362974709777,0.06782933551556189,0.06518813776033534,0.0632625762983295,0.06396900338020987,0.06752106893432348,0.07257186561612461,0.0767490686187569,0.07718245986550976,0.07194177195172821,0.06173502070020367,0.049655942862327176,0.03919939203382379,0.03272195335083196,0.030857898473208443,0.032352332980896785,0.03494963071124208,0.03735011954421888,0.04029142281909704,0.04561101713106599,0.05418962687965183,0.06417061323932777,0.07083956676580591,0.06939345625050433,0.05905164451929052,0.04431463843079933,0.031671886210820184,0.02532413176960236,0.02593155747309556,0.03205709253151311,0.041389135833059226,0.05105183952835682,0.0584798171924892,0.06266789691954679,0.06402101259418995,0.06320781352768373,0.06084140904409431,0.05761745341062932,0.054028985994615905,0.05067578933738584,0.049303198620248824,0.052482330951607675,0.061436676607701975,0.07433466521047136,0.08671799740041478,0.09372695726777647,0.09270286738259167,0.0846126408549086,0.07370555960976083,0.06565223255985787,0.06430129321775876,0.06866625110526804,0.07338719301216531]}