{"bin_centers_hours":[-1.375,-1.125,-0.875,-0.625,-0.375,-0.125,0.125,0.375,0.625,0.875,1.125,1.375,1.625,1.875,2.125,2.375,2.625,2.875,3.125,3.375,3.625,3.875,4.125,4.375,4.625,4.875,5.125,5.375,5.625,5.875,6.125,6.375,6.625,6.875,7.125,7.375,7.625,7.875,8.125,8.375,8.625,8.875,9.125,9.375,9.625,9.875,10.125,10.375,10.625,10.875,11.125,11.375,11.625,11.875,12.125,12.375,12.625,12.875,13.125,13.375,13.625,13.875],"mean":[0.004309550742036499,0.006441693429612214,0.010417720031565273,0.015692101139875046,0.021528131006036053,0.02710377387269863,0.03169464880021128,0.03488674278338372,0.03667467402261982,0.037352612128989264,0.03727933157747187,0.03670093670093233,0.03575925835127955,0.03456523178518615,0.033156947604480735,0.03144643714459853,0.02936300455812528,0.02706891595109332,0.02492820995467423,0.023264891991423137,0.022237691364563477,0.021872127178393236,0.022023159633573545,0.02227888793209571,0.022071173869572035,0.021034101601844636,0.019294111746804045,0.01740134622749436,0.015951082715236358,0.0152134188436223,0.0150724624677708,0.015249561707423002,0.015523993651435426,0.01578222500449055,0.015960504807522834,0.01598437304750636,0.015757509470702504,0.015206939125968884,0.014353714123627527,0.013321854756871976,0.012263509393841085,0.011279962218136094,0.01039013370664519,0.009538605945321276,0.0086551581375641,0.007734952628215176,0.006839395028600378,0.0060188949598401,0.005277478071351118,0.004614949610139245,0.004045028656748573,0.003553268690807129,0.0030788038671490953,0.0025738947087978973,0.0020707983583835203,0.0016660744690965114,0.001439979195740148,0.001396558607395129,0.0014687981621170983,0.001568010693300554,0.00163638558441455,0.0016643064535833958],"std":[0.02907404367203913,0.03841376225629948,0.05422440938569529,0.07245551578736799,0.08969202365211704,0.10377225195526973,0.11364044414052023,0.11934685972059228,0.12196132011125183,0.12281624308215802,0.12256470716893501,0.1210145994507612,0.11790510982421883,0.11357799304516705,0.10866926978408542,0.10347649371898522,0.09805905287665581,0.09273711964274353,0.08804666747193306,0.08438014942657576,0.08206701588190327,0.08151132271624632,0.08262568943112453,0.08411100284717123,0.083849123957577,0.0804359740872484,0.07440320798477815,0.06790375653409288,0.06314638853842565,0.060983445473696246,0.06082982984978235,0.061642654882450784,0.06275246981686716,0.0639290065832304,0.06500572744148955,0.06560272187415833,0.06523971555687838,0.06370587862030644,0.061354958086086334,0.05898599282945385,0.05728309205753473,0.056267842903670526,0.055297672833937626,0.05368918781101862,0.05140786871684228,0.04897241257721222,0.04659084097932751,0.04377411709259995,0.04011033457128571,0.03608982427765742,0.03268844413681057,0.030215375757678135,0.02794218551964313,0.02501310078914735,0.021551609503893635,0.018720648751259294,0.017766972685484102,0.019097680845732393,0.022124507763431264,0.02572537073992755,0.028798097635820096,0.030544057617648047],"n_station_days":580,"lower":[-0.02476449293000263,-0.03197206882668727,-0.04380668935413001,-0.056763414647492946,-0.06816389264608098,-0.0766684780825711,-0.08194579534030895,-0.08446011693720856,-0.08528664608863201,-0.08546363095316875,-0.08528537559146315,-0.08431366274982888,-0.08214585147293928,-0.07901276125998091,-0.07551232217960469,-0.07203005657438669,-0.06869604831853053,-0.06566820369165022,-0.06311845751725884,-0.06111525743515263,-0.059829324517339785,-0.05963919553785309,-0.060602529797550986,-0.061832114915075516,-0.06177795008800496,-0.05940187248540376,-0.0551090962379741,-0.050502410306598515,-0.04719530582318929,-0.04577002663007394,-0.045757367382011555,-0.04639309317502778,-0.047228476165431736,-0.048146781578739854,-0.04904522263396672,-0.049618348826651976,-0.04948220608617587,-0.048498939494337555,-0.047001243962458805,-0.04566413807258187,-0.045019582663693644,-0.04498788068553443,-0.04490753912729244,-0.04415058186569734,-0.04275271057927818,-0.041237459948997045,-0.03975144595072713,-0.03775522213275985,-0.03483285649993459,-0.03147487466751817,-0.028643415480061996,-0.026662107066871006,-0.024863381652494035,-0.022439206080349453,-0.019480811145510115,-0.017054574282162782,-0.016326993489743955,-0.017701122238337263,-0.020655709601314166,-0.024157360046626997,-0.027161712051405548,-0.02887975116406465],"upper":[0.03338359441407563,0.04485545568591169,0.06464212941726057,0.08814761692724303,0.11122015465815309,0.13087602582796837,0.1453350929407315,0.154233602503976,0.15863599413387164,0.1601688552111473,0.15984403874640687,0.15771553615169354,0.1536643681754984,0.1481432248303532,0.14182621738856616,0.13492293086358376,0.12742205743478108,0.11980603559383685,0.11297487742660728,0.1076450414179989,0.10430470724646675,0.10338344989463956,0.10464884906469807,0.10638989077926694,0.10592029782714904,0.10147007568909303,0.09369731973158218,0.08530510276158723,0.07909747125366201,0.07619686431731855,0.07590229231755315,0.07689221658987379,0.07827646346830258,0.07971123158772095,0.0809662322490124,0.08158709492166469,0.08099722502758089,0.07891281774627532,0.07570867220971386,0.07230784758632583,0.06954660145137581,0.06754780512180662,0.06568780654058282,0.0632277937563399,0.060063026854406384,0.0567073652054274,0.053430236007927887,0.04979301205244005,0.04538781264263683,0.04070477388779666,0.03673347279355914,0.03376864444848526,0.031020989386792222,0.02758699549794525,0.023622407862277154,0.020386723220355805,0.01920695188122425,0.020494239453127523,0.023593305925548362,0.027293381433228105,0.030434483220234645,0.03220836407123144]}