{"bin_centers_hours":[-1.375,-1.125,-0.875,-0.625,-0.375,-0.125,0.125,0.375,0.625,0.875,1.125,1.375,1.625,1.875,2.125,2.375,2.625,2.875,3.125,3.375,3.625,3.875,4.125,4.375,4.625,4.875,5.125,5.375,5.625,5.875,6.125,6.375,6.625,6.875,7.125,7.375,7.625,7.875,8.125,8.375,8.625,8.875,9.125,9.375,9.625,9.875,10.125,10.375,10.625,10.875,11.125,11.375,11.625,11.875,12.125,12.375,12.625,12.875,13.125,13.375,13.625,13.875],"mean":[0.015352220747168086,0.015794236378653966,0.016436255623194684,0.017325402775586484,0.01884121738880156,0.020956953515889564,0.022826932508298967,0.02348856415001824,0.02282052192913679,0.02165304912303937,0.021132110282169214,0.021991541224954485,0.02403065954696579,0.026038762593516524,0.026489459238014997,0.024709461494002553,0.0215646194069969,0.018954167724169173,0.018423433335999398,0.02003498002872319,0.02252625748935507,0.024571832986265564,0.02571691672852065,0.026081416166436205,0.025740564705058942,0.024843352286037568,0.02385381179893751,0.02308086285440155,0.02227311560074519,0.021186442400481717,0.020274504968389187,0.020298930174065425,0.021343302637856314,0.02254444364278623,0.022809738690928283,0.021711746159533918,0.019721959784527558,0.01767433787764672,0.016057527501560146,0.014745029602159048,0.013291176208102369,0.011456316283725848,0.00943028260878962,0.007571004916400166,0.00608315704925455,0.004998900066066947,0.0042995257326306465,0.003934991636542536,0.0037914850233491284,0.0037399279063300597,0.003705576632407991,0.0036878662890187036,0.003769885735154193,0.004118472999939588,0.004897023101893861,0.006102697961253186,0.007450312054215284,0.008458192264653787,0.008783267481862986,0.008527903848405663,0.008114340259511703,0.007867050869498508],"std":[0.06981456557053921,0.07071681448164441,0.07230085230473804,0.07551419897221928,0.08192502161074397,0.09096670451837609,0.09918060060332554,0.10322350280188088,0.10277555512776505,0.10024097674418622,0.09865206463978014,0.0999205392462344,0.10377240100615555,0.1075017197505855,0.10729897087834873,0.100996373868623,0.09042506814863742,0.08100350057421153,0.0780887927926727,0.08287588153115087,0.09182081334653985,0.1002286476221155,0.10570083422831214,0.1078221376199058,0.10633430616229012,0.10147608700198137,0.09506662877300737,0.08932616365812707,0.08514049227992397,0.08272536605432254,0.08303948470043608,0.08699080756558297,0.09354853957127429,0.09953926954220721,0.10147040181006421,0.09800226997807407,0.09118026454899064,0.08494410403526192,0.08174549413479393,0.08045547435937264,0.0777975651490121,0.07172409223892166,0.06285996510145907,0.052953223097913366,0.04333229759651808,0.035125778650206184,0.029553482789145404,0.027130290984722832,0.027074230941030696,0.027958027112486777,0.028639273505722877,0.028622117647542675,0.028241402340927292,0.028755049195919476,0.031662201024608407,0.03740175322936544,0.044541783946499554,0.050429544279593466,0.05320380745357917,0.053366223364113646,0.052836214547757054,0.05265994116913825],"n_station_days":95,"lower":[-0.054462344823371124,-0.05492257810299044,-0.05586459668154335,-0.058188796196632794,-0.0630838042219424,-0.07000975100248652,-0.07635366809502657,-0.07973493865186264,-0.07995503319862826,-0.07858792762114686,-0.07751995435761093,-0.07792899802127991,-0.07974174145918976,-0.08146295715706899,-0.08080951164033373,-0.07628691237462044,-0.06886044874164052,-0.062049332850042355,-0.0596653594566733,-0.06284090150242769,-0.06929455585718478,-0.07565681463584994,-0.07998391749979149,-0.0817407214534696,-0.08059374145723117,-0.0766327347159438,-0.07121281697406986,-0.06624530080372551,-0.06286737667917879,-0.061538923653840824,-0.0627649797320469,-0.06669187739151755,-0.07220523693341797,-0.07699482589942097,-0.07866066311913593,-0.07629052381854015,-0.07145830476446308,-0.06726976615761521,-0.06568796663323379,-0.06571044475721359,-0.06450638894090972,-0.060267775955195814,-0.053429682492669446,-0.0453822181815132,-0.037249140547263526,-0.030126878584139236,-0.02525395705651476,-0.023195299348180296,-0.023282745917681567,-0.024218099206156717,-0.024933696873314884,-0.024934251358523972,-0.0244715166057731,-0.02463657619597989,-0.026765177922714545,-0.031299055268112254,-0.03709147189228427,-0.04197135201493968,-0.04442053997171619,-0.044838319515707985,-0.04472187428824535,-0.04479289029963974],"upper":[0.0851667863177073,0.08651105086029837,0.08873710792793273,0.09283960174780577,0.10076623899954554,0.11192365803426566,0.1220075331116245,0.12671206695189913,0.12559607705690184,0.12189402586722559,0.11978417492194936,0.12191208047118889,0.12780306055312135,0.13354048234410204,0.13378843011636374,0.12570583536262556,0.11198968755563432,0.09995766829838071,0.0965122261286721,0.10291086155987406,0.11434707083589493,0.12480048060838106,0.13141775095683278,0.133903553786342,0.13207487086734906,0.12631943928801892,0.11892044057194487,0.11240702651252862,0.10741360788066916,0.10391180845480426,0.10331398966882527,0.1072897377396484,0.11489184220913061,0.12208371318499345,0.1242801405009925,0.11971401613760799,0.1109022243335182,0.10261844191290864,0.09780302163635407,0.0952005039615317,0.09108874135711446,0.0831804085226475,0.07229024771024868,0.06052422801431353,0.04941545464577263,0.04012467871627313,0.03385300852177605,0.03106528262126537,0.030865715964379824,0.03169795501881684,0.03234485013813087,0.03230998393656138,0.03201128807608149,0.03287352219585907,0.03655922412650227,0.043504451190618625,0.05199209600071484,0.058887736544247254,0.06198707493544216,0.06189412721251931,0.060950554807268756,0.060526992038636755]}