{"bin_centers_hours":[-1.375,-1.125,-0.875,-0.625,-0.375,-0.125,0.125,0.375,0.625,0.875,1.125,1.375,1.625,1.875,2.125,2.375,2.625,2.875,3.125,3.375,3.625,3.875,4.125,4.375,4.625,4.875,5.125,5.375,5.625,5.875,6.125,6.375,6.625,6.875,7.125,7.375,7.625,7.875,8.125,8.375,8.625,8.875,9.125,9.375,9.625,9.875,10.125,10.375,10.625,10.875,11.125,11.375,11.625,11.875,12.125,12.375,12.625,12.875,13.125,13.375,13.625,13.875],"mean":[0.001142912622016963,0.001564639368053864,0.0027118974162681836,0.005056212636086791,0.008911669757083318,0.014053391301474063,0.019633508201056426,0.024575137106650973,0.02814181617349216,0.030202688310909758,0.031068511789455727,0.0311635995761447,0.03080991500081292,0.030187713883981615,0.029388919806256932,0.028470259078506494,0.027474365066098086,0.026437523300823298,0.025396758364570674,0.02439021084407896,0.023452743263069828,0.022611019988277137,0.021871940657040644,0.021211513747489766,0.020587817251497696,0.01997466354644417,0.019378581977063488,0.018822205319136646,0.018321337581516137,0.017881497109851614,0.017505129783617273,0.01719428997372984,0.016943411161647038,0.016724523781969324,0.01647944398924959,0.01614489181034279,0.01570623434773144,0.015220851099732507,0.01476747733242124,0.014373797343350887,0.014013166897629967,0.013667916109298722,0.013365753175254024,0.013140491961145521,0.012969860232597588,0.01276600793042925,0.012430748167255442,0.01192023918594929,0.01126446723991834,0.010538967870446987,0.009819203290396428,0.009148229383060999,0.008536539152986593,0.007988090746608023,0.00751759868897197,0.007135480461536076,0.00682665170105175,0.006561168023504728,0.0063260820686026325,0.006136698311323233,0.006013661700686551,0.005957957032344677],"std":[0.01305315820321932,0.014754382163986168,0.019197446929329693,0.02766945496602194,0.04039126129561686,0.05563407250472419,0.07030003032883415,0.08167289873999466,0.08876826968506103,0.09225624954717034,0.09344749399177885,0.09339715530255556,0.09262637633108896,0.09132421233197523,0.08964066639972632,0.08778167128654413,0.08590875964445091,0.08405259716041905,0.08215891718937664,0.08019172084626464,0.07818321821313574,0.07621679674569228,0.0743805758556266,0.07272883769771163,0.0712753958565932,0.07000375148639892,0.06886491074604156,0.06777877593593014,0.06667606188387411,0.06555572817340165,0.06449325460876779,0.06360421940608603,0.06298693063867385,0.06264082442251094,0.062409298750345545,0.062061391605479126,0.06149998385094168,0.060853291843058564,0.060279831570945935,0.05973243640019772,0.0590489904476262,0.0582557263391182,0.057624577511374044,0.0573814633056896,0.05742875715078952,0.057373167070758714,0.0567892436845013,0.05547102322185655,0.053513082350730476,0.05121873085653211,0.0489187898399519,0.04682119878387442,0.04499918740995027,0.04350288455749078,0.042420651187919725,0.041777730019399856,0.04143364858118022,0.04118202369688416,0.04095295330331742,0.04084416438749622,0.04092231666759176,0.04105873047034531],"n_station_days":13588,"lower":[-0.011910245581202357,-0.013189742795932304,-0.01648554951306151,-0.022613242329935147,-0.031479591538533545,-0.04158068120325013,-0.050666522127777724,-0.05709776163334368,-0.06062645351156887,-0.062053561236260574,-0.062378982202323116,-0.06223355572641086,-0.06181646133027604,-0.06113649844799361,-0.06025174659346938,-0.05931141220803764,-0.058434394578352825,-0.057615073859595745,-0.05676215882480597,-0.05580151000218568,-0.054730474950065916,-0.05360577675741514,-0.05250863519858596,-0.05151732395022186,-0.05068757860509551,-0.05002908793995475,-0.04948632876897807,-0.048956570616793496,-0.048354724302357974,-0.04767423106355004,-0.04698812482515051,-0.04640992943235619,-0.04604351947702681,-0.04591630064054161,-0.045929854761095956,-0.04591649979513633,-0.04579374950321024,-0.04563244074332606,-0.0455123542385247,-0.04535863905684684,-0.04503582354999623,-0.044587810229819475,-0.04425882433612002,-0.04424097134454408,-0.04445889691819193,-0.044607159140329464,-0.044358495517245855,-0.04355078403590726,-0.042248615110812134,-0.040679762986085125,-0.03909958654955547,-0.03767296940081342,-0.03646264825696368,-0.03551479381088276,-0.034903052498947755,-0.03464224955786378,-0.03460699688012847,-0.034620855673379435,-0.034626871234714786,-0.034707466076172984,-0.034908654966905206,-0.03510077343800064],"upper":[0.014196070825236284,0.016319021532040033,0.021909344345597877,0.03272566760210873,0.04930293105270018,0.06968746380619825,0.08993353852989058,0.10624803584664563,0.1169100858585532,0.1224589378580801,0.12451600578123458,0.12456075487870026,0.12343629133190187,0.12151192621595684,0.11902958620598325,0.11625193036505062,0.113383124710549,0.11049012046124235,0.10755567555394731,0.10458193169034359,0.10163596147620557,0.09882781673396941,0.09625251651266725,0.0939403514452014,0.0918632131080909,0.0899784150328431,0.08824349272310505,0.08660098125506678,0.08499739946539024,0.08343722528325326,0.08199838439238506,0.08079850937981586,0.07993034180032088,0.07936534820448027,0.07888874273959513,0.07820628341582192,0.07720621819867313,0.07607414294279108,0.07504730890336718,0.0741062337435486,0.07306215734525617,0.07192364244841692,0.07099033068662806,0.07052195526683512,0.07039861738338711,0.07013917500118796,0.06921999185175674,0.06739126240780584,0.06477754959064881,0.0617576987269791,0.058737993130348325,0.05596942816693542,0.05353572656293686,0.0514909753040988,0.049938249876891695,0.04891321048093593,0.048260300282231966,0.047743191720388885,0.047279035371920054,0.04698086269881945,0.046935978368278314,0.04701668750268999]}