{"bin_centers_hours":[-1.375,-1.125,-0.875,-0.625,-0.375,-0.125,0.125,0.375,0.625,0.875,1.125,1.375,1.625,1.875,2.125,2.375,2.625,2.875,3.125,3.375,3.625,3.875,4.125,4.375,4.625,4.875,5.125,5.375,5.625,5.875,6.125,6.375,6.625,6.875,7.125,7.375,7.625,7.875,8.125,8.375,8.625,8.875,9.125,9.375,9.625,9.875,10.125,10.375,10.625,10.875,11.125,11.375,11.625,11.875,12.125,12.375,12.625,12.875,13.125,13.375,13.625,13.875],"mean":[0.00870809378576193,0.008737809548998393,0.008644832316758243,0.008405449230927745,0.008254503306303253,0.008484819478801997,0.009194348616636957,0.0102491645098915,0.01142895353763297,0.012569866293637847,0.013579267945079404,0.014354423096127972,0.014755060292412818,0.01469365698059026,0.014224931984876723,0.013522757687693615,0.012798402848204651,0.012249063669283088,0.012019122971729846,0.012148082621633487,0.012564029385324312,0.013143988247954987,0.01375939923927077,0.014281823843139967,0.014628040580077217,0.014838081224213522,0.01505439450421283,0.015377285643265227,0.015761126782105585,0.016077691352793938,0.01626555679875667,0.01639054153775834,0.016567288225857433,0.016853565306775082,0.017231744805668962,0.01765911307519185,0.01809195084760404,0.018462835990899016,0.018689838527703072,0.018761688185240925,0.018803005896343292,0.018989471740029983,0.019363600166738985,0.019766434677636738,0.01997461284114464,0.01988678743205203,0.019589043355733995,0.01929487922493394,0.01921978877560264,0.01944433005679555,0.01987125964250622,0.020326554264437743,0.02068289561551663,0.020887143880860954,0.020941317539137385,0.020920706444398883,0.020981788293740387,0.02127333629943317,0.02180407065769029,0.02241696893832911,0.02291043571439322,0.023168973715748366],"std":[0.051599734386290244,0.0517691553264225,0.05145685328669401,0.05036342522012469,0.049072792283542915,0.04852390293894229,0.04926083420889593,0.0512172105296274,0.054033310827871016,0.05746828567402034,0.06136785300654368,0.0652002804592895,0.06793334756919114,0.06862264021794272,0.06703933473140831,0.06372829624170433,0.05972418452546651,0.05624811785789179,0.05430221165585578,0.054224634008009656,0.0556295541323685,0.05779578265449912,0.06001382050659585,0.06168972463722612,0.06252353820364571,0.06276281944467416,0.06304128406712531,0.06376564611122758,0.06471481144824515,0.06531186310186704,0.06524206290215359,0.06477047351136747,0.0645147220646675,0.06496555691358646,0.0661916693651004,0.0678815976385124,0.06955860162473354,0.07077807284136661,0.07130382443110674,0.07132386137458005,0.07149877350493551,0.07253557202319114,0.07451870995736112,0.07673951629769492,0.07823613492735751,0.07845515018432896,0.07755008090188527,0.07633957930223756,0.07591056089962825,0.0769064712065148,0.07907248700275932,0.08154173429439113,0.08346580202811628,0.08435388244073624,0.08413192865041752,0.08323187621684952,0.08257832834641263,0.0831363051965541,0.08521652247466963,0.08820875278997105,0.09100616068898155,0.0926489422465221],"n_station_days":2178,"lower":[-0.042891640600528316,-0.0430313457774241,-0.04281202096993577,-0.04195797598919695,-0.04081828897723966,-0.0400390834601403,-0.04006648559225898,-0.040968046019735894,-0.042604357290238044,-0.04489841938038249,-0.04778858506146428,-0.05084585736316152,-0.05317828727677833,-0.05392898323735246,-0.05281440274653159,-0.05020553855401071,-0.04692578167726186,-0.04399905418860871,-0.04228308868412593,-0.04207655138637617,-0.04306552474704419,-0.04465179440654413,-0.04625442126732508,-0.047407900794086154,-0.0478954976235685,-0.04792473822046063,-0.04798688956291248,-0.048388360467962355,-0.04895368466613956,-0.0492341717490731,-0.04897650610339692,-0.04837993197360913,-0.047947433838810075,-0.048111991606811386,-0.04895992455943144,-0.05022248456332055,-0.0514666507771295,-0.0523152368504676,-0.05261398590340366,-0.052562173189339124,-0.05269576760859222,-0.053546100283161153,-0.05515510979062214,-0.05697308162005818,-0.058261522086212866,-0.05856836275227693,-0.05796103754615127,-0.05704470007730362,-0.05669077212402561,-0.057462141149719245,-0.0592012273602531,-0.06121518002995338,-0.06278290641259965,-0.0634667385598753,-0.06319061111128013,-0.06231116977245064,-0.06159654005267224,-0.06186296889712093,-0.06341245181697934,-0.06579178385164194,-0.06809572497458834,-0.06947996853077373],"upper":[0.06030782817205217,0.06050696487542089,0.060101685603452255,0.05876887445105244,0.05732729558984617,0.05700872241774429,0.058455182825532886,0.0614663750395189,0.06546226436550398,0.07003815196765818,0.07494712095162309,0.07955470355541747,0.08268840786160396,0.08331629719853298,0.08126426671628503,0.07725105392939795,0.07252258737367116,0.06849718152717488,0.06632133462758563,0.06637271662964314,0.06819358351769281,0.07093977090245411,0.07377321974586662,0.07597154848036608,0.07715157878372293,0.07760090066888768,0.07809567857133815,0.0791429317544928,0.08047593823035074,0.08138955445466098,0.08150761970091026,0.08116101504912582,0.08108201029052493,0.08181912222036154,0.08342341417076937,0.08554071071370425,0.08765055247233758,0.08924090883226563,0.08999366295880981,0.09008554955982098,0.0903017794012788,0.09152504376322113,0.09388231012410012,0.09650595097533166,0.09821074776850215,0.09834193761638099,0.09713912425761927,0.0956344585271715,0.09513034967523089,0.09635080126331035,0.09894374664526553,0.10186828855882887,0.10414869764363291,0.1052410263215972,0.10507324618955491,0.10415258266124841,0.10356011664015302,0.10440964149598728,0.10702059313235991,0.11062572172830015,0.11391659640337477,0.11581791596227048]}