{"bin_centers_hours":[-1.375,-1.125,-0.875,-0.625,-0.375,-0.125,0.125,0.375,0.625,0.875,1.125,1.375,1.625,1.875,2.125,2.375,2.625,2.875,3.125,3.375,3.625,3.875,4.125,4.375,4.625,4.875,5.125,5.375,5.625,5.875,6.125,6.375,6.625,6.875,7.125,7.375,7.625,7.875,8.125,8.375,8.625,8.875,9.125,9.375,9.625,9.875,10.125,10.375,10.625,10.875,11.125,11.375,11.625,11.875,12.125,12.375,12.625,12.875,13.125,13.375,13.625,13.875],"mean":[0.013512685329994216,0.018069448572011915,0.02591173085486702,0.034527708123836064,0.040959082509308416,0.04335137814483259,0.041959576312548534,0.03857618886905862,0.035033509866542974,0.03222772315451014,0.030180413034296617,0.028571785867672415,0.027129564572815987,0.025735960752512936,0.024377807731693287,0.02306985472487281,0.021822902039051725,0.020650283205246193,0.01957193933503415,0.018602655366304108,0.01774007158316328,0.016963011422543056,0.016241463936905048,0.015556297052699985,0.014914587831262174,0.014343205208510382,0.01386057846775003,0.01345165995848941,0.013077237003237705,0.012711148468276033,0.012360156642898636,0.012048046476522706,0.01179702987738061,0.011630575309176782,0.011577681057754032,0.011660345472614306,0.011869547502066041,0.012142412351367135,0.012359779346030286,0.012387840693431441,0.012150507570886827,0.011675397621913245,0.011071653947975884,0.01046004449262986,0.009912512058736691,0.009439604979318773,0.009019442860297827,0.008630490164004625,0.008258049587089469,0.007886160377471705,0.007505109815290001,0.007128371109837011,0.006781414611822771,0.006466158572880292,0.006151369464049646,0.005807325589917542,0.005442327196214536,0.005100766804794106,0.004830820757452104,0.004655034897402235,0.004563600692374891,0.004528962798547412],"std":[0.05621094885812705,0.06430860327966736,0.077637269500575,0.09137280041071132,0.10075972344480354,0.10346888383702833,0.10050627274276352,0.09486367468204153,0.08924161750323585,0.08480213699503092,0.08145160492633913,0.07871080599908759,0.07625235170820718,0.07395557218385332,0.07175869745044919,0.06957173859497755,0.06733591899164035,0.06511543214016956,0.06307222298002974,0.061334244770492236,0.059895798328569304,0.05863408102410415,0.05740784777021412,0.056159999081586726,0.05495317994294338,0.05390837432881374,0.05308824190661745,0.0524330691613129,0.05182732317682172,0.051209932358400996,0.05057694659085702,0.04991964589268751,0.04925719187584555,0.04873067435948646,0.04856939397494325,0.04892247035937961,0.049730606950384774,0.05073231384340095,0.051554721157383895,0.05184282920974966,0.05140905972858851,0.050342108001111247,0.04897545005748772,0.04769476576463632,0.04671196059225533,0.04598997374959435,0.04537078519596331,0.044741855107943644,0.04405544563396813,0.04326669072916682,0.042374554572597846,0.041507759079207465,0.04083093272534897,0.040333220923858985,0.039812006473300056,0.03910278437005365,0.0382604873245351,0.03750056025867166,0.03701797650742317,0.03686749251775071,0.036947542567663166,0.03706539334453861],"n_station_days":20469,"lower":[-0.042698263528132836,-0.04623915470765545,-0.05172553864570799,-0.05684509228687525,-0.05980064093549512,-0.06011750569219574,-0.05854669643021499,-0.05628748581298291,-0.05420810763669288,-0.05257441384052078,-0.05127119189204251,-0.05013902013141517,-0.0491227871353912,-0.04821961143134038,-0.0473808897187559,-0.04650188387010474,-0.04551301695258862,-0.044465148934923364,-0.043500283644995585,-0.04273158940418813,-0.04215572674540602,-0.04167106960156109,-0.041166383833309075,-0.04060370202888674,-0.040038592111681204,-0.03956516912030336,-0.03922766343886742,-0.03898140920282349,-0.03875008617358401,-0.03849878389012496,-0.038216789947958386,-0.0378715994161648,-0.03746016199846494,-0.037100099050309684,-0.036991712917189216,-0.03726212488676531,-0.03786105944831873,-0.03858990149203381,-0.039194941811353606,-0.03945498851631822,-0.03925855215770168,-0.038666710379198,-0.037903796109511834,-0.03723472127200646,-0.036799448533518644,-0.03655036877027558,-0.03635134233566548,-0.03611136494393902,-0.035797396046878656,-0.03538053035169512,-0.03486944475730785,-0.034379387969370456,-0.034049518113526196,-0.033867062350978694,-0.03366063700925041,-0.03329545878013611,-0.03281816012832057,-0.03239979345387756,-0.032187155749971066,-0.03221245762034848,-0.03238394187528827,-0.032536430545991195],"upper":[0.06972363418812128,0.08237805185167928,0.10354900035544203,0.12590050853454737,0.14171880595411196,0.14682026198186093,0.14246584905531207,0.13343986355110016,0.12427512736977883,0.11702986014954106,0.11163201796063574,0.10728259186676001,0.10338191628102317,0.09969153293636626,0.09613650518214248,0.09264159331985036,0.08915882103069207,0.08576571534541574,0.08264416231506388,0.07993690013679634,0.07763586991173259,0.0755970924466472,0.07364931170711916,0.0717162961342867,0.06986776777420556,0.06825157953732412,0.06694882037436747,0.06588472911980231,0.06490456018005943,0.06392108082667702,0.06293710323375566,0.06196769236921022,0.061054221753226154,0.06036124966866324,0.06014707503269728,0.060582815831993916,0.06160015445245082,0.06287472619476808,0.06391450050341418,0.0642306699031811,0.06355956729947533,0.062017505623024494,0.060047104005463606,0.05815481025726618,0.05662447265099202,0.05542957872891312,0.05439022805626114,0.05337234527194827,0.0523134952210576,0.051152851106638524,0.049879664387887844,0.048636130189044474,0.04761234733717174,0.04679937949673928,0.0459633759373497,0.04491010995997119,0.04370281452074964,0.04260132706346577,0.04184879726487527,0.04152252741515294,0.04151114326003806,0.04159435614308602]}