{"bin_centers_hours":[-1.375,-1.125,-0.875,-0.625,-0.375,-0.125,0.125,0.375,0.625,0.875,1.125,1.375,1.625,1.875,2.125,2.375,2.625,2.875,3.125,3.375,3.625,3.875,4.125,4.375,4.625,4.875,5.125,5.375,5.625,5.875,6.125,6.375,6.625,6.875,7.125,7.375,7.625,7.875,8.125,8.375,8.625,8.875,9.125,9.375,9.625,9.875,10.125,10.375,10.625,10.875,11.125,11.375,11.625,11.875,12.125,12.375,12.625,12.875,13.125,13.375,13.625,13.875],"mean":[0.013391414368293575,0.020264029618328575,0.0321643583475515,0.04513428278340811,0.05437404058945404,0.057061377441639076,0.053974325204950165,0.048181123754187205,0.042467456761688685,0.03802202353249342,0.03478172441965016,0.0322716106249508,0.0301077263420893,0.028120246822414853,0.02629341811276395,0.024652506785201717,0.023182570666889456,0.021825359719430483,0.020534438002370307,0.019312321293025247,0.018191824206651715,0.017194638621848335,0.01631158483146334,0.015510243323091857,0.014752609241490244,0.014009081783300476,0.013265421861487442,0.01252399367979496,0.011800024493039558,0.011111678315757472,0.010468852375907698,0.009874213345994835,0.009339455708606656,0.008897834113471675,0.008595303248751728,0.008463144082623834,0.00848674003131346,0.008586617294786054,0.008634008248576278,0.0085107798022219,0.008175202968383812,0.007672331053127708,0.007087534906124642,0.006498517678812489,0.005956877796554603,0.005486204946407839,0.005087531312457135,0.004754676068069466,0.00448659743921488,0.004280210702166291,0.004115941232793056,0.003960652511644629,0.0037872800661439485,0.0035888585081306303,0.0033772904469623623,0.0031763431128301804,0.003015919989574559,0.00292258986415662,0.0029054543172532805,0.002947835207168026,0.0030128008432736687,0.003058945227785542],"std":[0.05287797229201046,0.06528082221461785,0.08628414279480706,0.10857774596375304,0.12414174541436186,0.1288032518239293,0.12425331288479952,0.11553095466087555,0.10699815164914976,0.10046393586326453,0.09577927808204281,0.09212194179648547,0.08881501399867518,0.08560641548723716,0.08258280205822323,0.07987704264100463,0.07743596752752308,0.07506814015722534,0.07266581863857798,0.070303346366372,0.06813159609615055,0.0662375503187131,0.06459384360147881,0.06308768658230826,0.061603887570533374,0.06010771077617309,0.058641122588522124,0.05724092087118446,0.05588983320100773,0.054539339859972134,0.05314877274549079,0.05172760101775058,0.050392126234445694,0.0493690982462551,0.04889863019337285,0.049111761752662055,0.04995299536850621,0.051126590741864104,0.052117064530576206,0.05239587462611102,0.05170287324945096,0.050122605533809234,0.04793886151760938,0.045477637373601006,0.04300721575951516,0.04066106006181925,0.03845532664872317,0.03642012439919622,0.03467802953158861,0.03335236311296834,0.03243145901578297,0.031758393588064406,0.031137640097382433,0.03043632687142106,0.029626750971793014,0.028797536703597675,0.028151314009409855,0.027949807041890613,0.028372083880243103,0.029346777332097094,0.030493841533950208,0.03126915138470335],"n_station_days":27438,"lower":[-0.039486557923716886,-0.04501679259628928,-0.05411978444725556,-0.06344346318034494,-0.06976770482490782,-0.07174187438229021,-0.07027898767984936,-0.06734983090668835,-0.06453069488746108,-0.062441912330771114,-0.06099755366239265,-0.059850331171534675,-0.05870728765658588,-0.057486168664822306,-0.05628938394545928,-0.05522453585580292,-0.054253396860633615,-0.05324278043779485,-0.05213138063620767,-0.050991025073346755,-0.04993977188949883,-0.04904291169686477,-0.04828225877001547,-0.0475774432592164,-0.04685127832904313,-0.04609862899287262,-0.04537570072703468,-0.0447169271913895,-0.04408980870796817,-0.043427661544214666,-0.042679920369583096,-0.04185338767175574,-0.04105267052583904,-0.04047126413278342,-0.040303326944621125,-0.04064861767003822,-0.04146625533719275,-0.04253997344707805,-0.04348305628199993,-0.04388509482388912,-0.04352767028106715,-0.042450274480681525,-0.04085132661148474,-0.03897911969478852,-0.03705033796296056,-0.03517485511541141,-0.033367795336266035,-0.03166544833112676,-0.03019143209237373,-0.02907215241080205,-0.02831551778298991,-0.027797741076419778,-0.027350360031238485,-0.02684746836329043,-0.026249460524830653,-0.025621193590767494,-0.025135394019835295,-0.02502721717773399,-0.025466629562989822,-0.02639894212492907,-0.02748104069067654,-0.028210206156917807],"upper":[0.06626938666030403,0.08554485183294643,0.11844850114235855,0.15371202874716114,0.1785157860038159,0.18586462926556838,0.17822763808974967,0.16371207841506275,0.14946560841083845,0.13848595939575795,0.13056100250169297,0.12439355242143627,0.11892274034076449,0.113726662309652,0.10887622017098718,0.10452954942620635,0.10061853819441254,0.09689349987665583,0.09320025664094828,0.08961566765939726,0.08632342030280227,0.08343218894056144,0.08090542843294216,0.07859792990540011,0.07635649681202361,0.07411679255947357,0.07190654445000956,0.06976491455097941,0.06768985769404728,0.0656510181757296,0.06361762512139849,0.061601814363745414,0.05973158194305235,0.05826693235972678,0.05749393344212458,0.05757490583528589,0.05843973539981967,0.05971320803665016,0.06075107277915248,0.060906654428332915,0.05987807621783477,0.05779493658693694,0.05502639642373402,0.05197615505241349,0.04896409355606976,0.04614726500822709,0.043542857961180306,0.04117480046726569,0.039164626970803494,0.03763257381513463,0.03654740024857602,0.03571904609970904,0.034924920163526385,0.03402518537955169,0.033004041418755375,0.03197387981642785,0.031167233998984415,0.030872396906047234,0.03127753819749638,0.03229461253926512,0.03350664237722387,0.03432809661248889]}