{"bin_centers_hours":[-1.375,-1.125,-0.875,-0.625,-0.375,-0.125,0.125,0.375,0.625,0.875,1.125,1.375,1.625,1.875,2.125,2.375,2.625,2.875,3.125,3.375,3.625,3.875,4.125,4.375,4.625,4.875,5.125,5.375,5.625,5.875,6.125,6.375,6.625,6.875,7.125,7.375,7.625,7.875,8.125,8.375,8.625,8.875,9.125,9.375,9.625,9.875,10.125,10.375,10.625,10.875,11.125,11.375,11.625,11.875,12.125,12.375,12.625,12.875,13.125,13.375,13.625,13.875],"mean":[0.007704054849509497,0.011121474913411864,0.017052565447163246,0.023802839158451463,0.029489108736558835,0.032977109381196246,0.03432917835714176,0.03433976093451716,0.033744731266858466,0.03288245816032953,0.03186503069107265,0.030804481484008356,0.029815672789012,0.028894674542611465,0.02789950224943616,0.026699384813562238,0.025324019007676654,0.023936220877603134,0.02267905938695486,0.021576904675295994,0.02055954189117971,0.019537796562832166,0.0184605097957086,0.017343783760768592,0.016267738312027533,0.01532102514124588,0.014522797974844213,0.013807917713705927,0.013107363213761308,0.012429404179079099,0.011841405206533852,0.011382433969059575,0.011020797034809819,0.010698857348454984,0.010390079353094392,0.010096836935698473,0.009815755766741064,0.009535985702860208,0.009270201896822126,0.009064426481246371,0.008962819179284433,0.00896834442183963,0.009043688099533717,0.009145760268300699,0.009254216235763597,0.009369314712439937,0.009493098452347566,0.009618296601922718,0.009731653278197291,0.009817913327415436,0.009861245730128759,0.009857440365185037,0.009828549822959314,0.009807299185379738,0.009797724751561303,0.009767291954854679,0.009682996452769552,0.009544115415740663,0.009385980779057387,0.009260912524096429,0.009200407607277129,0.009188040871101142],"std":[0.03491190025971988,0.04299474155037805,0.05603034012944912,0.06936965866089033,0.07924165989769742,0.08441725643171492,0.08597888025442932,0.08566121890757299,0.08446905356134243,0.08262003332176993,0.08026587321092538,0.0778918579143699,0.07603729090750252,0.07480857209614013,0.07378903066852532,0.07246892471073248,0.07073050624858997,0.06888877943461064,0.06732306319754726,0.06611803283307113,0.06499657066401518,0.06353383473051918,0.061467267835136064,0.058897668446994865,0.05625788148396991,0.05403267414491649,0.052384472974120806,0.051026423801191455,0.049546400535119044,0.04785464311024048,0.04625635487524321,0.04510760997516663,0.0444748077457983,0.044144218358268275,0.0438764150842143,0.043560723563004285,0.04315560013283004,0.042622706945809656,0.04197883617395628,0.04133369987208269,0.04079023121924156,0.04034883667042399,0.03997004526981377,0.039690077671536,0.03961468641507524,0.039800167466339555,0.04017435149390597,0.040581171413828575,0.04089156075637247,0.04105056238448484,0.041071619119252854,0.04108764747110431,0.041387404093859784,0.04224776863083019,0.04365286736775739,0.045267869700666874,0.046733592916463666,0.047955089835730665,0.049135464959220276,0.05052514075180396,0.05202928330431044,0.05307779530393029],"n_station_days":2961,"lower":[-0.027207845410210384,-0.031873266636966185,-0.03897777468228587,-0.04556681950243886,-0.04975255116113859,-0.05144014705051868,-0.051649701897287556,-0.051321457973055824,-0.05072432229448397,-0.049737575161440395,-0.04840084251985272,-0.04708737643036154,-0.04622161811849053,-0.04591389755352866,-0.045889528419089165,-0.04576953989717024,-0.04540648724091331,-0.0449525585570075,-0.0446440038105924,-0.04454112815777514,-0.044437028772835466,-0.04399603816768702,-0.04300675803942747,-0.04155388468622627,-0.039990143171942376,-0.03871164900367061,-0.03786167499927659,-0.03721850608748553,-0.03643903732135774,-0.03542523893116138,-0.03441494966870936,-0.033725176006107055,-0.03345401071098848,-0.03344536100981329,-0.03348633573111991,-0.03346388662730581,-0.03333984436608898,-0.03308672124294945,-0.03270863427713415,-0.03226927339083632,-0.03182741203995713,-0.031380492248584364,-0.030926357170280055,-0.0305443174032353,-0.030360470179311642,-0.030430852753899618,-0.0306812530415584,-0.030962874811905856,-0.03115990747817518,-0.031232649057069403,-0.031210373389124094,-0.031230207105919276,-0.031558854270900466,-0.032440469445450454,-0.033855142616196085,-0.035500577745812195,-0.037050596463694116,-0.03841097441999,-0.039749484180162886,-0.04126422822770753,-0.04282887569703331,-0.043889754432829144],"upper":[0.04261595510922938,0.05411621646378992,0.07308290557661237,0.0931724978193418,0.10873076863425626,0.11739436581291117,0.12030805861157108,0.12000097984209016,0.1182137848282009,0.11550249148209946,0.11213090390199804,0.10869633939837825,0.10585296369651452,0.10370324663875159,0.10168853291796148,0.09916830952429471,0.09605452525626662,0.09282500031221377,0.09000212258450212,0.08769493750836713,0.0855561125551949,0.08307163129335135,0.07992777763084466,0.07624145220776346,0.07252561979599745,0.06935369928616238,0.06690727094896502,0.06483434151489738,0.06265376374888035,0.060284047289319576,0.05809776008177706,0.0564900439442262,0.055495604780608124,0.05484307570672326,0.05426649443730869,0.05365756049870276,0.0529713558995711,0.05215869264866986,0.05124903807077841,0.05039812635332906,0.04975305039852599,0.04931718109226362,0.04901373336934749,0.048835837939836695,0.04886890265083884,0.04916948217877949,0.049667449946253536,0.05019946801575129,0.05062321403456976,0.05086847571190027,0.050932864849381615,0.05094508783628935,0.0512159539168191,0.05205506781620993,0.0534505921193187,0.05503516165552155,0.05641658936923322,0.05749920525147133,0.058521445738277666,0.05978605327590039,0.06122969091158757,0.06226583617503143]}