{"bin_centers_hours":[-1.375,-1.125,-0.875,-0.625,-0.375,-0.125,0.125,0.375,0.625,0.875,1.125,1.375,1.625,1.875,2.125,2.375,2.625,2.875,3.125,3.375,3.625,3.875,4.125,4.375,4.625,4.875,5.125,5.375,5.625,5.875,6.125,6.375,6.625,6.875,7.125,7.375,7.625,7.875,8.125,8.375,8.625,8.875,9.125,9.375,9.625,9.875,10.125,10.375,10.625,10.875,11.125,11.375,11.625,11.875,12.125,12.375,12.625,12.875,13.125,13.375,13.625,13.875],"mean":[0.0053901941480978075,0.00766290517915145,0.01188005410113841,0.017257836504474013,0.022632735496697344,0.02690863751855792,0.029551338858216935,0.030679602203783397,0.03075223223077611,0.030225854046597896,0.0294080647504138,0.028451099583438614,0.027403399040705132,0.026291605766139016,0.025170054988439723,0.02409476684969338,0.02309109103546034,0.022168571850252235,0.021334892537926496,0.020582172562429387,0.01989013508579211,0.019247356460247084,0.018646484802556835,0.01806552442633982,0.017494646431553785,0.016998006947781617,0.016714450707849424,0.016739991817198697,0.01698975424267932,0.01720846419080822,0.01715100218528309,0.016760411713800733,0.016177920677880646,0.015601904068351274,0.01514986590333138,0.014837287487935402,0.014641448662132536,0.014544711938142696,0.014511683991532347,0.014455288799021132,0.01426514036034009,0.013882254064386805,0.013332965153538545,0.012690126056115945,0.012029216576852542,0.01142324012478445,0.010929327036472746,0.010541481923568543,0.010180948764707968,0.009769906649862312,0.009302303526622206,0.008818357719136215,0.008332778156399776,0.00783398172550102,0.007344651329715812,0.006932376463715562,0.006652008714251838,0.006511509321931542,0.006491640997451105,0.006560857075867098,0.006667162310361715,0.006744316155809803],"std":[0.028127095890553854,0.03448280200715683,0.045418948995723324,0.057904402581121436,0.06876095930036924,0.0760281599878307,0.07962618265333517,0.08070065278907976,0.08038536058568017,0.07920388291777022,0.07729930914928847,0.07483252963780708,0.07212624891424885,0.06958911130203634,0.06753869929809071,0.06605629568944593,0.06503009221422817,0.06429581641009431,0.06366389132815611,0.06290581171074205,0.0618834330511506,0.06066761506914675,0.0594199102197612,0.0581879452537815,0.056958920414024124,0.055963514808416166,0.0557831738685449,0.05688587955331093,0.058947404738510005,0.06084931264126172,0.061555399838189355,0.06092109426028685,0.059568425748113274,0.058169659693218405,0.05703427761903983,0.056233412435263176,0.05581459040385594,0.05577527807302208,0.05590962694719717,0.055830113946268245,0.05524145022095661,0.05413462267272529,0.052639431254590946,0.05082386461338167,0.04882150361133703,0.04703484418498145,0.04591248386429323,0.045456228939631665,0.045159917046892255,0.044576374066281135,0.04377036656704113,0.04303343991136985,0.04233136946696441,0.04133746364753367,0.03993561523507052,0.03840700153110069,0.03720472874358185,0.03681906834917072,0.03768385363305274,0.03978257632473277,0.042321881119017184,0.04405214424042336],"n_station_days":1820,"lower":[-0.022736901742456045,-0.026819896828005382,-0.03353889489458491,-0.04064656607664742,-0.046128223803671896,-0.049119522469272786,-0.05007484379511823,-0.050021050585296364,-0.04963312835490406,-0.04897802887117233,-0.04789124439887467,-0.04638143005436847,-0.04472284987354372,-0.04329750553589732,-0.04236864430965099,-0.04196152883975255,-0.04193900117876784,-0.04212724455984208,-0.04232899879022962,-0.042323639148312664,-0.041993297965358486,-0.04142025860889967,-0.04077342541720437,-0.04012242082744168,-0.039464273982470335,-0.038965507860634546,-0.03906872316069548,-0.04014588773611223,-0.04195765049583068,-0.043640848450453504,-0.04440439765290627,-0.04416068254648611,-0.04339050507023263,-0.04256775562486713,-0.04188441171570845,-0.04139612494732778,-0.0411731417417234,-0.04123056613487938,-0.041397942955664825,-0.041374825147247114,-0.040976309860616525,-0.04025236860833849,-0.0393064661010524,-0.03813373855726572,-0.03679228703448449,-0.035611604060197005,-0.03498315682782049,-0.03491474701606312,-0.03497896828218429,-0.034806467416418824,-0.034468063040418925,-0.03421508219223363,-0.03399859131056464,-0.033503481922032646,-0.03259096390535471,-0.031474625067385124,-0.03055272002933001,-0.030307559027239174,-0.031192212635601634,-0.03322171924886567,-0.03565471880865547,-0.03730782808461356],"upper":[0.03351729003865166,0.04214570718630828,0.057299003096861735,0.07516223908559545,0.09139369479706658,0.10293679750638862,0.1091775215115521,0.11138025499286315,0.11113759281645628,0.10942973696436811,0.10670737389970227,0.10328362922124569,0.09952964795495398,0.09588071706817536,0.09270875428653044,0.09015106253913932,0.08812118324968851,0.08646438826034655,0.08499878386608262,0.08348798427317144,0.08177356813694271,0.07991497152939384,0.07806639502231803,0.07625346968012132,0.07445356684557791,0.07296152175619779,0.07249762457639433,0.07362587137050963,0.07593715898118933,0.07805777683206994,0.07870640202347244,0.07768150597408759,0.07574634642599393,0.07377156376156968,0.07218414352237121,0.07107069992319857,0.07045603906598848,0.07031999001116478,0.07042131093872953,0.07028540274528938,0.0695065905812967,0.0680168767371121,0.06597239640812949,0.06351399066949762,0.06085072018818957,0.0584580843097659,0.056841810900765975,0.05599771086320021,0.05534086581160022,0.05434628071614345,0.05307267009366333,0.05185179763050606,0.050664147623364186,0.049171445373034695,0.04728026656478633,0.04533937799481625,0.04385673745783369,0.04333057767110226,0.044175494630503846,0.04634343340059987,0.048989043429378896,0.050796460396233166]}