{"bin_centers_hours":[-1.375,-1.125,-0.875,-0.625,-0.375,-0.125,0.125,0.375,0.625,0.875,1.125,1.375,1.625,1.875,2.125,2.375,2.625,2.875,3.125,3.375,3.625,3.875,4.125,4.375,4.625,4.875,5.125,5.375,5.625,5.875,6.125,6.375,6.625,6.875,7.125,7.375,7.625,7.875,8.125,8.375,8.625,8.875,9.125,9.375,9.625,9.875,10.125,10.375,10.625,10.875,11.125,11.375,11.625,11.875,12.125,12.375,12.625,12.875,13.125,13.375,13.625,13.875],"mean":[0.07205008360453909,0.06762517327266465,0.059337244428418215,0.04865571028059426,0.03778139002862887,0.02875608305881793,0.022611076686796096,0.019175780008066804,0.017503481779963744,0.01652715536638288,0.015575445810972298,0.01448261163596012,0.013319776628773252,0.012128263419283358,0.01094370393508668,0.009943741450462756,0.009413068804424975,0.009485984860086465,0.00994449508134771,0.010330958926308913,0.010296417552904457,0.009860275056819183,0.009367149354249902,0.009193799666339054,0.009457876228810743,0.009985372338710809,0.010527881497552016,0.010915434482583784,0.011018778479036007,0.010747682602746729,0.010179418991941467,0.009563969033951557,0.009145997102019065,0.009072228403412588,0.009458581537923252,0.010384137245466765,0.01176279732109716,0.013299661660941861,0.014611942566329224,0.015395227029422455,0.015549861250943467,0.015206492256334189,0.014576489754788972,0.0137170679898882,0.012485994830865958,0.010803921927024398,0.008993783479247067,0.00779882663772149,0.007952676163466826,0.009634180191495553,0.01229790829744625,0.014991379738592308,0.016819447676496433,0.01725642628960957,0.01631730161757578,0.014608348304315876,0.013053077096151085,0.012256965302984443,0.012055103047338329,0.011821167906038271,0.011254578545370427,0.010713144476468024],"std":[0.15027242104139676,0.14136976993437117,0.1258976581470891,0.10774922313833184,0.09095192138900281,0.07829470331465521,0.07067213429165718,0.06716789646429691,0.06562514534078978,0.06367547180633253,0.06007244618732639,0.05527991961118128,0.05057132941094491,0.04671996570554311,0.04377585404753833,0.04175960769637442,0.04106850955609358,0.04201863140232889,0.04411216385685682,0.045991646708812825,0.04630968545221938,0.04477202170313924,0.042405794888460684,0.040780915860844494,0.04090318302541968,0.04289213868563416,0.0464461719634611,0.05087418093781839,0.05455934305413654,0.055412008283216865,0.05266626755219618,0.04780774996218921,0.04336854030419292,0.041243256777424624,0.042141747004989044,0.04572366378388178,0.05078987265826277,0.05578493822050741,0.0595006429057549,0.06137907218784083,0.06147382235227138,0.06037317987328846,0.05880719777810753,0.05688880427349559,0.05385781894512869,0.04905010653565718,0.04350716348355523,0.04038137941248225,0.043008663610776494,0.05202079966446749,0.0644133690055734,0.07555600640417438,0.08195584404310233,0.0824592864660852,0.07805300182638175,0.07148345034719988,0.06639642286212391,0.06504379331216636,0.06614318146240886,0.06613353245680771,0.06340244809596234,0.06034950351516883],"n_station_days":97,"lower":[-0.07822233743685768,-0.07374459666170652,-0.06656041371867087,-0.059093512857737576,-0.05317053136037394,-0.04953862025583728,-0.04806105760486108,-0.04799211645623011,-0.04812166356082603,-0.04714831643994964,-0.044497000376354096,-0.04079730797522116,-0.037251552782171654,-0.034591702286259754,-0.03283215011245165,-0.031815866245911664,-0.0316554407516686,-0.03253264654224243,-0.03416766877550911,-0.03566068778250391,-0.03601326789931493,-0.03491174664632006,-0.03303864553421078,-0.03158711619450544,-0.03144530679660894,-0.03290676634692335,-0.03591829046590908,-0.0399587464552346,-0.043540564575100534,-0.044664325680470136,-0.04248684856025471,-0.03824378092823765,-0.034222543202173855,-0.032171028374012034,-0.03268316546706579,-0.03533952653841501,-0.03902707533716561,-0.04248527655956555,-0.04488870033942568,-0.04598384515841838,-0.04592396110132792,-0.045166687616954276,-0.044230708023318556,-0.04317173628360739,-0.04137182411426273,-0.038246184608632786,-0.03451338000430816,-0.03258255277476076,-0.03505598744730967,-0.04238661947297193,-0.05211546070812715,-0.06056462666558207,-0.0651363963666059,-0.06520286017647564,-0.06173570020880597,-0.056875102042884006,-0.05334334576597283,-0.05278682800918192,-0.05408807841507053,-0.05431236455076944,-0.052147869550591905,-0.049636359038700804],"upper":[0.22232250464593584,0.20899494320703582,0.1852349025755073,0.15640493341892608,0.12873331141763167,0.10705078637347315,0.09328321097845328,0.08634367647236371,0.08312862712075353,0.08020262717271541,0.07564789199829869,0.06976253124714141,0.06389110603971816,0.05884822912482647,0.05471955798262501,0.05170334914683718,0.05048157836051855,0.051504616262415356,0.05405665893820453,0.05632260563512174,0.05660610300512384,0.054632296759958426,0.05177294424271059,0.04997471552718355,0.05036105925423043,0.052877511024344966,0.05697405346101311,0.06178961542040218,0.06557812153317255,0.0661596908859636,0.06284568654413765,0.05737171899614076,0.05251453740621198,0.05031548518083721,0.0516003285429123,0.05610780102934854,0.06255266997935993,0.06908459988144927,0.07411258547208413,0.07677429921726328,0.07702368360321485,0.07557967212962265,0.07338368753289651,0.07060587226338379,0.06634381377599465,0.05985402846268158,0.0525009469628023,0.04818020605020374,0.05096133977424332,0.06165497985596304,0.07671127730301965,0.0905473861427667,0.09877529171959876,0.09971571275569477,0.09437030344395753,0.08609179865151576,0.079449499958275,0.0773007586151508,0.07819828450974718,0.07795470036284598,0.07465702664133277,0.07106264799163685]}