{"bin_centers_hours":[-1.375,-1.125,-0.875,-0.625,-0.375,-0.125,0.125,0.375,0.625,0.875,1.125,1.375,1.625,1.875,2.125,2.375,2.625,2.875,3.125,3.375,3.625,3.875,4.125,4.375,4.625,4.875,5.125,5.375,5.625,5.875,6.125,6.375,6.625,6.875,7.125,7.375,7.625,7.875,8.125,8.375,8.625,8.875,9.125,9.375,9.625,9.875,10.125,10.375,10.625,10.875,11.125,11.375,11.625,11.875,12.125,12.375,12.625,12.875,13.125,13.375,13.625,13.875],"mean":[0.029977134587012566,0.0276687077320091,0.023779777292768693,0.01950096942839507,0.01590086118521859,0.013393797456522475,0.011726666039900201,0.010425262370787175,0.009253355055960043,0.008324970170114564,0.007877897101679757,0.007996994150338978,0.008532928569403436,0.009209092521571944,0.009796213730203165,0.010251101392929314,0.010713355073905006,0.011331301716675993,0.012092127383577875,0.012873466389781003,0.013650900945765727,0.014545842029624896,0.015625723412460962,0.01672094682853154,0.01746909061182433,0.01752901669265271,0.016800649775556665,0.01551806645870969,0.014174292548061051,0.013320142256061344,0.013318399797764176,0.014152803277025254,0.015418767782982281,0.016553778448205502,0.01716676340616391,0.01719968430429792,0.01682365727611896,0.016223511508166314,0.015484628193012138,0.014664216305148364,0.013912704054494256,0.013419895381500048,0.01321355713440273,0.013116086969106478,0.01297445979292673,0.012875781870920186,0.013064898717217232,0.01367487407785436,0.014594785007800181,0.015621204050804978,0.01667705977876352,0.01780831000413365,0.01900476061701516,0.020134564959431556,0.021077777251808004,0.02188293278915224,0.02278575208140496,0.02408425382399977,0.02595921339120143,0.028313525742467836,0.03065353112350741,0.0321632101731987],"std":[0.09537408814272899,0.08865433158757066,0.07824929071475514,0.06823231890273111,0.06128288719091426,0.05756092574764629,0.05528715104427403,0.05232151291979148,0.04781655024375185,0.04275834241007058,0.03886262372196489,0.03703967338903155,0.03701896819377396,0.03806634282348239,0.03972938261582798,0.04200455900228768,0.044961919392810794,0.04820771919802357,0.0509093197998532,0.05262653117848356,0.053876188843088875,0.055377645210042604,0.056958674826739955,0.057702741903021784,0.05690944414012228,0.05446865094861957,0.05064727317102015,0.04608534385140908,0.04195894163306371,0.03967316093700604,0.04007852707562188,0.04289004351301153,0.04682577987748577,0.0503306472842133,0.05235074388586037,0.0526612190057924,0.05170146945854557,0.050150581856847336,0.04851919959169252,0.047063935561984176,0.045991397052144924,0.04546211987427957,0.045307863590800884,0.04512313467531745,0.04498102447137789,0.04580660953388827,0.04850441015775258,0.05266365019348656,0.05654410896213731,0.05862700315228115,0.05894520700011895,0.05877796828735085,0.05942102820200784,0.06135917151278063,0.06409421789234875,0.0665821759276609,0.06828258645235959,0.06996340418726328,0.0731363716448577,0.07845800121066639,0.0846226282722004,0.08885710022879802],"n_station_days":168,"lower":[-0.06539695355571642,-0.06098562385556156,-0.05446951342198645,-0.04873134947433604,-0.04538202600569567,-0.04416712829112382,-0.04356048500437383,-0.0418962505490043,-0.038563195187791804,-0.03443337223995602,-0.030984726620285133,-0.029042679238692574,-0.028486039624370525,-0.028857250301910446,-0.029933168885624813,-0.03175345760935837,-0.034248564318905786,-0.03687641748134758,-0.03881719241627532,-0.03975306478870255,-0.040225287897323145,-0.04083180318041771,-0.04133295141427899,-0.04098179507449025,-0.039440353528297944,-0.03693963425596686,-0.03384662339546349,-0.03056727739269939,-0.02778464908500266,-0.026353018680944695,-0.026760127277857704,-0.028737240235986276,-0.031407012094503486,-0.03377686883600779,-0.03518398047969646,-0.03546153470149448,-0.03487781218242661,-0.03392707034868102,-0.03303457139868038,-0.03239971925683581,-0.03207869299765067,-0.03204222449277952,-0.03209430645639816,-0.032007047706210975,-0.03200656467845116,-0.032930827662968086,-0.03543951144053535,-0.0389887761156322,-0.04194932395433713,-0.04300579910147617,-0.04226814722135543,-0.040969658283217206,-0.040416267584992685,-0.04122460655334907,-0.04301644064054074,-0.04469924313850866,-0.04549683437095463,-0.04587915036326351,-0.04717715825365627,-0.05014447546819855,-0.053969097148692996,-0.056693890055599314],"upper":[0.12535122272974156,0.11632303931957977,0.10202906800752384,0.08773328833112617,0.07718374837613284,0.07095472320416876,0.06701381708417423,0.06274677529057865,0.0570699052997119,0.05108331258018514,0.046740520823644646,0.04503666753937053,0.0455518967631774,0.04727543534505434,0.049525596346031146,0.05225566039521699,0.0556752744667158,0.059539020914699564,0.06300144718343108,0.06549999756826456,0.0675270897888546,0.0699234872396675,0.07258439823920092,0.07442368873155332,0.07437853475194661,0.07199766764127229,0.06744792294657681,0.061603410310118775,0.056133234181124765,0.05299330319306739,0.053396926873386055,0.05704284679003679,0.06224454766046805,0.0668844257324188,0.06951750729202427,0.06986090331009032,0.06852512673466453,0.06637409336501365,0.06400382778470466,0.06172815186713254,0.05990410110663918,0.058882015255779616,0.05852142072520361,0.058239221644423925,0.05795548426430462,0.05868239140480846,0.06156930887496981,0.06633852427134092,0.07113889396993749,0.07424820720308613,0.07562226677888248,0.0765862782914845,0.078425788819023,0.08149373647221218,0.08517199514415674,0.08846510871681314,0.09106833853376455,0.09404765801126305,0.09909558503605913,0.10677152695313422,0.11527615939570782,0.12102031040199672]}