{"bin_centers_hours":[-1.375,-1.125,-0.875,-0.625,-0.375,-0.125,0.125,0.375,0.625,0.875,1.125,1.375,1.625,1.875,2.125,2.375,2.625,2.875,3.125,3.375,3.625,3.875,4.125,4.375,4.625,4.875,5.125,5.375,5.625,5.875,6.125,6.375,6.625,6.875,7.125,7.375,7.625,7.875,8.125,8.375,8.625,8.875,9.125,9.375,9.625,9.875,10.125,10.375,10.625,10.875,11.125,11.375,11.625,11.875,12.125,12.375,12.625,12.875,13.125,13.375,13.625,13.875],"mean":[0.003509251060442889,0.004486208152698048,0.006699425269373191,0.010363915618543405,0.015220968763132326,0.02037664847243997,0.024700930059537995,0.027526951564910616,0.02899286371535588,0.029713868653348567,0.030156105803843033,0.030294392369968202,0.02977718716786207,0.028383339335119464,0.02635821541530184,0.024308411775172442,0.022727043454653442,0.021633351933739536,0.02071349782097912,0.019764975783360228,0.018920120722270867,0.018431575177629254,0.018335711876438125,0.018383186183157048,0.018262262353080247,0.01784961391612035,0.017259627686225746,0.01667683900995792,0.016171138024178387,0.015697447945238113,0.015234420071944471,0.01484037975967219,0.014565575523688977,0.014379352688345245,0.014207708628297263,0.014010144219206025,0.013817514994133414,0.01370802408107186,0.013733146395964601,0.01385337013444009,0.01396707587714289,0.013998696523508969,0.013929553286541411,0.013756761769924809,0.013471504465129513,0.013085922852567317,0.012652974906808136,0.012239429899201926,0.01188153198416512,0.011573443216441263,0.011299471354807435,0.011071157702069576,0.010921633380032629,0.010862951264635766,0.01085797436372748,0.010835414009840973,0.010726783972617168,0.010493347800471666,0.010139717323761385,0.009722793598257479,0.009345788133806347,0.009121360733697943],"std":[0.02255283355036287,0.025689164819231378,0.03224184593081898,0.04209997983127466,0.053944843505388015,0.06524502625011586,0.07349404542563386,0.07774220543962385,0.078943869531991,0.07884326810079396,0.07853967674478754,0.07791859891274809,0.07615815548034682,0.07273857624203654,0.06814287392381953,0.0636383659144165,0.06029433912890511,0.05822999613263153,0.056883543309498796,0.05589906985109182,0.05553875111373178,0.056121632967784024,0.057278279331075016,0.058065817347724535,0.05780946881208001,0.05662456300477832,0.05514474622291504,0.053884965577767036,0.05285733752157556,0.05174037335607108,0.05038174922656038,0.04903904990088055,0.04812856675588082,0.04790691742884989,0.048376679569441694,0.04928557488947555,0.05021610620279271,0.050830049855515445,0.051033110668508776,0.05088282665529717,0.050529026914942446,0.05027990911085419,0.050427284754498966,0.05088031964650592,0.05118011735315777,0.05090780775763626,0.049981603388047274,0.048680957305908816,0.04750064943208608,0.04680117544699254,0.04649218042088603,0.046210133926337396,0.04582157674509169,0.045593766443117634,0.045869485168865895,0.04670075240383931,0.047777873821265256,0.048599236113001786,0.04872445727316507,0.04803623123536411,0.04690729338526789,0.04605360073305157],"n_station_days":755,"lower":[-0.019043582489919983,-0.02120295666653333,-0.02554242066144579,-0.03173606421273126,-0.03872387474225569,-0.04486837777767588,-0.04879311536609586,-0.050215253874713234,-0.04995100581663513,-0.0491293994474454,-0.048383570940944504,-0.04762420654277989,-0.046380968312484755,-0.044355236906917075,-0.04178465850851769,-0.03932995413924406,-0.03756729567425167,-0.036596644198892,-0.03617004548851968,-0.03613409406773159,-0.03661863039146091,-0.037690057790154774,-0.038942567454636895,-0.03968263116456749,-0.03954720645899976,-0.03877494908865797,-0.0378851185366893,-0.03720812656780911,-0.03668619949739717,-0.03604292541083297,-0.03514732915461591,-0.034198670141208365,-0.03356299123219184,-0.033527564740504646,-0.03416897094114443,-0.035275430670269524,-0.03639859120865929,-0.03712202577444358,-0.03729996427254417,-0.03702945652085708,-0.03656195103779956,-0.03628121258734522,-0.03649773146795755,-0.03712355787658111,-0.03770861288802826,-0.03782188490506894,-0.037328628481239134,-0.03644152740670689,-0.03561911744792096,-0.03522773223055128,-0.03519270906607859,-0.03513897622426782,-0.03489994336505906,-0.034730815178481866,-0.03501151080513842,-0.03586533839399833,-0.03705108984864809,-0.03810588831253012,-0.03858473994940369,-0.03831343763710663,-0.03756150525146154,-0.036932239999353626],"upper":[0.02606208461080576,0.030175372971929425,0.038941271200192175,0.05246389544981807,0.06916581226852034,0.08562167472255583,0.09819497548517185,0.10526915700453446,0.10793673324734689,0.10855713675414252,0.10869578254863058,0.10821299128271629,0.10593534264820889,0.10112191557715601,0.09450108933912137,0.08794677768958895,0.08302138258355855,0.07986334806637106,0.07759704113047791,0.07566404563445205,0.07445887183600264,0.07455320814541327,0.07561399120751314,0.07644900353088158,0.07607173116516025,0.07447417692089867,0.07240437390914078,0.07056180458772496,0.06902847554575395,0.0674378213013092,0.06561616929850485,0.06387942966055274,0.06269414227956979,0.06228627011719514,0.06258438819773895,0.06329571910868158,0.06403362119692613,0.06453807393658731,0.06476625706447338,0.06473619678973726,0.06449610279208534,0.06427860563436316,0.06435683804104038,0.06463708141643072,0.06465162181828729,0.06399373061020358,0.06263457829485541,0.06092038720511074,0.0593821814162512,0.058374618663433804,0.05779165177569347,0.05728129162840697,0.05674321012512432,0.0564567177077534,0.05672745953259337,0.057536166413680284,0.05850465779388242,0.059092583913473454,0.05886417459692646,0.05775902483362159,0.05625308151907424,0.055174961466749516]}