{"bin_centers_hours":[-1.375,-1.125,-0.875,-0.625,-0.375,-0.125,0.125,0.375,0.625,0.875,1.125,1.375,1.625,1.875,2.125,2.375,2.625,2.875,3.125,3.375,3.625,3.875,4.125,4.375,4.625,4.875,5.125,5.375,5.625,5.875,6.125,6.375,6.625,6.875,7.125,7.375,7.625,7.875,8.125,8.375,8.625,8.875,9.125,9.375,9.625,9.875,10.125,10.375,10.625,10.875,11.125,11.375,11.625,11.875,12.125,12.375,12.625,12.875,13.125,13.375,13.625,13.875],"mean":[0.016708680888604593,0.015818363928657153,0.014354060479961506,0.012855729436587839,0.01189197982510171,0.011837824468489917,0.01274792270628643,0.014403057051264085,0.016482064737345967,0.018708639711959782,0.020894460883218252,0.022907547768216473,0.024577521100232654,0.025586158844145824,0.025574278737810114,0.024509471144037405,0.022903337257421243,0.021541741273665115,0.020970804344099266,0.02119842614441258,0.021765870560048747,0.022062667560635584,0.021704833045670238,0.020770061842638857,0.019690525379269058,0.01888136833304876,0.01845941035994327,0.01824871820206564,0.01795472498286514,0.017358235293265918,0.016466823718193118,0.015495251598849855,0.014649246869979898,0.01394615750988239,0.013291146067926873,0.012667868024411236,0.012173010367093503,0.01188971484340776,0.011807417455105251,0.011860420050384181,0.011983880119735203,0.012125534740782769,0.012234950702176232,0.012254508108913834,0.012132320865471202,0.011870661682299957,0.011570514993857764,0.01138409616274419,0.011382771391751274,0.011498368932723725,0.011629912490609018,0.011767885953378132,0.01200058623484298,0.012448070660950702,0.013175558842095538,0.014095661488760146,0.0149785545963692,0.01564886847461527,0.016168329928859845,0.016739731443395838,0.017402212590173376,0.017891476799290606],"std":[0.10524865371061365,0.09952081741434134,0.08965261529843983,0.07830502401134741,0.06832244099095841,0.06186029336165459,0.05982909006603793,0.06181999501144461,0.06658645440310706,0.07273677090954196,0.07917542489527103,0.08518611371649111,0.09022371282719331,0.09350320771374891,0.0940532768160514,0.0916153337882533,0.08741373387039644,0.0836092912452652,0.08184960278516194,0.08225432657905925,0.08347989209988647,0.08369905119467869,0.0819571596803407,0.07894615666577892,0.0763561670240864,0.0754005415591311,0.07604747686522884,0.0772928347506863,0.07768423559237586,0.07593684017239553,0.07183061625554504,0.06652864936514236,0.061687781921228556,0.05827187080768774,0.056358394337762574,0.05577541356949883,0.05650023476644229,0.058400076131639875,0.0608946223143903,0.06308940099363981,0.06428889921015157,0.06440634219315551,0.06384085616212692,0.06290917796596304,0.06150870927503003,0.05948134094921666,0.057192059636850416,0.05540488965675489,0.05445354494111194,0.05386372778901339,0.05307824972489578,0.05225744579396496,0.05215210266667252,0.053485608802999775,0.05652457501950153,0.06082816650099823,0.06534894103518166,0.06921415123766954,0.07253727468348856,0.07607064969616006,0.07984068651115317,0.08249612402649713],"n_station_days":450,"lower":[-0.08853997282200905,-0.08370245348568418,-0.07529855481847833,-0.06544929457475956,-0.056430461165856705,-0.050022468893164675,-0.0470811673597515,-0.047416937960180525,-0.0501043896657611,-0.05402813119758218,-0.05828096401205278,-0.06227856594827463,-0.06564619172696065,-0.06791704886960309,-0.06847899807824129,-0.06710586264421589,-0.0645103966129752,-0.062067549971600085,-0.06087879844106268,-0.06105590043464667,-0.061714021539837724,-0.0616363836340431,-0.060252326634670464,-0.05817609482314007,-0.05666564164481734,-0.05651917322608234,-0.05758806650528557,-0.059044116548620657,-0.05972951060951072,-0.058578604879129616,-0.05536379253735192,-0.0510333977662925,-0.04703853505124866,-0.04432571329780535,-0.0430672482698357,-0.0431075455450876,-0.04432722439934879,-0.04651036128823212,-0.04908720485928505,-0.051228980943255634,-0.05230501909041637,-0.05228080745237274,-0.051605905459950696,-0.05065466985704921,-0.049376388409558825,-0.0476106792669167,-0.04562154464299265,-0.0440207934940107,-0.04307077354936066,-0.04236535885628966,-0.041448337234286765,-0.04048955984058683,-0.04015151643182954,-0.04103753814204907,-0.043349016177406,-0.046732505012238086,-0.050370386438812455,-0.053565282763054264,-0.05636894475462871,-0.05933091825276422,-0.062438473920979794,-0.06460464722720652],"upper":[0.12195733459921825,0.11533918134299849,0.10400667577840134,0.09116075344793526,0.08021442081606012,0.07369811783014452,0.07257701277232435,0.0762230520627087,0.08306851914045303,0.09144541062150174,0.10006988577848928,0.10809366148470759,0.11480123392742597,0.11908936655789473,0.11962755555386151,0.11612480493229071,0.11031707112781769,0.10515103251893032,0.10282040712926122,0.10345275272347182,0.10524576265993522,0.10576171875531427,0.10366199272601094,0.09971621850841778,0.09604669240335546,0.09428190989217987,0.0945068872251721,0.09554155295275193,0.095638960575241,0.09329507546566146,0.08829743997373816,0.08202390096399222,0.07633702879120846,0.07221802831757013,0.06964954040568945,0.06844328159391007,0.06867324513353579,0.07028979097504763,0.07270203976949555,0.07494982104402399,0.07627277932988677,0.07653187693393829,0.07607580686430315,0.07516368607487688,0.07364103014050123,0.07135200263151661,0.06876257463070817,0.06678898581949907,0.06583631633286322,0.06536209672173711,0.0647081622155048,0.0640253317473431,0.0641526889015155,0.06593367946395048,0.06970013386159707,0.07492382798975838,0.08032749563155085,0.08486301971228481,0.0887056046123484,0.0928103811395559,0.09724289910132655,0.10038760082578774]}