{"bin_centers_hours":[-1.375,-1.125,-0.875,-0.625,-0.375,-0.125,0.125,0.375,0.625,0.875,1.125,1.375,1.625,1.875,2.125,2.375,2.625,2.875,3.125,3.375,3.625,3.875,4.125,4.375,4.625,4.875,5.125,5.375,5.625,5.875,6.125,6.375,6.625,6.875,7.125,7.375,7.625,7.875,8.125,8.375,8.625,8.875,9.125,9.375,9.625,9.875,10.125,10.375,10.625,10.875,11.125,11.375,11.625,11.875,12.125,12.375,12.625,12.875,13.125,13.375,13.625,13.875],"mean":[0.01045493912512672,0.01265593376948088,0.017386330901057442,0.02449648893390613,0.03267650887507521,0.03979891303364375,0.044111398175347746,0.04515899378455769,0.04366750359510829,0.04075403410631898,0.037294770563438384,0.03379225447590108,0.030524028622635237,0.02767278182556632,0.025343451267603064,0.023532804611802568,0.022127158431454422,0.020951392845839426,0.019847728968736107,0.01873855386854778,0.01763701688072157,0.01660479689907635,0.015693014804435596,0.014911109159469638,0.014242203181893369,0.01367289113226872,0.013197911599310662,0.01280866037287885,0.012493358482028788,0.012245582913005057,0.012067640820579947,0.011973263750477919,0.011985740010897753,0.012115939787770898,0.012327825321272115,0.012528135321231761,0.012602551238125653,0.012475805161700826,0.012148650359516462,0.011683567366967684,0.011156425533098802,0.010620044386297716,0.0101040929741403,0.009630637543247054,0.009216743480008753,0.008861998207518776,0.008542705047646372,0.008231636641835578,0.007928162626037445,0.007659243835739557,0.0074415478457119395,0.007247896797697195,0.007021420708914754,0.006723480319418392,0.0063619806673173235,0.005976066474008886,0.005608766009467793,0.005299664145011812,0.0050836728175546915,0.004974812149278344,0.004949655424579635,0.004957712020692219],"std":[0.061243142365312205,0.06369622373137561,0.06968062707960387,0.07921418862130361,0.08983492994661468,0.09788015482463074,0.10109128358736223,0.0997749123522146,0.09575912986334062,0.0907278799559353,0.08548939304297297,0.08026783368347906,0.07525698954775718,0.0708412494885086,0.06740900847116418,0.06505050568894048,0.06345160893771475,0.06207527947681564,0.060482260831856975,0.0585522566644497,0.05646242060852397,0.05448461124020341,0.052794928379146386,0.05142353822562386,0.05032270560338491,0.049445688694523815,0.04876769808339176,0.04827083370528434,0.047932143830654646,0.04770684018400027,0.04751955062202196,0.04731913841706516,0.04717052031310647,0.04724253980580819,0.04763728221512296,0.04822309860094224,0.04865134190169853,0.04855550227378486,0.0477823872484081,0.04648269992584192,0.04499256573146543,0.043623555370008595,0.04254277091944758,0.041789539231701915,0.04134641035798397,0.04116099872553585,0.04110067340967154,0.04095959715261672,0.04060606161420202,0.04011909193896951,0.039684484987467836,0.03933360392408116,0.0388676414159531,0.038066046309917445,0.03690058571183874,0.035538958457117166,0.03425873434308196,0.0334061405314339,0.03328282614390046,0.03390757855317554,0.03488722935611834,0.03560428428857788],"n_station_days":11457,"lower":[-0.05078820324018549,-0.05104028996189473,-0.05229429617854643,-0.05471769968739748,-0.05715842107153948,-0.05808124179098698,-0.056979885412014486,-0.05461591856765691,-0.05209162626823233,-0.04997384584961632,-0.048194622479534585,-0.04647557920757798,-0.044732960925121946,-0.043168467662942286,-0.042065557203561116,-0.04151770107713791,-0.041324450506260324,-0.041123886630976214,-0.04063453186312087,-0.03981370279590192,-0.038825403727802396,-0.037879814341127055,-0.03710191357471079,-0.03651242906615422,-0.036080502421491537,-0.0357727975622551,-0.035569786484081094,-0.035462173332405485,-0.03543878534862586,-0.03546125727099521,-0.035451909801442014,-0.035345874666587236,-0.035184780302208715,-0.035126600018037295,-0.035309456893850844,-0.03569496327971048,-0.036048790663572874,-0.03607969711208404,-0.03563373688889164,-0.034799132558874235,-0.03383614019836663,-0.033003510983710876,-0.03243867794530728,-0.03215890168845486,-0.032129666877975215,-0.032299000518017075,-0.032557968362025166,-0.03272796051078114,-0.032677898988164575,-0.03245984810322995,-0.0322429371417559,-0.032085707126383964,-0.031846220707038346,-0.031342565990499054,-0.030538605044521418,-0.02956289198310828,-0.028649968333614165,-0.028106476386422087,-0.02819915332634577,-0.028932766403897196,-0.029937573931538706,-0.03064657226788566],"upper":[0.07169808149043892,0.07635215750085649,0.08706695798066132,0.10371067755520974,0.12251143882168988,0.1376790678582745,0.14520268176270998,0.1449339061367723,0.1394266334584489,0.1314819140622543,0.12278416360641135,0.11406008815938015,0.10578101817039243,0.09851403131407492,0.09275245973876725,0.08858331030074305,0.08557876736916917,0.08302667232265507,0.08032998980059308,0.07729081053299748,0.07409943748924554,0.07108940813927976,0.06848794318358198,0.0663346473850935,0.06456490878527828,0.06311857982679253,0.06196560968270242,0.06107949407816319,0.060425502312683434,0.059952423097005325,0.05958719144260191,0.05929240216754308,0.05915626032400423,0.05935847959357909,0.05996510753639507,0.060751233922174,0.061253893139824184,0.06103130743548569,0.059931037607924564,0.058166267292809604,0.05614899126456423,0.05424359975630631,0.05264686389358788,0.05142017677494897,0.05056315383799272,0.05002299693305463,0.04964337845731791,0.049191233794452296,0.04853422424023947,0.047778335774709066,0.04712603283317977,0.04658150072177836,0.04588906212486785,0.04478952662933584,0.04326256637915606,0.04151502493112605,0.03986750035254975,0.03870580467644571,0.03836649896145515,0.03888239070245388,0.039836884780697975,0.0405619963092701]}