{"bin_centers_hours":[-1.375,-1.125,-0.875,-0.625,-0.375,-0.125,0.125,0.375,0.625,0.875,1.125,1.375,1.625,1.875,2.125,2.375,2.625,2.875,3.125,3.375,3.625,3.875,4.125,4.375,4.625,4.875,5.125,5.375,5.625,5.875,6.125,6.375,6.625,6.875,7.125,7.375,7.625,7.875,8.125,8.375,8.625,8.875,9.125,9.375,9.625,9.875,10.125,10.375,10.625,10.875,11.125,11.375,11.625,11.875,12.125,12.375,12.625,12.875,13.125,13.375,13.625,13.875],"mean":[0.0465144958253871,0.05424256217629339,0.0638593492286494,0.06820445519387469,0.06406888021495283,0.053727909174472364,0.042022114769149944,0.03256609427238226,0.026371149253843512,0.022770399256656366,0.020783600965630634,0.01978350457659242,0.019425352838512377,0.01933198850368655,0.019037803482678303,0.018246995616367258,0.017051788741742503,0.015810170107191115,0.014795066343393186,0.01400480306675863,0.013299858044454953,0.0126217404932483,0.012029877325488797,0.011595309411861108,0.011319934685414973,0.011138036237800561,0.010960073537927939,0.01072096355044471,0.010386919540853596,0.009907239803734575,0.009207740532552328,0.008295130464174042,0.0073451297044990595,0.006614751069578082,0.00625041559535081,0.006202752483630322,0.006302262308951925,0.006370982136287646,0.006291387549695045,0.006047771519110118,0.005731058400787208,0.005482013011762854,0.005412495734871945,0.005563270006073249,0.0058896722767860675,0.006261467571171503,0.006510967985297484,0.006534213159802959,0.0063761936046189075,0.0062248054943163005,0.006296148604700994,0.006682070876200354,0.007279864495297641,0.007873242951749418,0.008304070957244645,0.00858031253109047,0.008823228442620049,0.009140208337867993,0.009576025886054176,0.01012797394983842,0.010706039915571503,0.011097896203002037],"std":[0.13471682668875032,0.14595070645194638,0.16018814032601053,0.16719760040440396,0.1619753716841183,0.14699705818380285,0.1286228117835557,0.1121781035328271,0.0998421633954125,0.09144951163526363,0.08612895740224191,0.0832634535656086,0.08237354681196529,0.082487756979281,0.08205733565882645,0.07978209130455924,0.07559482422437122,0.07069476430873235,0.06648388965319567,0.06352119593858634,0.061487148343934324,0.05989686994954035,0.05869095705623314,0.05823255532574893,0.058834035835155264,0.060307801699165706,0.06190056601519467,0.06262125459524731,0.06166657514812521,0.05866645979176057,0.05381746810765986,0.048078063576886175,0.04307827176810822,0.04027670800739739,0.03988951332315402,0.0408085471269243,0.04161053447242973,0.04143492159221813,0.040089212672471695,0.03789339790547649,0.03558913239706192,0.03408772934419356,0.03407175019762953,0.03573577532863829,0.03864250034181139,0.04170341722891961,0.04357393186533769,0.04349083229264467,0.04194749519691894,0.04050021505515504,0.04063006111902057,0.042563437383667344,0.04513976342311234,0.04686296088454093,0.04716556728442579,0.046760718376834036,0.0468470537139096,0.048095724040484455,0.05044299448543352,0.053482532040113315,0.05654035270590651,0.05854766539402001],"n_station_days":737,"lower":[-0.08820233086336321,-0.09170814427565299,-0.09632879109736113,-0.09899314521052927,-0.09790649146916547,-0.09326914900933048,-0.08660069701440576,-0.07961200926044484,-0.073471014141569,-0.06867911237860727,-0.06534535643661128,-0.06347994898901618,-0.06294819397345292,-0.06315576847559445,-0.06301953217614814,-0.06153509568819198,-0.05854303548262872,-0.05488459420154124,-0.051688823309802484,-0.04951639287182771,-0.04818729029947937,-0.047275129456292045,-0.04666107973074434,-0.04663724591388783,-0.04751410114974029,-0.049169765461365145,-0.05094049247726673,-0.0519002910448026,-0.051279655607271615,-0.048759219988025994,-0.04460972757510753,-0.03978293311271213,-0.035733142063609155,-0.03366195693781931,-0.033639097727803206,-0.034605794643293976,-0.03530827216347781,-0.03506393945593048,-0.033797825122776654,-0.03184562638636637,-0.029858073996274714,-0.028605716332430704,-0.028659254462757584,-0.03017250532256504,-0.03275282806502532,-0.035441949657748106,-0.037062963880040205,-0.03695661913284171,-0.035571301592300035,-0.034275409560838736,-0.03433391251431958,-0.03588136650746699,-0.0378598989278147,-0.03898971793279151,-0.03886149632718114,-0.038180405845743566,-0.03802382527128955,-0.03895551570261646,-0.04086696859937934,-0.04335455809027489,-0.04583431279033501,-0.047449769191017975],"upper":[0.18123132251413743,0.20019326862823977,0.22404748955465992,0.23540205559827865,0.22604425189907112,0.20072496735827522,0.17064492655270563,0.14474419780520936,0.126213312649256,0.11421991089191999,0.10691255836787254,0.10304695814220102,0.10179889965047767,0.10181974548296754,0.10109513914150475,0.09802908692092649,0.09264661296611372,0.08650493441592347,0.08127895599658885,0.07752599900534496,0.07478700638838928,0.07251861044278865,0.07072083438172194,0.06982786473761005,0.07015397052057024,0.07144583793696627,0.07286063955312261,0.07334221814569203,0.0720534946889788,0.06857369959549514,0.06302520864021219,0.05637319404106022,0.05042340147260728,0.04689145907697547,0.04613992891850483,0.04701129961055462,0.047912796781381654,0.04780590372850577,0.04638060022216674,0.043941169424586604,0.04132019079784913,0.039569742355956415,0.03948424593250147,0.041299045334711536,0.04453217261859745,0.04796488480009112,0.05008489985063517,0.05002504545244763,0.04832368880153785,0.04672502054947134,0.046926209723721565,0.0492455082598677,0.05241962791840998,0.05473620383629035,0.055469638241670435,0.055341030907924506,0.055670282156529645,0.05723593237835245,0.060019020371487694,0.06361050598995173,0.06724639262147801,0.06964556159702205]}