{"bin_centers_hours":[-1.375,-1.125,-0.875,-0.625,-0.375,-0.125,0.125,0.375,0.625,0.875,1.125,1.375,1.625,1.875,2.125,2.375,2.625,2.875,3.125,3.375,3.625,3.875,4.125,4.375,4.625,4.875,5.125,5.375,5.625,5.875,6.125,6.375,6.625,6.875,7.125,7.375,7.625,7.875,8.125,8.375,8.625,8.875,9.125,9.375,9.625,9.875,10.125,10.375,10.625,10.875,11.125,11.375,11.625,11.875,12.125,12.375,12.625,12.875,13.125,13.375,13.625,13.875],"mean":[0.05322985776719285,0.04899492038431936,0.04166518124377335,0.03299800131604277,0.024674439166025706,0.017821714772198627,0.01289037234219207,0.009787692259951327,0.00810930403368193,0.007357155898120431,0.007084708021493815,0.006969783332720055,0.0068460252298639225,0.0066944188778412335,0.00658023126063698,0.006569119199255235,0.006683863984518834,0.006907543083883354,0.007193689017358095,0.007475942883584829,0.007695154963804911,0.007827262284954669,0.007877369141377911,0.00785289020257681,0.0077604961494470125,0.0076306336964320105,0.007526847580913568,0.007518683949104367,0.007644676395710321,0.007893750860061421,0.008209761810878149,0.008519849091621104,0.008782492899745082,0.009019757841468301,0.009288975248930808,0.009611585068341484,0.00994486305656586,0.010239333590417479,0.010506070995049929,0.01080559189868763,0.01118181060612819,0.01162865234418489,0.012118465070208596,0.012647997092092947,0.013257384681457046,0.014009790490204083,0.014947687837948174,0.016060145033797227,0.01729035018984132,0.01857429275971496,0.019877371757041955,0.021216747734626576,0.022667215425941096,0.024333570626994178,0.026287533320531624,0.02850629241213974,0.030864590022964603,0.03320925136971567,0.03545240410415772,0.037541532324803895,0.03929544139470672,0.040341462600055895],"std":[0.1577838233729529,0.14908249271091553,0.13360423902846266,0.11447967392247765,0.09505534065501889,0.07807272678148772,0.06517808075545604,0.0567877091206915,0.05231010897236616,0.050583813489076576,0.05028345861901679,0.05024400087012447,0.04977283844142016,0.0487985876580658,0.04766812165775745,0.04678448840809034,0.0464304706013029,0.046766400788912414,0.04776942983612965,0.049149156928985485,0.050469791262450346,0.051423131811061396,0.051911256578374976,0.05188736969372664,0.05128967878613162,0.05022535062134174,0.04910889702030587,0.048486041666828,0.04870484931339195,0.049742558784403285,0.051265978580648144,0.05283734157794042,0.054168096297417825,0.05526783358747464,0.05632769668626387,0.05743050889116784,0.05843732192096405,0.059205221550422515,0.05982491644123803,0.060555409655502684,0.06156267137691127,0.06280467093253561,0.06416082201964979,0.06560978716120314,0.06729098543833427,0.06943278769495889,0.07218568469998372,0.0754690771032495,0.07900421987955568,0.08251992516574998,0.08590452760958049,0.0892088226346904,0.09258973185859634,0.09624708208483128,0.10034423681960801,0.10491745185350133,0.1098137619719225,0.11477999044928172,0.11966463938947262,0.12437239634236583,0.1284562660600392,0.13094537593891648],"n_station_days":8442,"lower":[-0.10455396560576005,-0.10008757232659618,-0.0919390577846893,-0.08148167260643488,-0.07038090148899317,-0.06025101200928909,-0.052287708413263974,-0.04700001686074017,-0.04420080493868423,-0.04322665759095615,-0.04319875059752298,-0.043274217537404416,-0.04292681321155623,-0.04210416878022457,-0.04108789039712048,-0.0402153692088351,-0.039746606616784065,-0.03985885770502906,-0.04057574081877155,-0.041673214045400656,-0.04277463629864543,-0.04359586952610672,-0.044033887436997064,-0.04403447949114983,-0.04352918263668461,-0.04259471692490972,-0.041582049439392296,-0.04096735771772363,-0.04106017291768163,-0.04184880792434186,-0.04305621676976999,-0.04431749248631932,-0.045385603397672745,-0.04624807574600634,-0.047038721437333064,-0.047818923822826355,-0.04849245886439819,-0.04896588796000503,-0.0493188454461881,-0.04974981775681506,-0.05038086077078308,-0.05117601858835072,-0.05204235694944119,-0.05296179006911019,-0.05403360075687722,-0.05542299720475481,-0.05723799686203555,-0.059408932069452275,-0.06171386968971436,-0.06394563240603501,-0.06602715585253854,-0.06799207490006383,-0.06992251643265525,-0.0719135114578371,-0.07405670349907639,-0.07641115944136159,-0.0789491719489579,-0.08157073907956605,-0.08421223528531491,-0.08683086401756193,-0.08916082466533248,-0.09060391333886059],"upper":[0.21101368114014576,0.19807741309523488,0.17526942027223602,0.14747767523852043,0.1197297798210446,0.09589444155368634,0.07806845309764812,0.06657540138064283,0.06041941300604809,0.057940969387197006,0.05736816664051061,0.05721378420284452,0.05661886367128408,0.05549300653590703,0.05424835291839443,0.053353607607345574,0.05311433458582173,0.05367394387279577,0.054963118853487744,0.056625099812570315,0.05816494622625526,0.05925039409601607,0.05978862571975289,0.05974025989630345,0.05905017493557864,0.05785598431777375,0.05663574460121944,0.05600472561593237,0.056349525709102274,0.05763630964446471,0.0594757403915263,0.06135719066956152,0.06295058919716291,0.06428759142894294,0.06561667193519467,0.06704209395950933,0.0683821849775299,0.06944455514084,0.07033098743628796,0.07136100155419031,0.07274448198303946,0.0744333232767205,0.07627928708985839,0.07825778425329609,0.08054837011979131,0.08344257818516297,0.0871333725379319,0.09152922213704673,0.096294570069397,0.10109421792546494,0.10578189936662244,0.11042557036931698,0.11525694728453743,0.12058065271182546,0.12663177014013963,0.13342374426564108,0.1406783519948871,0.1479892418189974,0.15511704349363034,0.16191392866716972,0.16775170745474594,0.17128683853897236]}