{"bin_centers_hours":[-1.375,-1.125,-0.875,-0.625,-0.375,-0.125,0.125,0.375,0.625,0.875,1.125,1.375,1.625,1.875,2.125,2.375,2.625,2.875,3.125,3.375,3.625,3.875,4.125,4.375,4.625,4.875,5.125,5.375,5.625,5.875,6.125,6.375,6.625,6.875,7.125,7.375,7.625,7.875,8.125,8.375,8.625,8.875,9.125,9.375,9.625,9.875,10.125,10.375,10.625,10.875,11.125,11.375,11.625,11.875,12.125,12.375,12.625,12.875,13.125,13.375,13.625,13.875],"mean":[0.056262345048159884,0.056581213628991635,0.05574717737519138,0.05219022816984003,0.0457128114153102,0.037741661609684736,0.030270955552587766,0.02460134976662302,0.0209039383441196,0.018625362617268944,0.017085487668737073,0.01581127828002322,0.014594583158902103,0.013420786486529909,0.012362514421329657,0.011482437091998565,0.010784533049302209,0.010226838311434195,0.009764224886528538,0.009367853587728327,0.009010929265444799,0.008660706245101834,0.008298248416405064,0.007938488494771514,0.007622634714370508,0.00739099705625855,0.007258520379110819,0.007208128416858913,0.0072071756969416464,0.007230928079754996,0.007268599348866905,0.007315734712451931,0.007374976355551311,0.007460761252749194,0.007588822846981908,0.007759188654139105,0.007953247446930064,0.008146095905595566,0.008324104091405026,0.008496327836276341,0.008686635663455143,0.00891307587891536,0.009179713526404685,0.009488174855129164,0.009848101976432924,0.010270672533969639,0.010756290470681319,0.01129349654241578,0.011870884439707538,0.012489945713364831,0.013164896711642603,0.013907558178534816,0.014714713606444548,0.015572557697149676,0.01646815505568696,0.017396523800540617,0.018371886069599604,0.019436074821824283,0.020622837889470082,0.02187319092117244,0.022979166092810057,0.02364325186839087],"std":[0.14373947263420145,0.14325012217333047,0.14007830100001295,0.13192788656143767,0.11872531917918407,0.1030744340253419,0.08851472587503967,0.07734673996867086,0.06984882154886068,0.064981007981948,0.061453501213022316,0.05834871746377158,0.05525929803634514,0.052185174187349255,0.04934605581564623,0.04698177041015023,0.045211482514339825,0.04399541617784529,0.04318401857815074,0.042572768715048594,0.04192034178181452,0.04099382706560301,0.039685731167563514,0.03811718505850006,0.03660617639643286,0.03549500072418579,0.03494389295702836,0.034846928508832,0.03496061693097199,0.035106948001124835,0.03522912694237468,0.03532918158085065,0.03545844904171547,0.035723911334476326,0.0361875663360562,0.03677901653934547,0.03736693917872515,0.03786987670769135,0.0382711514805456,0.03860541705550923,0.03895574644928309,0.03941150477016559,0.040021641119877466,0.04081781295668927,0.04185416959143269,0.04316906505503173,0.044707720871488214,0.046331743399702426,0.047947292188411934,0.04962105617679549,0.051531196416446885,0.05378528924353334,0.056310707973576374,0.058931292138376154,0.06150879691896917,0.06401380525271612,0.06655347618962777,0.06937192735784722,0.07269314417222147,0.07639458690053097,0.07979719465186047,0.08188256322819154],"n_station_days":13445,"lower":[-0.08747712758604156,-0.08666890854433884,-0.08433112362482156,-0.07973765839159763,-0.07301250776387386,-0.06533277241565716,-0.0582437703224519,-0.05274539020204784,-0.04894488320474108,-0.04635564536467906,-0.04436801354428524,-0.04253743918374836,-0.04066471487744304,-0.038764387700819344,-0.036983541394316574,-0.035499333318151666,-0.03442694946503762,-0.0337685778664111,-0.0334197936916222,-0.03320491512732027,-0.032909412516369724,-0.03233312082050118,-0.03138748275115845,-0.03017869656372854,-0.028983541682062356,-0.028104003667927244,-0.027685372577917537,-0.027638800091973083,-0.02775344123403034,-0.02787601992136984,-0.027960527593507773,-0.028013446868398722,-0.02808347268616416,-0.028263150081727133,-0.028598743489074294,-0.029019827885206365,-0.02941369173179508,-0.02972378080209578,-0.02994704738914057,-0.03010908921923289,-0.030269110785827946,-0.03049842889125023,-0.030841927593472783,-0.03132963810156011,-0.032006067614999766,-0.03289839252106209,-0.03395143040080689,-0.035038246857286647,-0.036076407748704395,-0.037131110463430664,-0.038366299704804284,-0.03987773106499852,-0.04159599436713182,-0.04335873444122648,-0.04504064186328221,-0.0466172814521755,-0.048181590120028164,-0.04993585253602294,-0.05207030628275139,-0.054521395979358525,-0.05681802855905041,-0.05823931135980067],"upper":[0.20000181768236133,0.1998313358023221,0.19582547837520434,0.1841181147312777,0.16443813059449428,0.14081609563502664,0.11878568142762744,0.10194808973529389,0.09075275989298029,0.08360637059921694,0.07853898888175939,0.0741599957437948,0.06985388119524724,0.06560596067387917,0.06170857023697589,0.0584642075021488,0.05599601556364203,0.05422225448927948,0.05294824346467928,0.05194062230277692,0.05093127104725932,0.049654533310704844,0.04798397958396858,0.04605567355327157,0.04422881111080337,0.04288599778044434,0.04220241333613917,0.042055056925690906,0.04216779262791363,0.042337876080879834,0.042497726291241586,0.04264491629330258,0.042833425397266776,0.04318467258722552,0.04377638918303811,0.04453820519348457,0.045320186625655214,0.04601597261328691,0.04659525557195063,0.04710174489178558,0.04764238211273823,0.04832458064908095,0.04920135464628215,0.050305987811818435,0.05170227156786562,0.05343973758900137,0.055464011342169536,0.057625239942118205,0.059818176628119474,0.06211100189016032,0.0646960931280895,0.06769284742206816,0.07102542158002093,0.07450384983552583,0.07797695197465612,0.08141032905325674,0.08492536225922738,0.08880800217967151,0.09331598206169156,0.09826777782170341,0.10277636074467053,0.1055258150965824]}