{"bin_centers_hours":[-1.375,-1.125,-0.875,-0.625,-0.375,-0.125,0.125,0.375,0.625,0.875,1.125,1.375,1.625,1.875,2.125,2.375,2.625,2.875,3.125,3.375,3.625,3.875,4.125,4.375,4.625,4.875,5.125,5.375,5.625,5.875,6.125,6.375,6.625,6.875,7.125,7.375,7.625,7.875,8.125,8.375,8.625,8.875,9.125,9.375,9.625,9.875,10.125,10.375,10.625,10.875,11.125,11.375,11.625,11.875,12.125,12.375,12.625,12.875,13.125,13.375,13.625,13.875],"mean":[0.04543955120768274,0.04269774929832825,0.037823687488206394,0.03184080908387233,0.025914606646328026,0.02105692435010467,0.017815014446258548,0.01610740488802659,0.01539818094343425,0.015100334963261587,0.01485651842794201,0.014536276375333128,0.014111073040444,0.013587904537103918,0.012999593731584002,0.012395376055553365,0.011838950559503595,0.011407484083775525,0.011149397973684907,0.011023283601997235,0.010912957630407415,0.010739741418101911,0.010542267798616545,0.010413553752603055,0.010374593652729662,0.010349780853515397,0.01026727984639861,0.010154108091603282,0.010116585987032033,0.010234700768285948,0.01048555314482939,0.01076731013778588,0.01097926938656712,0.011076238832668556,0.011078004008468735,0.011040020319043933,0.011000464973536225,0.01096413787193863,0.01095059658578225,0.011035513409170564,0.011321474523875302,0.011884859326365505,0.0127541104701374,0.013886300384271468,0.015141103720413468,0.016325693949732278,0.017305520158765235,0.018068913474218164,0.018682553369217134,0.019199034887453042,0.01961104940834334,0.01987202572292743,0.019929823245796435,0.01974094018760889,0.019301741811768157,0.018722046066091725,0.018259307016031314,0.018219884839585976,0.018771743912262814,0.019804767332181214,0.020937218100733918,0.021677087920709378],"std":[0.12752081061260173,0.11981296704774029,0.1066959161303082,0.09157188703141383,0.07759597126007114,0.0668860970580098,0.06016558908509986,0.05675261972055634,0.05513649165339234,0.05397080768115995,0.05267292755501273,0.05123319029319277,0.04976568615044521,0.048354649446544794,0.04709009115785948,0.04604610680252741,0.04525002355032298,0.04469559788953394,0.04433194454271418,0.04401701315482874,0.043556412175368195,0.04289918713475749,0.04228299952108558,0.0420431911959451,0.042199539861561636,0.04235204800788853,0.04213187393867814,0.04174427126405284,0.04191113697591116,0.04313995093578897,0.045063811512796474,0.04666247306658316,0.047204292390604516,0.04687064168600745,0.046414277771783814,0.04630225616484698,0.04629582168002055,0.04590548356780111,0.04513344241923824,0.04459496536339751,0.04495514113672524,0.0464588210723311,0.04898707339158982,0.05224048211671019,0.055732524095418276,0.05881825592648883,0.060955294446961454,0.06200763064773511,0.06231755367157083,0.06247173070214688,0.06296220580790492,0.06397227550556266,0.06529715107961927,0.06638871449651267,0.06668317242752095,0.06618574223688294,0.06577549874737902,0.06676349649117275,0.06997660577021844,0.07505000001898243,0.08038596985185777,0.08383110737033014],"n_station_days":924,"lower":[-0.08208125940491899,-0.07711521774941205,-0.0688722286421018,-0.059731077947541504,-0.05168136461374312,-0.045829172707905125,-0.042350574638841315,-0.04064521483252975,-0.03973831070995809,-0.03887047271789836,-0.037816409127070724,-0.03669691391785964,-0.035654613110001204,-0.03476674490944087,-0.034090497426275485,-0.03365073074697404,-0.033411072990819385,-0.03328811380575842,-0.03318254656902927,-0.0329937295528315,-0.03264345454496078,-0.03215944571665558,-0.03174073172246904,-0.031629637443342046,-0.03182494620883197,-0.03200226715437314,-0.031864594092279534,-0.03159016317244956,-0.03179455098887912,-0.03290525016750302,-0.03457825836796709,-0.035895162928797276,-0.0362250230040374,-0.035794402853338896,-0.03533627376331508,-0.03526223584580305,-0.03529535670648432,-0.03494134569586248,-0.03418284583345599,-0.033559451954226945,-0.03363366661284994,-0.034573961745965595,-0.03623296292145242,-0.03835418173243872,-0.04059142037500481,-0.04249256197675655,-0.04364977428819622,-0.043938717173516946,-0.0436350003023537,-0.04327269581469384,-0.04335115639956158,-0.04410024978263523,-0.04536732783382283,-0.04664777430890378,-0.04738143061575279,-0.047463696170791214,-0.047516191731347704,-0.04854361165158677,-0.05120486185795563,-0.05524523268680122,-0.05944875175112385,-0.06215401944962076],"upper":[0.17296036182028446,0.16251071634606853,0.1445196036185146,0.12341269611528616,0.10351057790639917,0.08794302140811447,0.07798060353135841,0.07286002460858293,0.0705346725968266,0.06907114264442153,0.06752944598295474,0.0657694666685259,0.06387675919088921,0.061942553983648715,0.06008968488944348,0.058441482858080776,0.05708897410982658,0.05610308197330947,0.055481342516399086,0.05504029675682598,0.05446936980577561,0.0536389285528594,0.05282526731970212,0.052456744948548156,0.0525741335142913,0.052701828861403927,0.05239915378507675,0.051898379355656124,0.052027722962943196,0.05337465170407492,0.05554936465762586,0.05742978320436904,0.058183561777171634,0.057946880518676004,0.05749228178025255,0.05734227648389092,0.05729628665355677,0.05686962143973974,0.056084039005020486,0.05563047877256807,0.05627661566060054,0.0583436803986966,0.06174118386172722,0.06612678250098165,0.07087362781583174,0.07514394987622111,0.07826081460572669,0.08007654412195328,0.08100010704078797,0.08167076558959992,0.08257325521624825,0.08384430122849008,0.0852269743254157,0.08612965468412155,0.08598491423928911,0.08490778830297466,0.08403480576341034,0.08498338133075872,0.08874834968248126,0.09485476735116365,0.10132318795259168,0.10550819529103952]}